,alipur,utc_time
0,56.0,2019-07-06 00:00:00
1,69.0,2019-07-06 01:00:00
2,69.0,2019-07-06 02:00:00
3,64.0,2019-07-06 03:00:00
4,56.0,2019-07-06 04:00:00
5,53.0,2019-07-06 05:00:00
6,53.0,2019-07-06 06:00:00
7,39.0,2019-07-06 07:00:00
8,38.0,2019-07-06 08:00:00
9,39.0,2019-07-06 09:00:00
10,34.0,2019-07-06 10:00:00
11,25.0,2019-07-06 11:00:00
12,25.0,2019-07-06 12:00:00
13,33.0,2019-07-06 13:00:00
14,33.0,2019-07-06 14:00:00
15,33.0,2019-07-06 15:00:00
16,33.0,2019-07-06 16:00:00
17,28.0,2019-07-06 17:00:00
18,33.0,2019-07-06 18:00:00
19,30.0,2019-07-06 19:00:00
20,36.0,2019-07-06 20:00:00
21,39.0,2019-07-06 21:00:00
22,39.0,2019-07-06 22:00:00
23,50.0,2019-07-06 23:00:00
24,59.0,2019-07-07 00:00:00
25,62.0,2019-07-07 01:00:00
26,47.0,2019-07-07 02:00:00
27,39.0,2019-07-07 03:00:00
28,42.0,2019-07-07 04:00:00
29,52.0,2019-07-07 05:00:00
30,52.0,2019-07-07 06:00:00
31,46.0,2019-07-07 07:00:00
32,48.0,2019-07-07 08:00:00
33,40.0,2019-07-07 09:00:00
34,40.0,2019-07-07 10:00:00
35,34.0,2019-07-07 11:00:00
36,30.0,2019-07-07 12:00:00
37,41.0,2019-07-07 13:00:00
38,42.0,2019-07-07 14:00:00
39,42.0,2019-07-07 15:00:00
40,47.0,2019-07-07 16:00:00
41,72.0,2019-07-07 17:00:00
42,90.0,2019-07-07 18:00:00
43,64.0,2019-07-07 19:00:00
44,61.0,2019-07-07 20:00:00
45,56.0,2019-07-07 21:00:00
46,44.0,2019-07-07 22:00:00
47,41.0,2019-07-07 23:00:00
48,40.0,2019-07-08 00:00:00
49,41.0,2019-07-08 01:00:00
50,50.0,2019-07-08 02:00:00
51,48.0,2019-07-08 03:00:00
52,59.0,2019-07-08 04:00:00
53,57.0,2019-07-08 05:00:00
54,57.0,2019-07-08 06:00:00
55,70.0,2019-07-08 07:00:00
56,75.0,2019-07-08 08:00:00
57,58.0,2019-07-08 09:00:00
58,58.0,2019-07-08 10:00:00
59,62.0,2019-07-08 11:00:00
60,35.0,2019-07-08 12:00:00
61,35.0,2019-07-08 13:00:00
62,53.0,2019-07-08 14:00:00
63,57.0,2019-07-08 15:00:00
64,50.0,2019-07-08 16:00:00
65,50.0,2019-07-08 17:00:00
66,69.0,2019-07-08 18:00:00
67,69.0,2019-07-08 19:00:00
68,58.0,2019-07-08 20:00:00
69,58.0,2019-07-08 21:00:00
70,51.0,2019-07-08 22:00:00
71,44.0,2019-07-08 23:00:00
72,34.0,2019-07-09 00:00:00
73,34.0,2019-07-09 01:00:00
74,39.0,2019-07-09 02:00:00
75,39.0,2019-07-09 03:00:00
76,38.0,2019-07-09 04:00:00
77,42.0,2019-07-09 05:00:00
78,50.0,2019-07-09 06:00:00
79,47.0,2019-07-09 07:00:00
80,48.0,2019-07-09 08:00:00
81,48.0,2019-07-09 09:00:00
82,56.0,2019-07-09 10:00:00
83,20.0,2019-07-09 11:00:00
84,25.0,2019-07-09 12:00:00
85,25.0,2019-07-09 13:00:00
86,22.0,2019-07-09 14:00:00
87,33.0,2019-07-09 15:00:00
88,52.0,2019-07-09 16:00:00
89,64.0,2019-07-09 17:00:00
90,91.0,2019-07-09 18:00:00
91,68.0,2019-07-09 19:00:00
92,68.0,2019-07-09 20:00:00
93,63.0,2019-07-09 21:00:00
1875,,2019-07-09 22:00:00
1876,,2019-07-09 23:00:00
1877,,2019-07-10 00:00:00
1878,,2019-07-10 01:00:00
1879,,2019-07-10 02:00:00
94,35.0,2019-07-10 03:00:00
95,62.0,2019-07-10 04:00:00
96,61.0,2019-07-10 05:00:00
97,55.0,2019-07-10 06:00:00
98,70.0,2019-07-10 07:00:00
99,78.0,2019-07-10 08:00:00
100,90.0,2019-07-10 09:00:00
101,95.0,2019-07-10 10:00:00
102,80.0,2019-07-10 11:00:00
103,83.0,2019-07-10 12:00:00
104,90.0,2019-07-10 13:00:00
105,90.0,2019-07-10 14:00:00
106,85.0,2019-07-10 15:00:00
107,96.0,2019-07-10 16:00:00
108,97.0,2019-07-10 17:00:00
109,95.0,2019-07-10 18:00:00
110,116.0,2019-07-10 19:00:00
111,103.0,2019-07-10 20:00:00
112,61.0,2019-07-10 21:00:00
113,63.0,2019-07-10 22:00:00
1880,,2019-07-10 23:00:00
114,51.0,2019-07-11 00:00:00
115,61.0,2019-07-11 01:00:00
116,55.0,2019-07-11 02:00:00
117,53.0,2019-07-11 03:00:00
118,52.0,2019-07-11 04:00:00
119,75.0,2019-07-11 05:00:00
120,103.0,2019-07-11 06:00:00
121,91.0,2019-07-11 07:00:00
122,101.0,2019-07-11 08:00:00
123,97.0,2019-07-11 09:00:00
124,102.0,2019-07-11 10:00:00
125,102.0,2019-07-11 11:00:00
126,72.0,2019-07-11 12:00:00
127,66.0,2019-07-11 13:00:00
128,56.0,2019-07-11 14:00:00
129,59.0,2019-07-11 15:00:00
130,59.0,2019-07-11 16:00:00
131,53.0,2019-07-11 17:00:00
132,56.0,2019-07-11 18:00:00
133,58.0,2019-07-11 19:00:00
134,42.0,2019-07-11 20:00:00
135,55.0,2019-07-11 21:00:00
136,90.0,2019-07-11 22:00:00
137,55.0,2019-07-11 23:00:00
138,66.0,2019-07-12 00:00:00
139,68.0,2019-07-12 01:00:00
140,68.0,2019-07-12 02:00:00
141,63.0,2019-07-12 03:00:00
142,77.0,2019-07-12 04:00:00
143,77.0,2019-07-12 05:00:00
144,128.0,2019-07-12 06:00:00
145,128.0,2019-07-12 07:00:00
146,145.0,2019-07-12 08:00:00
147,145.0,2019-07-12 09:00:00
148,85.0,2019-07-12 10:00:00
149,85.0,2019-07-12 11:00:00
1881,,2019-07-12 12:00:00
1882,,2019-07-12 13:00:00
150,86.0,2019-07-12 14:00:00
1883,,2019-07-12 15:00:00
1884,,2019-07-12 16:00:00
1885,,2019-07-12 17:00:00
1886,,2019-07-12 18:00:00
1887,,2019-07-12 19:00:00
1888,,2019-07-12 20:00:00
1889,,2019-07-12 21:00:00
1890,,2019-07-12 22:00:00
1891,,2019-07-12 23:00:00
1892,,2019-07-13 00:00:00
1893,,2019-07-13 01:00:00
1894,,2019-07-13 02:00:00
1895,,2019-07-13 03:00:00
1896,,2019-07-13 04:00:00
1897,,2019-07-13 05:00:00
1898,,2019-07-13 06:00:00
151,81.0,2019-07-13 07:00:00
152,81.0,2019-07-13 08:00:00
153,70.0,2019-07-13 09:00:00
154,74.0,2019-07-13 10:00:00
155,73.0,2019-07-13 11:00:00
156,62.0,2019-07-13 12:00:00
157,52.0,2019-07-13 13:00:00
158,45.0,2019-07-13 14:00:00
159,45.0,2019-07-13 15:00:00
160,40.0,2019-07-13 16:00:00
161,39.0,2019-07-13 17:00:00
162,40.0,2019-07-13 18:00:00
163,45.0,2019-07-13 19:00:00
164,31.0,2019-07-13 20:00:00
165,36.0,2019-07-13 21:00:00
166,38.0,2019-07-13 22:00:00
167,41.0,2019-07-13 23:00:00
168,48.0,2019-07-14 00:00:00
169,34.0,2019-07-14 01:00:00
170,47.0,2019-07-14 02:00:00
171,47.0,2019-07-14 03:00:00
172,77.0,2019-07-14 04:00:00
173,77.0,2019-07-14 05:00:00
174,38.0,2019-07-14 06:00:00
175,59.0,2019-07-14 07:00:00
176,51.0,2019-07-14 08:00:00
177,68.0,2019-07-14 09:00:00
178,63.0,2019-07-14 10:00:00
179,66.0,2019-07-14 11:00:00
180,58.0,2019-07-14 12:00:00
181,47.0,2019-07-14 13:00:00
182,45.0,2019-07-14 14:00:00
183,35.0,2019-07-14 15:00:00
184,27.0,2019-07-14 16:00:00
185,31.0,2019-07-14 17:00:00
186,35.0,2019-07-14 18:00:00
187,28.0,2019-07-14 19:00:00
188,17.0,2019-07-14 20:00:00
189,6.0,2019-07-14 21:00:00
190,23.0,2019-07-14 22:00:00
191,13.0,2019-07-14 23:00:00
192,19.0,2019-07-15 00:00:00
193,23.0,2019-07-15 01:00:00
194,31.0,2019-07-15 02:00:00
195,30.0,2019-07-15 03:00:00
196,22.0,2019-07-15 04:00:00
197,46.0,2019-07-15 05:00:00
198,52.0,2019-07-15 06:00:00
1899,,2019-07-15 07:00:00
1900,,2019-07-15 08:00:00
199,56.0,2019-07-15 09:00:00
200,30.0,2019-07-15 10:00:00
201,18.0,2019-07-15 11:00:00
202,11.0,2019-07-15 12:00:00
203,16.0,2019-07-15 13:00:00
204,39.0,2019-07-15 14:00:00
205,30.0,2019-07-15 15:00:00
206,33.0,2019-07-15 16:00:00
207,35.0,2019-07-15 17:00:00
208,35.0,2019-07-15 18:00:00
209,52.0,2019-07-15 19:00:00
210,29.0,2019-07-15 20:00:00
211,46.0,2019-07-15 21:00:00
212,39.0,2019-07-15 22:00:00
213,28.0,2019-07-15 23:00:00
214,33.0,2019-07-16 00:00:00
215,17.0,2019-07-16 01:00:00
216,16.0,2019-07-16 02:00:00
217,14.0,2019-07-16 03:00:00
218,16.0,2019-07-16 04:00:00
219,16.0,2019-07-16 05:00:00
220,25.0,2019-07-16 06:00:00
221,22.0,2019-07-16 07:00:00
222,19.0,2019-07-16 08:00:00
223,25.0,2019-07-16 09:00:00
224,20.0,2019-07-16 10:00:00
225,22.0,2019-07-16 11:00:00
226,17.0,2019-07-16 12:00:00
227,17.0,2019-07-16 13:00:00
228,19.0,2019-07-16 14:00:00
229,24.0,2019-07-16 15:00:00
230,25.0,2019-07-16 16:00:00
231,25.0,2019-07-16 17:00:00
232,29.0,2019-07-16 18:00:00
233,25.0,2019-07-16 19:00:00
234,39.0,2019-07-16 20:00:00
235,35.0,2019-07-16 21:00:00
236,30.0,2019-07-16 22:00:00
237,11.0,2019-07-16 23:00:00
238,16.0,2019-07-17 00:00:00
239,9.0,2019-07-17 01:00:00
240,6.0,2019-07-17 02:00:00
241,8.0,2019-07-17 03:00:00
242,11.0,2019-07-17 04:00:00
243,19.0,2019-07-17 05:00:00
244,18.0,2019-07-17 06:00:00
245,25.0,2019-07-17 07:00:00
246,41.0,2019-07-17 08:00:00
247,30.0,2019-07-17 09:00:00
248,25.0,2019-07-17 10:00:00
249,27.0,2019-07-17 11:00:00
250,19.0,2019-07-17 12:00:00
251,22.0,2019-07-17 13:00:00
252,31.0,2019-07-17 14:00:00
253,31.0,2019-07-17 15:00:00
254,40.0,2019-07-17 16:00:00
255,40.0,2019-07-17 17:00:00
256,61.0,2019-07-17 18:00:00
257,52.0,2019-07-17 19:00:00
258,66.0,2019-07-17 20:00:00
259,41.0,2019-07-17 21:00:00
260,22.0,2019-07-17 22:00:00
261,18.0,2019-07-17 23:00:00
262,14.0,2019-07-18 00:00:00
263,13.0,2019-07-18 01:00:00
264,20.0,2019-07-18 02:00:00
265,31.0,2019-07-18 03:00:00
266,28.0,2019-07-18 04:00:00
267,23.0,2019-07-18 05:00:00
268,24.0,2019-07-18 06:00:00
269,24.0,2019-07-18 07:00:00
270,24.0,2019-07-18 08:00:00
271,27.0,2019-07-18 09:00:00
272,38.0,2019-07-18 10:00:00
273,42.0,2019-07-18 11:00:00
274,34.0,2019-07-18 12:00:00
275,29.0,2019-07-18 13:00:00
276,35.0,2019-07-18 14:00:00
277,34.0,2019-07-18 15:00:00
278,33.0,2019-07-18 16:00:00
279,41.0,2019-07-18 17:00:00
280,42.0,2019-07-18 18:00:00
281,44.0,2019-07-18 19:00:00
282,48.0,2019-07-18 20:00:00
283,80.0,2019-07-18 21:00:00
284,77.0,2019-07-18 22:00:00
285,86.0,2019-07-18 23:00:00
286,79.0,2019-07-19 00:00:00
287,97.0,2019-07-19 01:00:00
288,101.0,2019-07-19 02:00:00
289,110.0,2019-07-19 03:00:00
290,107.0,2019-07-19 04:00:00
291,96.0,2019-07-19 05:00:00
292,80.0,2019-07-19 06:00:00
293,64.0,2019-07-19 07:00:00
294,67.0,2019-07-19 08:00:00
295,64.0,2019-07-19 09:00:00
1901,,2019-07-19 10:00:00
296,66.0,2019-07-19 11:00:00
297,73.0,2019-07-19 12:00:00
298,64.0,2019-07-19 13:00:00
299,55.0,2019-07-19 14:00:00
300,46.0,2019-07-19 15:00:00
301,47.0,2019-07-19 16:00:00
302,53.0,2019-07-19 17:00:00
303,56.0,2019-07-19 18:00:00
304,46.0,2019-07-19 19:00:00
305,46.0,2019-07-19 20:00:00
306,61.0,2019-07-19 21:00:00
307,64.0,2019-07-19 22:00:00
308,69.0,2019-07-19 23:00:00
309,63.0,2019-07-20 00:00:00
310,45.0,2019-07-20 01:00:00
311,64.0,2019-07-20 02:00:00
312,58.0,2019-07-20 03:00:00
313,55.0,2019-07-20 04:00:00
314,53.0,2019-07-20 05:00:00
315,30.0,2019-07-20 06:00:00
1902,,2019-07-20 07:00:00
1903,,2019-07-20 08:00:00
1904,,2019-07-20 09:00:00
1905,,2019-07-20 10:00:00
316,28.0,2019-07-20 11:00:00
317,28.0,2019-07-20 12:00:00
318,31.0,2019-07-20 13:00:00
319,39.0,2019-07-20 14:00:00
320,39.0,2019-07-20 15:00:00
321,40.0,2019-07-20 16:00:00
322,34.0,2019-07-20 17:00:00
1906,,2019-07-20 18:00:00
1907,,2019-07-20 19:00:00
1908,,2019-07-20 20:00:00
1909,,2019-07-20 21:00:00
1910,,2019-07-20 22:00:00
1911,,2019-07-20 23:00:00
323,57.0,2019-07-21 00:00:00
324,74.0,2019-07-21 01:00:00
325,99.0,2019-07-21 02:00:00
326,99.0,2019-07-21 03:00:00
327,99.0,2019-07-21 04:00:00
1912,,2019-07-21 05:00:00
1913,,2019-07-21 06:00:00
328,66.0,2019-07-21 07:00:00
329,51.0,2019-07-21 08:00:00
330,56.0,2019-07-21 09:00:00
331,30.0,2019-07-21 10:00:00
332,30.0,2019-07-21 11:00:00
333,31.0,2019-07-21 12:00:00
334,42.0,2019-07-21 13:00:00
335,42.0,2019-07-21 14:00:00
336,47.0,2019-07-21 15:00:00
337,47.0,2019-07-21 16:00:00
338,50.0,2019-07-21 17:00:00
339,48.0,2019-07-21 18:00:00
340,44.0,2019-07-21 19:00:00
341,56.0,2019-07-21 20:00:00
342,40.0,2019-07-21 21:00:00
343,40.0,2019-07-21 22:00:00
344,55.0,2019-07-21 23:00:00
345,53.0,2019-07-22 00:00:00
346,55.0,2019-07-22 01:00:00
347,55.0,2019-07-22 02:00:00
348,64.0,2019-07-22 03:00:00
349,72.0,2019-07-22 04:00:00
350,90.0,2019-07-22 05:00:00
351,95.0,2019-07-22 06:00:00
352,95.0,2019-07-22 07:00:00
353,75.0,2019-07-22 08:00:00
354,53.0,2019-07-22 09:00:00
355,33.0,2019-07-22 10:00:00
356,40.0,2019-07-22 11:00:00
357,44.0,2019-07-22 12:00:00
358,44.0,2019-07-22 13:00:00
359,44.0,2019-07-22 14:00:00
360,25.0,2019-07-22 15:00:00
361,25.0,2019-07-22 16:00:00
362,40.0,2019-07-22 17:00:00
363,40.0,2019-07-22 18:00:00
364,56.0,2019-07-22 19:00:00
365,51.0,2019-07-22 20:00:00
366,64.0,2019-07-22 21:00:00
367,58.0,2019-07-22 22:00:00
368,62.0,2019-07-22 23:00:00
369,56.0,2019-07-23 00:00:00
370,47.0,2019-07-23 01:00:00
371,53.0,2019-07-23 02:00:00
372,53.0,2019-07-23 03:00:00
373,67.0,2019-07-23 04:00:00
374,57.0,2019-07-23 05:00:00
375,45.0,2019-07-23 06:00:00
376,47.0,2019-07-23 07:00:00
377,31.0,2019-07-23 08:00:00
378,45.0,2019-07-23 09:00:00
379,46.0,2019-07-23 10:00:00
380,31.0,2019-07-23 11:00:00
381,31.0,2019-07-23 12:00:00
382,36.0,2019-07-23 13:00:00
383,38.0,2019-07-23 14:00:00
384,46.0,2019-07-23 15:00:00
385,63.0,2019-07-23 16:00:00
386,79.0,2019-07-23 17:00:00
387,74.0,2019-07-23 18:00:00
388,96.0,2019-07-23 19:00:00
389,86.0,2019-07-23 20:00:00
390,129.0,2019-07-23 21:00:00
391,158.0,2019-07-23 22:00:00
392,121.0,2019-07-23 23:00:00
393,113.0,2019-07-24 00:00:00
394,57.0,2019-07-24 01:00:00
395,20.0,2019-07-24 02:00:00
396,33.0,2019-07-24 03:00:00
397,40.0,2019-07-24 04:00:00
398,59.0,2019-07-24 05:00:00
399,77.0,2019-07-24 06:00:00
400,84.0,2019-07-24 07:00:00
401,83.0,2019-07-24 08:00:00
402,73.0,2019-07-24 09:00:00
403,59.0,2019-07-24 10:00:00
404,46.0,2019-07-24 11:00:00
405,38.0,2019-07-24 12:00:00
406,52.0,2019-07-24 13:00:00
407,30.0,2019-07-24 14:00:00
408,22.0,2019-07-24 15:00:00
409,20.0,2019-07-24 16:00:00
410,22.0,2019-07-24 17:00:00
411,18.0,2019-07-24 18:00:00
412,12.0,2019-07-24 19:00:00
413,7.0,2019-07-24 20:00:00
414,5.0,2019-07-24 21:00:00
1914,,2019-07-24 22:00:00
1915,,2019-07-24 23:00:00
1916,,2019-07-25 00:00:00
1917,,2019-07-25 01:00:00
1918,,2019-07-25 02:00:00
1919,,2019-07-25 03:00:00
1920,,2019-07-25 04:00:00
415,22.0,2019-07-25 05:00:00
416,22.0,2019-07-25 06:00:00
417,33.0,2019-07-25 07:00:00
418,3.0,2019-07-25 08:00:00
419,8.0,2019-07-25 09:00:00
420,13.0,2019-07-25 10:00:00
421,18.0,2019-07-25 11:00:00
422,17.0,2019-07-25 12:00:00
423,23.0,2019-07-25 13:00:00
424,23.0,2019-07-25 14:00:00
425,17.0,2019-07-25 15:00:00
426,17.0,2019-07-25 16:00:00
427,25.0,2019-07-25 17:00:00
428,27.0,2019-07-25 18:00:00
429,30.0,2019-07-25 19:00:00
430,34.0,2019-07-25 20:00:00
431,56.0,2019-07-25 21:00:00
432,69.0,2019-07-25 22:00:00
433,46.0,2019-07-25 23:00:00
434,57.0,2019-07-26 00:00:00
435,48.0,2019-07-26 01:00:00
436,46.0,2019-07-26 02:00:00
437,55.0,2019-07-26 03:00:00
438,47.0,2019-07-26 04:00:00
439,51.0,2019-07-26 05:00:00
440,45.0,2019-07-26 06:00:00
441,42.0,2019-07-26 07:00:00
442,44.0,2019-07-26 08:00:00
443,29.0,2019-07-26 09:00:00
444,7.0,2019-07-26 10:00:00
445,8.0,2019-07-26 11:00:00
446,9.0,2019-07-26 12:00:00
447,13.0,2019-07-26 13:00:00
448,16.0,2019-07-26 14:00:00
449,7.0,2019-07-26 15:00:00
450,17.0,2019-07-26 16:00:00
451,23.0,2019-07-26 17:00:00
452,17.0,2019-07-26 18:00:00
453,22.0,2019-07-26 19:00:00
454,16.0,2019-07-26 20:00:00
455,20.0,2019-07-26 21:00:00
456,19.0,2019-07-26 22:00:00
457,22.0,2019-07-26 23:00:00
458,25.0,2019-07-27 00:00:00
459,22.0,2019-07-27 01:00:00
460,25.0,2019-07-27 02:00:00
461,23.0,2019-07-27 03:00:00
462,31.0,2019-07-27 04:00:00
463,34.0,2019-07-27 05:00:00
464,29.0,2019-07-27 06:00:00
465,34.0,2019-07-27 07:00:00
466,20.0,2019-07-27 08:00:00
467,19.0,2019-07-27 09:00:00
468,19.0,2019-07-27 10:00:00
469,23.0,2019-07-27 11:00:00
470,13.0,2019-07-27 12:00:00
471,36.0,2019-07-27 13:00:00
472,30.0,2019-07-27 14:00:00
473,25.0,2019-07-27 15:00:00
474,36.0,2019-07-27 16:00:00
475,34.0,2019-07-27 17:00:00
476,24.0,2019-07-27 18:00:00
477,28.0,2019-07-27 19:00:00
478,20.0,2019-07-27 20:00:00
479,25.0,2019-07-27 21:00:00
480,22.0,2019-07-27 22:00:00
481,18.0,2019-07-27 23:00:00
482,13.0,2019-07-28 00:00:00
483,17.0,2019-07-28 01:00:00
484,24.0,2019-07-28 02:00:00
485,24.0,2019-07-28 03:00:00
486,23.0,2019-07-28 04:00:00
487,25.0,2019-07-28 05:00:00
488,28.0,2019-07-28 06:00:00
489,23.0,2019-07-28 07:00:00
490,16.0,2019-07-28 08:00:00
491,23.0,2019-07-28 09:00:00
492,19.0,2019-07-28 10:00:00
493,13.0,2019-07-28 11:00:00
494,13.0,2019-07-28 12:00:00
495,14.0,2019-07-28 13:00:00
496,11.0,2019-07-28 14:00:00
497,19.0,2019-07-28 15:00:00
498,23.0,2019-07-28 16:00:00
499,35.0,2019-07-28 17:00:00
500,40.0,2019-07-28 18:00:00
501,27.0,2019-07-28 19:00:00
502,20.0,2019-07-28 20:00:00
503,25.0,2019-07-28 21:00:00
504,20.0,2019-07-28 22:00:00
505,18.0,2019-07-28 23:00:00
506,23.0,2019-07-29 00:00:00
507,23.0,2019-07-29 01:00:00
508,16.0,2019-07-29 02:00:00
509,18.0,2019-07-29 03:00:00
510,16.0,2019-07-29 04:00:00
511,20.0,2019-07-29 05:00:00
512,29.0,2019-07-29 06:00:00
513,25.0,2019-07-29 07:00:00
514,17.0,2019-07-29 08:00:00
515,16.0,2019-07-29 09:00:00
516,13.0,2019-07-29 10:00:00
517,17.0,2019-07-29 11:00:00
1921,,2019-07-29 12:00:00
518,6.0,2019-07-29 13:00:00
519,22.0,2019-07-29 14:00:00
520,19.0,2019-07-29 15:00:00
521,27.0,2019-07-29 16:00:00
522,30.0,2019-07-29 17:00:00
523,36.0,2019-07-29 18:00:00
524,36.0,2019-07-29 19:00:00
525,34.0,2019-07-29 20:00:00
526,38.0,2019-07-29 21:00:00
527,36.0,2019-07-29 22:00:00
528,29.0,2019-07-29 23:00:00
529,34.0,2019-07-30 00:00:00
530,31.0,2019-07-30 01:00:00
531,39.0,2019-07-30 02:00:00
532,30.0,2019-07-30 03:00:00
533,18.0,2019-07-30 04:00:00
534,17.0,2019-07-30 05:00:00
535,12.0,2019-07-30 06:00:00
536,17.0,2019-07-30 07:00:00
537,11.0,2019-07-30 08:00:00
538,16.0,2019-07-30 09:00:00
539,12.0,2019-07-30 10:00:00
540,11.0,2019-07-30 11:00:00
541,13.0,2019-07-30 12:00:00
542,14.0,2019-07-30 13:00:00
543,20.0,2019-07-30 14:00:00
544,24.0,2019-07-30 15:00:00
545,31.0,2019-07-30 16:00:00
546,25.0,2019-07-30 17:00:00
547,34.0,2019-07-30 18:00:00
548,29.0,2019-07-30 19:00:00
549,30.0,2019-07-30 20:00:00
550,28.0,2019-07-30 21:00:00
551,27.0,2019-07-30 22:00:00
552,25.0,2019-07-30 23:00:00
553,25.0,2019-07-31 00:00:00
554,17.0,2019-07-31 01:00:00
555,22.0,2019-07-31 02:00:00
556,30.0,2019-07-31 03:00:00
557,35.0,2019-07-31 04:00:00
558,27.0,2019-07-31 05:00:00
559,34.0,2019-07-31 06:00:00
560,28.0,2019-07-31 07:00:00
561,20.0,2019-07-31 08:00:00
562,20.0,2019-07-31 09:00:00
563,22.0,2019-07-31 10:00:00
564,23.0,2019-07-31 11:00:00
565,23.0,2019-07-31 12:00:00
566,22.0,2019-07-31 13:00:00
567,22.0,2019-07-31 14:00:00
568,28.0,2019-07-31 15:00:00
569,34.0,2019-07-31 16:00:00
570,41.0,2019-07-31 17:00:00
571,41.0,2019-07-31 18:00:00
572,39.0,2019-07-31 19:00:00
573,30.0,2019-07-31 20:00:00
574,38.0,2019-07-31 21:00:00
575,28.0,2019-07-31 22:00:00
576,36.0,2019-07-31 23:00:00
577,38.0,2019-08-01 00:00:00
1922,,2019-08-01 01:00:00
1923,,2019-08-01 02:00:00
1924,,2019-08-01 03:00:00
1925,,2019-08-01 04:00:00
1926,,2019-08-01 05:00:00
1927,,2019-08-01 06:00:00
1928,,2019-08-01 07:00:00
1929,,2019-08-01 08:00:00
1930,,2019-08-01 09:00:00
1931,,2019-08-01 10:00:00
1932,,2019-08-01 11:00:00
1933,,2019-08-01 12:00:00
1934,,2019-08-01 13:00:00
1935,,2019-08-01 14:00:00
1936,,2019-08-01 15:00:00
1937,,2019-08-01 16:00:00
1938,,2019-08-01 17:00:00
1939,,2019-08-01 18:00:00
1940,,2019-08-01 19:00:00
1941,,2019-08-01 20:00:00
1942,,2019-08-01 21:00:00
1943,,2019-08-01 22:00:00
1944,,2019-08-01 23:00:00
1945,,2019-08-02 00:00:00
1946,,2019-08-02 01:00:00
1947,,2019-08-02 02:00:00
1948,,2019-08-02 03:00:00
1949,,2019-08-02 04:00:00
1950,,2019-08-02 05:00:00
578,38.0,2019-08-02 06:00:00
579,39.0,2019-08-02 07:00:00
580,19.0,2019-08-02 08:00:00
581,22.0,2019-08-02 09:00:00
582,12.0,2019-08-02 10:00:00
583,11.0,2019-08-02 11:00:00
584,16.0,2019-08-02 12:00:00
585,12.0,2019-08-02 13:00:00
586,13.0,2019-08-02 14:00:00
587,19.0,2019-08-02 15:00:00
588,24.0,2019-08-02 16:00:00
589,24.0,2019-08-02 17:00:00
1951,,2019-08-02 18:00:00
590,22.0,2019-08-02 19:00:00
1952,,2019-08-02 20:00:00
591,25.0,2019-08-02 21:00:00
592,31.0,2019-08-02 22:00:00
1953,,2019-08-02 23:00:00
593,31.0,2019-08-03 00:00:00
594,28.0,2019-08-03 01:00:00
1954,,2019-08-03 02:00:00
1955,,2019-08-03 03:00:00
595,28.0,2019-08-03 04:00:00
596,40.0,2019-08-03 05:00:00
597,42.0,2019-08-03 06:00:00
598,27.0,2019-08-03 07:00:00
599,24.0,2019-08-03 08:00:00
600,18.0,2019-08-03 09:00:00
601,20.0,2019-08-03 10:00:00
602,17.0,2019-08-03 11:00:00
603,16.0,2019-08-03 12:00:00
604,22.0,2019-08-03 13:00:00
605,24.0,2019-08-03 14:00:00
606,25.0,2019-08-03 15:00:00
607,31.0,2019-08-03 16:00:00
608,39.0,2019-08-03 17:00:00
609,41.0,2019-08-03 18:00:00
610,28.0,2019-08-03 19:00:00
611,33.0,2019-08-03 20:00:00
612,36.0,2019-08-03 21:00:00
613,36.0,2019-08-03 22:00:00
614,42.0,2019-08-03 23:00:00
615,33.0,2019-08-04 00:00:00
616,35.0,2019-08-04 01:00:00
617,33.0,2019-08-04 02:00:00
618,36.0,2019-08-04 03:00:00
619,35.0,2019-08-04 04:00:00
620,44.0,2019-08-04 05:00:00
621,34.0,2019-08-04 06:00:00
622,31.0,2019-08-04 07:00:00
623,33.0,2019-08-04 08:00:00
624,33.0,2019-08-04 09:00:00
625,29.0,2019-08-04 10:00:00
626,22.0,2019-08-04 11:00:00
627,22.0,2019-08-04 12:00:00
1956,,2019-08-04 13:00:00
1957,,2019-08-04 14:00:00
1958,,2019-08-04 15:00:00
1959,,2019-08-04 16:00:00
1960,,2019-08-04 17:00:00
1961,,2019-08-04 18:00:00
1962,,2019-08-04 19:00:00
628,52.0,2019-08-04 20:00:00
1963,,2019-08-04 21:00:00
1964,,2019-08-04 22:00:00
629,57.0,2019-08-04 23:00:00
630,57.0,2019-08-05 00:00:00
631,57.0,2019-08-05 01:00:00
632,66.0,2019-08-05 02:00:00
633,79.0,2019-08-05 03:00:00
634,79.0,2019-08-05 04:00:00
635,79.0,2019-08-05 05:00:00
636,48.0,2019-08-05 06:00:00
637,69.0,2019-08-05 07:00:00
638,69.0,2019-08-05 08:00:00
639,57.0,2019-08-05 09:00:00
640,24.0,2019-08-05 10:00:00
641,41.0,2019-08-05 11:00:00
642,20.0,2019-08-05 12:00:00
643,56.0,2019-08-05 13:00:00
644,40.0,2019-08-05 14:00:00
645,48.0,2019-08-05 15:00:00
646,48.0,2019-08-05 16:00:00
647,64.0,2019-08-05 17:00:00
648,68.0,2019-08-05 18:00:00
649,63.0,2019-08-05 19:00:00
650,55.0,2019-08-05 20:00:00
651,55.0,2019-08-05 21:00:00
652,51.0,2019-08-05 22:00:00
653,56.0,2019-08-05 23:00:00
654,67.0,2019-08-06 00:00:00
655,68.0,2019-08-06 01:00:00
656,62.0,2019-08-06 02:00:00
1965,,2019-08-06 03:00:00
1966,,2019-08-06 04:00:00
1967,,2019-08-06 05:00:00
1968,,2019-08-06 06:00:00
1969,,2019-08-06 07:00:00
1970,,2019-08-06 08:00:00
1971,,2019-08-06 09:00:00
1972,,2019-08-06 10:00:00
1973,,2019-08-06 11:00:00
1974,,2019-08-06 12:00:00
1975,,2019-08-06 13:00:00
1976,,2019-08-06 14:00:00
657,19.0,2019-08-06 15:00:00
658,19.0,2019-08-06 16:00:00
659,22.0,2019-08-06 17:00:00
660,22.0,2019-08-06 18:00:00
661,39.0,2019-08-06 19:00:00
662,29.0,2019-08-06 20:00:00
1977,,2019-08-06 21:00:00
1978,,2019-08-06 22:00:00
1979,,2019-08-06 23:00:00
1980,,2019-08-07 00:00:00
1981,,2019-08-07 01:00:00
1982,,2019-08-07 02:00:00
1983,,2019-08-07 03:00:00
1984,,2019-08-07 04:00:00
1985,,2019-08-07 05:00:00
1986,,2019-08-07 06:00:00
1987,,2019-08-07 07:00:00
1988,,2019-08-07 08:00:00
663,12.0,2019-08-07 09:00:00
664,12.0,2019-08-07 10:00:00
665,7.0,2019-08-07 11:00:00
666,5.0,2019-08-07 12:00:00
667,9.0,2019-08-07 13:00:00
668,22.0,2019-08-07 14:00:00
669,13.0,2019-08-07 15:00:00
670,27.0,2019-08-07 16:00:00
671,25.0,2019-08-07 17:00:00
672,23.0,2019-08-07 18:00:00
673,24.0,2019-08-07 19:00:00
674,27.0,2019-08-07 20:00:00
675,23.0,2019-08-07 21:00:00
676,24.0,2019-08-07 22:00:00
677,20.0,2019-08-07 23:00:00
678,23.0,2019-08-08 00:00:00
679,29.0,2019-08-08 01:00:00
680,34.0,2019-08-08 02:00:00
681,31.0,2019-08-08 03:00:00
682,22.0,2019-08-08 04:00:00
683,35.0,2019-08-08 05:00:00
684,19.0,2019-08-08 06:00:00
685,14.0,2019-08-08 07:00:00
686,14.0,2019-08-08 08:00:00
687,19.0,2019-08-08 09:00:00
688,18.0,2019-08-08 10:00:00
689,14.0,2019-08-08 11:00:00
690,16.0,2019-08-08 12:00:00
691,17.0,2019-08-08 13:00:00
692,18.0,2019-08-08 14:00:00
693,23.0,2019-08-08 15:00:00
694,27.0,2019-08-08 16:00:00
695,29.0,2019-08-08 17:00:00
696,28.0,2019-08-08 18:00:00
697,22.0,2019-08-08 19:00:00
698,17.0,2019-08-08 20:00:00
699,11.0,2019-08-08 21:00:00
700,8.0,2019-08-08 22:00:00
701,9.0,2019-08-08 23:00:00
702,7.0,2019-08-09 00:00:00
703,11.0,2019-08-09 01:00:00
704,12.0,2019-08-09 02:00:00
705,8.0,2019-08-09 03:00:00
706,5.0,2019-08-09 04:00:00
707,12.0,2019-08-09 05:00:00
708,7.0,2019-08-09 06:00:00
709,7.0,2019-08-09 07:00:00
1989,,2019-08-09 08:00:00
710,9.0,2019-08-09 09:00:00
711,11.0,2019-08-09 10:00:00
712,9.0,2019-08-09 11:00:00
713,6.0,2019-08-09 12:00:00
714,9.0,2019-08-09 13:00:00
715,14.0,2019-08-09 14:00:00
716,16.0,2019-08-09 15:00:00
717,11.0,2019-08-09 16:00:00
718,11.0,2019-08-09 17:00:00
719,8.0,2019-08-09 18:00:00
720,13.0,2019-08-09 19:00:00
721,11.0,2019-08-09 20:00:00
722,14.0,2019-08-09 21:00:00
723,17.0,2019-08-09 22:00:00
724,14.0,2019-08-09 23:00:00
725,20.0,2019-08-10 00:00:00
726,20.0,2019-08-10 01:00:00
727,12.0,2019-08-10 02:00:00
728,23.0,2019-08-10 03:00:00
729,23.0,2019-08-10 04:00:00
730,20.0,2019-08-10 05:00:00
731,16.0,2019-08-10 06:00:00
732,18.0,2019-08-10 07:00:00
733,18.0,2019-08-10 08:00:00
734,17.0,2019-08-10 09:00:00
735,19.0,2019-08-10 10:00:00
736,24.0,2019-08-10 11:00:00
737,11.0,2019-08-10 12:00:00
738,16.0,2019-08-10 13:00:00
739,20.0,2019-08-10 14:00:00
740,31.0,2019-08-10 15:00:00
741,34.0,2019-08-10 16:00:00
742,33.0,2019-08-10 17:00:00
743,33.0,2019-08-10 18:00:00
744,31.0,2019-08-10 19:00:00
745,41.0,2019-08-10 20:00:00
746,36.0,2019-08-10 21:00:00
747,34.0,2019-08-10 22:00:00
748,27.0,2019-08-10 23:00:00
749,30.0,2019-08-11 00:00:00
750,34.0,2019-08-11 01:00:00
751,53.0,2019-08-11 02:00:00
752,44.0,2019-08-11 03:00:00
753,29.0,2019-08-11 04:00:00
754,29.0,2019-08-11 05:00:00
1990,,2019-08-11 06:00:00
755,24.0,2019-08-11 07:00:00
756,28.0,2019-08-11 08:00:00
757,28.0,2019-08-11 09:00:00
758,34.0,2019-08-11 10:00:00
759,30.0,2019-08-11 11:00:00
1991,,2019-08-11 12:00:00
1992,,2019-08-11 13:00:00
760,14.0,2019-08-11 14:00:00
761,14.0,2019-08-11 15:00:00
762,27.0,2019-08-11 16:00:00
763,29.0,2019-08-11 17:00:00
764,20.0,2019-08-11 18:00:00
765,24.0,2019-08-11 19:00:00
766,17.0,2019-08-11 20:00:00
767,18.0,2019-08-11 21:00:00
768,20.0,2019-08-11 22:00:00
769,23.0,2019-08-11 23:00:00
770,18.0,2019-08-12 00:00:00
771,17.0,2019-08-12 01:00:00
772,20.0,2019-08-12 02:00:00
773,22.0,2019-08-12 03:00:00
774,22.0,2019-08-12 04:00:00
775,24.0,2019-08-12 05:00:00
776,27.0,2019-08-12 06:00:00
777,34.0,2019-08-12 07:00:00
778,27.0,2019-08-12 08:00:00
779,27.0,2019-08-12 09:00:00
1993,,2019-08-12 10:00:00
1994,,2019-08-12 11:00:00
1995,,2019-08-12 12:00:00
1996,,2019-08-12 13:00:00
780,22.0,2019-08-12 14:00:00
781,22.0,2019-08-12 15:00:00
782,39.0,2019-08-12 16:00:00
783,41.0,2019-08-12 17:00:00
784,13.0,2019-08-12 18:00:00
785,17.0,2019-08-12 19:00:00
786,27.0,2019-08-12 20:00:00
787,22.0,2019-08-12 21:00:00
788,22.0,2019-08-12 22:00:00
789,23.0,2019-08-12 23:00:00
790,28.0,2019-08-13 00:00:00
791,19.0,2019-08-13 01:00:00
792,18.0,2019-08-13 02:00:00
793,22.0,2019-08-13 03:00:00
794,25.0,2019-08-13 04:00:00
795,19.0,2019-08-13 05:00:00
796,22.0,2019-08-13 06:00:00
797,19.0,2019-08-13 07:00:00
798,22.0,2019-08-13 08:00:00
799,30.0,2019-08-13 09:00:00
800,7.0,2019-08-13 10:00:00
801,18.0,2019-08-13 11:00:00
802,24.0,2019-08-13 12:00:00
803,25.0,2019-08-13 13:00:00
804,28.0,2019-08-13 14:00:00
805,31.0,2019-08-13 15:00:00
806,40.0,2019-08-13 16:00:00
807,22.0,2019-08-13 17:00:00
808,22.0,2019-08-13 18:00:00
809,20.0,2019-08-13 19:00:00
810,24.0,2019-08-13 20:00:00
811,27.0,2019-08-13 21:00:00
812,24.0,2019-08-13 22:00:00
813,9.0,2019-08-13 23:00:00
814,12.0,2019-08-14 00:00:00
815,11.0,2019-08-14 01:00:00
816,18.0,2019-08-14 02:00:00
817,18.0,2019-08-14 03:00:00
818,19.0,2019-08-14 04:00:00
819,29.0,2019-08-14 05:00:00
820,35.0,2019-08-14 06:00:00
821,44.0,2019-08-14 07:00:00
822,38.0,2019-08-14 08:00:00
823,38.0,2019-08-14 09:00:00
824,22.0,2019-08-14 10:00:00
825,19.0,2019-08-14 11:00:00
826,30.0,2019-08-14 12:00:00
827,40.0,2019-08-14 13:00:00
828,36.0,2019-08-14 14:00:00
829,19.0,2019-08-14 15:00:00
830,13.0,2019-08-14 16:00:00
831,28.0,2019-08-14 17:00:00
832,41.0,2019-08-14 18:00:00
833,45.0,2019-08-14 19:00:00
834,44.0,2019-08-14 20:00:00
835,40.0,2019-08-14 21:00:00
836,40.0,2019-08-14 22:00:00
837,34.0,2019-08-14 23:00:00
838,36.0,2019-08-15 00:00:00
839,17.0,2019-08-15 01:00:00
840,3.0,2019-08-15 02:00:00
841,6.0,2019-08-15 03:00:00
842,17.0,2019-08-15 04:00:00
843,9.0,2019-08-15 05:00:00
844,11.0,2019-08-15 06:00:00
845,14.0,2019-08-15 07:00:00
846,13.0,2019-08-15 08:00:00
847,12.0,2019-08-15 09:00:00
848,12.0,2019-08-15 10:00:00
849,16.0,2019-08-15 11:00:00
850,14.0,2019-08-15 12:00:00
851,16.0,2019-08-15 13:00:00
852,13.0,2019-08-15 14:00:00
853,14.0,2019-08-15 15:00:00
854,24.0,2019-08-15 16:00:00
855,20.0,2019-08-15 17:00:00
856,12.0,2019-08-15 18:00:00
857,18.0,2019-08-15 19:00:00
858,17.0,2019-08-15 20:00:00
859,8.0,2019-08-15 21:00:00
860,8.0,2019-08-15 22:00:00
861,17.0,2019-08-15 23:00:00
862,17.0,2019-08-16 00:00:00
863,17.0,2019-08-16 01:00:00
864,19.0,2019-08-16 02:00:00
865,19.0,2019-08-16 03:00:00
1997,,2019-08-16 04:00:00
1998,,2019-08-16 05:00:00
866,8.0,2019-08-16 06:00:00
867,8.0,2019-08-16 07:00:00
1999,,2019-08-16 08:00:00
2000,,2019-08-16 09:00:00
2001,,2019-08-16 10:00:00
2002,,2019-08-16 11:00:00
2003,,2019-08-16 12:00:00
2004,,2019-08-16 13:00:00
2005,,2019-08-16 14:00:00
2006,,2019-08-16 15:00:00
2007,,2019-08-16 16:00:00
2008,,2019-08-16 17:00:00
2009,,2019-08-16 18:00:00
2010,,2019-08-16 19:00:00
2011,,2019-08-16 20:00:00
2012,,2019-08-16 21:00:00
2013,,2019-08-16 22:00:00
2014,,2019-08-16 23:00:00
2015,,2019-08-17 00:00:00
2016,,2019-08-17 01:00:00
2017,,2019-08-17 02:00:00
868,11.0,2019-08-17 03:00:00
869,11.0,2019-08-17 04:00:00
870,9.0,2019-08-17 05:00:00
871,16.0,2019-08-17 06:00:00
872,12.0,2019-08-17 07:00:00
873,13.0,2019-08-17 08:00:00
874,16.0,2019-08-17 09:00:00
875,13.0,2019-08-17 10:00:00
876,14.0,2019-08-17 11:00:00
877,9.0,2019-08-17 12:00:00
878,6.0,2019-08-17 13:00:00
879,16.0,2019-08-17 14:00:00
880,11.0,2019-08-17 15:00:00
881,12.0,2019-08-17 16:00:00
882,12.0,2019-08-17 17:00:00
883,7.0,2019-08-17 18:00:00
884,11.0,2019-08-17 19:00:00
885,11.0,2019-08-17 20:00:00
886,8.0,2019-08-17 21:00:00
887,13.0,2019-08-17 22:00:00
888,27.0,2019-08-17 23:00:00
889,8.0,2019-08-18 00:00:00
890,11.0,2019-08-18 01:00:00
2018,,2019-08-18 02:00:00
891,13.0,2019-08-18 03:00:00
2019,,2019-08-18 04:00:00
2020,,2019-08-18 05:00:00
2021,,2019-08-18 06:00:00
2022,,2019-08-18 07:00:00
2023,,2019-08-18 08:00:00
2024,,2019-08-18 09:00:00
2025,,2019-08-18 10:00:00
2026,,2019-08-18 11:00:00
892,17.0,2019-08-18 12:00:00
893,11.0,2019-08-18 13:00:00
894,18.0,2019-08-18 14:00:00
895,23.0,2019-08-18 15:00:00
896,23.0,2019-08-18 16:00:00
897,31.0,2019-08-18 17:00:00
898,41.0,2019-08-18 18:00:00
899,45.0,2019-08-18 19:00:00
900,41.0,2019-08-18 20:00:00
901,33.0,2019-08-18 21:00:00
902,31.0,2019-08-18 22:00:00
903,23.0,2019-08-18 23:00:00
904,34.0,2019-08-19 00:00:00
905,39.0,2019-08-19 01:00:00
906,58.0,2019-08-19 02:00:00
907,70.0,2019-08-19 03:00:00
908,46.0,2019-08-19 04:00:00
909,36.0,2019-08-19 05:00:00
2027,,2019-08-19 06:00:00
2028,,2019-08-19 07:00:00
2029,,2019-08-19 08:00:00
2030,,2019-08-19 09:00:00
2031,,2019-08-19 10:00:00
2032,,2019-08-19 11:00:00
2033,,2019-08-19 12:00:00
2034,,2019-08-19 13:00:00
2035,,2019-08-19 14:00:00
2036,,2019-08-19 15:00:00
2037,,2019-08-19 16:00:00
2038,,2019-08-19 17:00:00
2039,,2019-08-19 18:00:00
2040,,2019-08-19 19:00:00
2041,,2019-08-19 20:00:00
2042,,2019-08-19 21:00:00
2043,,2019-08-19 22:00:00
2044,,2019-08-19 23:00:00
2045,,2019-08-20 00:00:00
2046,,2019-08-20 01:00:00
2047,,2019-08-20 02:00:00
910,55.0,2019-08-20 03:00:00
911,58.0,2019-08-20 04:00:00
912,35.0,2019-08-20 05:00:00
913,25.0,2019-08-20 06:00:00
914,24.0,2019-08-20 07:00:00
915,16.0,2019-08-20 08:00:00
916,14.0,2019-08-20 09:00:00
917,17.0,2019-08-20 10:00:00
918,22.0,2019-08-20 11:00:00
919,22.0,2019-08-20 12:00:00
920,24.0,2019-08-20 13:00:00
921,29.0,2019-08-20 14:00:00
922,25.0,2019-08-20 15:00:00
923,33.0,2019-08-20 16:00:00
924,48.0,2019-08-20 17:00:00
925,48.0,2019-08-20 18:00:00
926,52.0,2019-08-20 19:00:00
927,68.0,2019-08-20 20:00:00
928,50.0,2019-08-20 21:00:00
929,44.0,2019-08-20 22:00:00
930,48.0,2019-08-20 23:00:00
931,73.0,2019-08-21 00:00:00
932,70.0,2019-08-21 01:00:00
933,70.0,2019-08-21 02:00:00
934,66.0,2019-08-21 03:00:00
935,50.0,2019-08-21 04:00:00
936,39.0,2019-08-21 05:00:00
937,34.0,2019-08-21 06:00:00
938,40.0,2019-08-21 07:00:00
939,35.0,2019-08-21 08:00:00
940,34.0,2019-08-21 09:00:00
941,29.0,2019-08-21 10:00:00
942,25.0,2019-08-21 11:00:00
943,27.0,2019-08-21 12:00:00
944,27.0,2019-08-21 13:00:00
945,30.0,2019-08-21 14:00:00
946,30.0,2019-08-21 15:00:00
947,57.0,2019-08-21 16:00:00
948,57.0,2019-08-21 17:00:00
949,57.0,2019-08-21 18:00:00
950,70.0,2019-08-21 19:00:00
951,57.0,2019-08-21 20:00:00
952,56.0,2019-08-21 21:00:00
953,63.0,2019-08-21 22:00:00
954,59.0,2019-08-21 23:00:00
955,52.0,2019-08-22 00:00:00
956,48.0,2019-08-22 01:00:00
957,47.0,2019-08-22 02:00:00
958,42.0,2019-08-22 03:00:00
959,27.0,2019-08-22 04:00:00
960,41.0,2019-08-22 05:00:00
961,40.0,2019-08-22 06:00:00
962,30.0,2019-08-22 07:00:00
963,30.0,2019-08-22 08:00:00
964,34.0,2019-08-22 09:00:00
965,22.0,2019-08-22 10:00:00
966,22.0,2019-08-22 11:00:00
967,34.0,2019-08-22 12:00:00
968,46.0,2019-08-22 13:00:00
969,44.0,2019-08-22 14:00:00
970,63.0,2019-08-22 15:00:00
971,74.0,2019-08-22 16:00:00
972,92.0,2019-08-22 17:00:00
973,92.0,2019-08-22 18:00:00
974,79.0,2019-08-22 19:00:00
975,79.0,2019-08-22 20:00:00
976,69.0,2019-08-22 21:00:00
977,69.0,2019-08-22 22:00:00
978,68.0,2019-08-22 23:00:00
979,73.0,2019-08-23 00:00:00
980,68.0,2019-08-23 01:00:00
981,73.0,2019-08-23 02:00:00
982,90.0,2019-08-23 03:00:00
983,61.0,2019-08-23 04:00:00
984,56.0,2019-08-23 05:00:00
985,56.0,2019-08-23 06:00:00
986,40.0,2019-08-23 07:00:00
987,30.0,2019-08-23 08:00:00
988,38.0,2019-08-23 09:00:00
989,34.0,2019-08-23 10:00:00
990,38.0,2019-08-23 11:00:00
991,27.0,2019-08-23 12:00:00
992,22.0,2019-08-23 13:00:00
993,28.0,2019-08-23 14:00:00
994,39.0,2019-08-23 15:00:00
995,36.0,2019-08-23 16:00:00
996,68.0,2019-08-23 17:00:00
997,56.0,2019-08-23 18:00:00
998,63.0,2019-08-23 19:00:00
999,63.0,2019-08-23 20:00:00
1000,55.0,2019-08-23 21:00:00
1001,63.0,2019-08-23 22:00:00
1002,55.0,2019-08-23 23:00:00
1003,63.0,2019-08-24 00:00:00
1004,68.0,2019-08-24 01:00:00
1005,72.0,2019-08-24 02:00:00
1006,85.0,2019-08-24 03:00:00
1007,83.0,2019-08-24 04:00:00
1008,81.0,2019-08-24 05:00:00
1009,72.0,2019-08-24 06:00:00
1010,55.0,2019-08-24 07:00:00
1011,40.0,2019-08-24 08:00:00
1012,48.0,2019-08-24 09:00:00
1013,51.0,2019-08-24 10:00:00
1014,31.0,2019-08-24 11:00:00
1015,22.0,2019-08-24 12:00:00
1016,25.0,2019-08-24 13:00:00
1017,27.0,2019-08-24 14:00:00
1018,44.0,2019-08-24 15:00:00
1019,36.0,2019-08-24 16:00:00
1020,53.0,2019-08-24 17:00:00
1021,52.0,2019-08-24 18:00:00
1022,79.0,2019-08-24 19:00:00
1023,111.0,2019-08-24 20:00:00
1024,64.0,2019-08-24 21:00:00
1025,53.0,2019-08-24 22:00:00
1026,45.0,2019-08-24 23:00:00
1027,50.0,2019-08-25 00:00:00
1028,45.0,2019-08-25 01:00:00
1029,46.0,2019-08-25 02:00:00
1030,55.0,2019-08-25 03:00:00
1031,52.0,2019-08-25 04:00:00
1032,36.0,2019-08-25 05:00:00
1033,41.0,2019-08-25 06:00:00
1034,46.0,2019-08-25 07:00:00
1035,52.0,2019-08-25 08:00:00
1036,50.0,2019-08-25 09:00:00
1037,39.0,2019-08-25 10:00:00
2048,,2019-08-25 11:00:00
2049,,2019-08-25 12:00:00
2050,,2019-08-25 13:00:00
2051,,2019-08-25 14:00:00
1038,28.0,2019-08-25 15:00:00
2052,,2019-08-25 16:00:00
2053,,2019-08-25 17:00:00
1039,3.0,2019-08-25 18:00:00
1040,7.0,2019-08-25 19:00:00
1041,8.0,2019-08-25 20:00:00
1042,9.0,2019-08-25 21:00:00
1043,11.0,2019-08-25 22:00:00
1044,18.0,2019-08-25 23:00:00
1045,16.0,2019-08-26 00:00:00
1046,13.0,2019-08-26 01:00:00
2054,,2019-08-26 02:00:00
2055,,2019-08-26 03:00:00
2056,,2019-08-26 04:00:00
2057,,2019-08-26 05:00:00
2058,,2019-08-26 06:00:00
2059,,2019-08-26 07:00:00
2060,,2019-08-26 08:00:00
2061,,2019-08-26 09:00:00
2062,,2019-08-26 10:00:00
2063,,2019-08-26 11:00:00
2064,,2019-08-26 12:00:00
2065,,2019-08-26 13:00:00
2066,,2019-08-26 14:00:00
2067,,2019-08-26 15:00:00
2068,,2019-08-26 16:00:00
2069,,2019-08-26 17:00:00
2070,,2019-08-26 18:00:00
2071,,2019-08-26 19:00:00
2072,,2019-08-26 20:00:00
2073,,2019-08-26 21:00:00
2074,,2019-08-26 22:00:00
2075,,2019-08-26 23:00:00
2076,,2019-08-27 00:00:00
1047,34.0,2019-08-27 01:00:00
1048,39.0,2019-08-27 02:00:00
1049,46.0,2019-08-27 03:00:00
1050,24.0,2019-08-27 04:00:00
1051,24.0,2019-08-27 05:00:00
2077,,2019-08-27 06:00:00
1052,18.0,2019-08-27 07:00:00
1053,18.0,2019-08-27 08:00:00
1054,14.0,2019-08-27 09:00:00
1055,16.0,2019-08-27 10:00:00
1056,19.0,2019-08-27 11:00:00
1057,16.0,2019-08-27 12:00:00
1058,17.0,2019-08-27 13:00:00
1059,25.0,2019-08-27 14:00:00
1060,29.0,2019-08-27 15:00:00
1061,29.0,2019-08-27 16:00:00
1062,40.0,2019-08-27 17:00:00
1063,31.0,2019-08-27 18:00:00
1064,31.0,2019-08-27 19:00:00
1065,35.0,2019-08-27 20:00:00
1066,38.0,2019-08-27 21:00:00
1067,40.0,2019-08-27 22:00:00
1068,41.0,2019-08-27 23:00:00
1069,50.0,2019-08-28 00:00:00
1070,42.0,2019-08-28 01:00:00
1071,55.0,2019-08-28 02:00:00
1072,56.0,2019-08-28 03:00:00
1073,68.0,2019-08-28 04:00:00
1074,56.0,2019-08-28 05:00:00
1075,40.0,2019-08-28 06:00:00
1076,31.0,2019-08-28 07:00:00
1077,16.0,2019-08-28 08:00:00
1078,17.0,2019-08-28 09:00:00
1079,20.0,2019-08-28 10:00:00
1080,20.0,2019-08-28 11:00:00
1081,20.0,2019-08-28 12:00:00
2078,,2019-08-28 13:00:00
2079,,2019-08-28 14:00:00
2080,,2019-08-28 15:00:00
2081,,2019-08-28 16:00:00
2082,,2019-08-28 17:00:00
2083,,2019-08-28 18:00:00
2084,,2019-08-28 19:00:00
2085,,2019-08-28 20:00:00
2086,,2019-08-28 21:00:00
1082,46.0,2019-08-28 22:00:00
2087,,2019-08-28 23:00:00
1083,44.0,2019-08-29 00:00:00
1084,47.0,2019-08-29 01:00:00
1085,56.0,2019-08-29 02:00:00
1086,58.0,2019-08-29 03:00:00
1087,55.0,2019-08-29 04:00:00
1088,33.0,2019-08-29 05:00:00
1089,34.0,2019-08-29 06:00:00
1090,27.0,2019-08-29 07:00:00
1091,33.0,2019-08-29 08:00:00
1092,28.0,2019-08-29 09:00:00
1093,14.0,2019-08-29 10:00:00
1094,20.0,2019-08-29 11:00:00
1095,18.0,2019-08-29 12:00:00
1096,19.0,2019-08-29 13:00:00
1097,30.0,2019-08-29 14:00:00
1098,31.0,2019-08-29 15:00:00
1099,35.0,2019-08-29 16:00:00
1100,38.0,2019-08-29 17:00:00
1101,39.0,2019-08-29 18:00:00
1102,40.0,2019-08-29 19:00:00
1103,36.0,2019-08-29 20:00:00
1104,36.0,2019-08-29 21:00:00
1105,44.0,2019-08-29 22:00:00
1106,41.0,2019-08-29 23:00:00
1107,44.0,2019-08-30 00:00:00
1108,35.0,2019-08-30 01:00:00
1109,34.0,2019-08-30 02:00:00
1110,41.0,2019-08-30 03:00:00
1111,39.0,2019-08-30 04:00:00
1112,36.0,2019-08-30 05:00:00
1113,33.0,2019-08-30 06:00:00
1114,34.0,2019-08-30 07:00:00
1115,29.0,2019-08-30 08:00:00
1116,22.0,2019-08-30 09:00:00
1117,25.0,2019-08-30 10:00:00
1118,17.0,2019-08-30 11:00:00
1119,33.0,2019-08-30 12:00:00
1120,16.0,2019-08-30 13:00:00
2088,,2019-08-30 14:00:00
2089,,2019-08-30 15:00:00
2090,,2019-08-30 16:00:00
2091,,2019-08-30 17:00:00
2092,,2019-08-30 18:00:00
2093,,2019-08-30 19:00:00
2094,,2019-08-30 20:00:00
2095,,2019-08-30 21:00:00
2096,,2019-08-30 22:00:00
2097,,2019-08-30 23:00:00
1121,52.0,2019-08-31 00:00:00
1122,57.0,2019-08-31 01:00:00
1123,55.0,2019-08-31 02:00:00
1124,40.0,2019-08-31 03:00:00
1125,29.0,2019-08-31 04:00:00
1126,38.0,2019-08-31 05:00:00
1127,44.0,2019-08-31 06:00:00
1128,53.0,2019-08-31 07:00:00
1129,41.0,2019-08-31 08:00:00
1130,44.0,2019-08-31 09:00:00
1131,38.0,2019-08-31 10:00:00
1132,42.0,2019-08-31 11:00:00
1133,38.0,2019-08-31 12:00:00
1134,52.0,2019-08-31 13:00:00
1135,56.0,2019-08-31 14:00:00
1136,68.0,2019-08-31 15:00:00
1137,77.0,2019-08-31 16:00:00
1138,78.0,2019-08-31 17:00:00
1139,79.0,2019-08-31 18:00:00
1140,83.0,2019-08-31 19:00:00
1141,73.0,2019-08-31 20:00:00
1142,106.0,2019-08-31 21:00:00
1143,85.0,2019-08-31 22:00:00
1144,46.0,2019-08-31 23:00:00
1145,39.0,2019-09-01 00:00:00
1146,12.0,2019-09-01 01:00:00
1147,17.0,2019-09-01 02:00:00
2098,,2019-09-01 03:00:00
2099,,2019-09-01 04:00:00
2100,,2019-09-01 05:00:00
2101,,2019-09-01 06:00:00
2102,,2019-09-01 07:00:00
2103,,2019-09-01 08:00:00
1148,17.0,2019-09-01 09:00:00
2104,,2019-09-01 10:00:00
1149,6.0,2019-09-01 11:00:00
1150,7.0,2019-09-01 12:00:00
1151,6.0,2019-09-01 13:00:00
1152,9.0,2019-09-01 14:00:00
1153,19.0,2019-09-01 15:00:00
1154,24.0,2019-09-01 16:00:00
1155,27.0,2019-09-01 17:00:00
1156,27.0,2019-09-01 18:00:00
1157,34.0,2019-09-01 19:00:00
1158,31.0,2019-09-01 20:00:00
1159,29.0,2019-09-01 21:00:00
1160,34.0,2019-09-01 22:00:00
1161,29.0,2019-09-01 23:00:00
1162,28.0,2019-09-02 00:00:00
1163,28.0,2019-09-02 01:00:00
1164,40.0,2019-09-02 02:00:00
1165,44.0,2019-09-02 03:00:00
1166,45.0,2019-09-02 04:00:00
1167,42.0,2019-09-02 05:00:00
1168,44.0,2019-09-02 06:00:00
1169,30.0,2019-09-02 07:00:00
1170,22.0,2019-09-02 08:00:00
1171,33.0,2019-09-02 09:00:00
1172,30.0,2019-09-02 10:00:00
1173,18.0,2019-09-02 11:00:00
1174,27.0,2019-09-02 12:00:00
1175,29.0,2019-09-02 13:00:00
1176,53.0,2019-09-02 14:00:00
1177,73.0,2019-09-02 15:00:00
1178,77.0,2019-09-02 16:00:00
1179,66.0,2019-09-02 17:00:00
1180,66.0,2019-09-02 18:00:00
1181,58.0,2019-09-02 19:00:00
1182,59.0,2019-09-02 20:00:00
1183,55.0,2019-09-02 21:00:00
1184,53.0,2019-09-02 22:00:00
1185,62.0,2019-09-02 23:00:00
1186,73.0,2019-09-03 00:00:00
1187,75.0,2019-09-03 01:00:00
1188,79.0,2019-09-03 02:00:00
1189,84.0,2019-09-03 03:00:00
1190,64.0,2019-09-03 04:00:00
1191,48.0,2019-09-03 05:00:00
1192,45.0,2019-09-03 06:00:00
1193,46.0,2019-09-03 07:00:00
1194,45.0,2019-09-03 08:00:00
1195,52.0,2019-09-03 09:00:00
1196,57.0,2019-09-03 10:00:00
1197,63.0,2019-09-03 11:00:00
1198,74.0,2019-09-03 12:00:00
1199,78.0,2019-09-03 13:00:00
1200,99.0,2019-09-03 14:00:00
1201,160.0,2019-09-03 15:00:00
1202,95.0,2019-09-03 16:00:00
1203,100.0,2019-09-03 17:00:00
1204,91.0,2019-09-03 18:00:00
1205,103.0,2019-09-03 19:00:00
1206,90.0,2019-09-03 20:00:00
1207,94.0,2019-09-03 21:00:00
1208,88.0,2019-09-03 22:00:00
1209,78.0,2019-09-03 23:00:00
1210,46.0,2019-09-04 00:00:00
1211,42.0,2019-09-04 01:00:00
1212,38.0,2019-09-04 02:00:00
1213,66.0,2019-09-04 03:00:00
1214,64.0,2019-09-04 04:00:00
1215,62.0,2019-09-04 05:00:00
1216,40.0,2019-09-04 06:00:00
1217,38.0,2019-09-04 07:00:00
1218,40.0,2019-09-04 08:00:00
1219,40.0,2019-09-04 09:00:00
1220,28.0,2019-09-04 10:00:00
1221,36.0,2019-09-04 11:00:00
1222,44.0,2019-09-04 12:00:00
1223,42.0,2019-09-04 13:00:00
1224,52.0,2019-09-04 14:00:00
1225,48.0,2019-09-04 15:00:00
1226,51.0,2019-09-04 16:00:00
1227,48.0,2019-09-04 17:00:00
1228,48.0,2019-09-04 18:00:00
1229,34.0,2019-09-04 19:00:00
1230,31.0,2019-09-04 20:00:00
1231,35.0,2019-09-04 21:00:00
1232,34.0,2019-09-04 22:00:00
1233,40.0,2019-09-04 23:00:00
1234,39.0,2019-09-05 00:00:00
1235,40.0,2019-09-05 01:00:00
1236,38.0,2019-09-05 02:00:00
1237,30.0,2019-09-05 03:00:00
1238,36.0,2019-09-05 04:00:00
1239,30.0,2019-09-05 05:00:00
1240,28.0,2019-09-05 06:00:00
1241,14.0,2019-09-05 07:00:00
1242,11.0,2019-09-05 08:00:00
1243,23.0,2019-09-05 09:00:00
1244,24.0,2019-09-05 10:00:00
1245,19.0,2019-09-05 11:00:00
1246,23.0,2019-09-05 12:00:00
1247,23.0,2019-09-05 13:00:00
1248,27.0,2019-09-05 14:00:00
1249,38.0,2019-09-05 15:00:00
1250,40.0,2019-09-05 16:00:00
1251,44.0,2019-09-05 17:00:00
1252,35.0,2019-09-05 18:00:00
1253,36.0,2019-09-05 19:00:00
1254,39.0,2019-09-05 20:00:00
1255,33.0,2019-09-05 21:00:00
1256,30.0,2019-09-05 22:00:00
1257,25.0,2019-09-05 23:00:00
1258,29.0,2019-09-06 00:00:00
1259,23.0,2019-09-06 01:00:00
1260,25.0,2019-09-06 02:00:00
1261,29.0,2019-09-06 03:00:00
1262,38.0,2019-09-06 04:00:00
1263,41.0,2019-09-06 05:00:00
1264,24.0,2019-09-06 06:00:00
1265,19.0,2019-09-06 07:00:00
1266,24.0,2019-09-06 08:00:00
1267,29.0,2019-09-06 09:00:00
1268,23.0,2019-09-06 10:00:00
1269,39.0,2019-09-06 11:00:00
1270,52.0,2019-09-06 12:00:00
1271,36.0,2019-09-06 13:00:00
1272,33.0,2019-09-06 14:00:00
1273,36.0,2019-09-06 15:00:00
1274,33.0,2019-09-06 16:00:00
1275,39.0,2019-09-06 17:00:00
1276,33.0,2019-09-06 18:00:00
1277,31.0,2019-09-06 19:00:00
1278,25.0,2019-09-06 20:00:00
1279,35.0,2019-09-06 21:00:00
1280,29.0,2019-09-06 22:00:00
1281,36.0,2019-09-06 23:00:00
1282,28.0,2019-09-07 00:00:00
1283,29.0,2019-09-07 01:00:00
1284,33.0,2019-09-07 02:00:00
1285,29.0,2019-09-07 03:00:00
1286,48.0,2019-09-07 04:00:00
1287,40.0,2019-09-07 05:00:00
1288,39.0,2019-09-07 06:00:00
1289,36.0,2019-09-07 07:00:00
1290,35.0,2019-09-07 08:00:00
1291,40.0,2019-09-07 09:00:00
1292,34.0,2019-09-07 10:00:00
1293,28.0,2019-09-07 11:00:00
1294,34.0,2019-09-07 12:00:00
1295,30.0,2019-09-07 13:00:00
1296,27.0,2019-09-07 14:00:00
1297,33.0,2019-09-07 15:00:00
1298,44.0,2019-09-07 16:00:00
1299,44.0,2019-09-07 17:00:00
1300,23.0,2019-09-07 18:00:00
1301,23.0,2019-09-07 19:00:00
1302,57.0,2019-09-07 20:00:00
1303,24.0,2019-09-07 21:00:00
1304,17.0,2019-09-07 22:00:00
1305,20.0,2019-09-07 23:00:00
1306,25.0,2019-09-08 00:00:00
1307,16.0,2019-09-08 01:00:00
1308,27.0,2019-09-08 02:00:00
1309,25.0,2019-09-08 03:00:00
1310,25.0,2019-09-08 04:00:00
1311,22.0,2019-09-08 05:00:00
1312,23.0,2019-09-08 06:00:00
1313,22.0,2019-09-08 07:00:00
1314,24.0,2019-09-08 08:00:00
1315,16.0,2019-09-08 09:00:00
1316,17.0,2019-09-08 10:00:00
1317,16.0,2019-09-08 11:00:00
1318,19.0,2019-09-08 12:00:00
1319,23.0,2019-09-08 13:00:00
1320,24.0,2019-09-08 14:00:00
1321,40.0,2019-09-08 15:00:00
1322,33.0,2019-09-08 16:00:00
1323,36.0,2019-09-08 17:00:00
1324,44.0,2019-09-08 18:00:00
1325,36.0,2019-09-08 19:00:00
1326,38.0,2019-09-08 20:00:00
1327,44.0,2019-09-08 21:00:00
1328,39.0,2019-09-08 22:00:00
1329,47.0,2019-09-08 23:00:00
1330,44.0,2019-09-09 00:00:00
1331,57.0,2019-09-09 01:00:00
1332,63.0,2019-09-09 02:00:00
1333,58.0,2019-09-09 03:00:00
1334,55.0,2019-09-09 04:00:00
1335,61.0,2019-09-09 05:00:00
1336,61.0,2019-09-09 06:00:00
1337,63.0,2019-09-09 07:00:00
1338,56.0,2019-09-09 08:00:00
1339,41.0,2019-09-09 09:00:00
1340,34.0,2019-09-09 10:00:00
1341,30.0,2019-09-09 11:00:00
1342,35.0,2019-09-09 12:00:00
1343,36.0,2019-09-09 13:00:00
1344,42.0,2019-09-09 14:00:00
1345,100.0,2019-09-09 15:00:00
1346,90.0,2019-09-09 16:00:00
1347,57.0,2019-09-09 17:00:00
1348,59.0,2019-09-09 18:00:00
1349,50.0,2019-09-09 19:00:00
1350,46.0,2019-09-09 20:00:00
1351,51.0,2019-09-09 21:00:00
1352,55.0,2019-09-09 22:00:00
1353,57.0,2019-09-09 23:00:00
1354,58.0,2019-09-10 00:00:00
1355,57.0,2019-09-10 01:00:00
1356,57.0,2019-09-10 02:00:00
1357,63.0,2019-09-10 03:00:00
1358,51.0,2019-09-10 04:00:00
1359,41.0,2019-09-10 05:00:00
1360,39.0,2019-09-10 06:00:00
1361,50.0,2019-09-10 07:00:00
1362,44.0,2019-09-10 08:00:00
1363,46.0,2019-09-10 09:00:00
1364,39.0,2019-09-10 10:00:00
1365,31.0,2019-09-10 11:00:00
1366,36.0,2019-09-10 12:00:00
1367,44.0,2019-09-10 13:00:00
1368,59.0,2019-09-10 14:00:00
1369,67.0,2019-09-10 15:00:00
1370,61.0,2019-09-10 16:00:00
1371,70.0,2019-09-10 17:00:00
1372,68.0,2019-09-10 18:00:00
1373,64.0,2019-09-10 19:00:00
1374,59.0,2019-09-10 20:00:00
1375,61.0,2019-09-10 21:00:00
1376,66.0,2019-09-10 22:00:00
1377,69.0,2019-09-10 23:00:00
1378,66.0,2019-09-11 00:00:00
1379,70.0,2019-09-11 01:00:00
1380,85.0,2019-09-11 02:00:00
1381,103.0,2019-09-11 03:00:00
1382,69.0,2019-09-11 04:00:00
1383,67.0,2019-09-11 05:00:00
1384,67.0,2019-09-11 06:00:00
1385,61.0,2019-09-11 07:00:00
1386,63.0,2019-09-11 08:00:00
1387,61.0,2019-09-11 09:00:00
1388,66.0,2019-09-11 10:00:00
1389,70.0,2019-09-11 11:00:00
1390,91.0,2019-09-11 12:00:00
2105,,2019-09-11 13:00:00
2106,,2019-09-11 14:00:00
2107,,2019-09-11 15:00:00
2108,,2019-09-11 16:00:00
2109,,2019-09-11 17:00:00
1391,84.0,2019-09-11 18:00:00
1392,75.0,2019-09-11 19:00:00
1393,74.0,2019-09-11 20:00:00
1394,78.0,2019-09-11 21:00:00
1395,75.0,2019-09-11 22:00:00
1396,58.0,2019-09-11 23:00:00
1397,59.0,2019-09-12 00:00:00
1398,57.0,2019-09-12 01:00:00
1399,51.0,2019-09-12 02:00:00
1400,55.0,2019-09-12 03:00:00
1401,56.0,2019-09-12 04:00:00
1402,53.0,2019-09-12 05:00:00
1403,58.0,2019-09-12 06:00:00
1404,56.0,2019-09-12 07:00:00
1405,53.0,2019-09-12 08:00:00
1406,44.0,2019-09-12 09:00:00
1407,33.0,2019-09-12 10:00:00
1408,24.0,2019-09-12 11:00:00
1409,34.0,2019-09-12 12:00:00
1410,23.0,2019-09-12 13:00:00
1411,36.0,2019-09-12 14:00:00
1412,35.0,2019-09-12 15:00:00
1413,38.0,2019-09-12 16:00:00
1414,42.0,2019-09-12 17:00:00
1415,41.0,2019-09-12 18:00:00
1416,35.0,2019-09-12 19:00:00
1417,30.0,2019-09-12 20:00:00
1418,29.0,2019-09-12 21:00:00
1419,31.0,2019-09-12 22:00:00
1420,24.0,2019-09-12 23:00:00
1421,34.0,2019-09-13 00:00:00
1422,33.0,2019-09-13 01:00:00
1423,31.0,2019-09-13 02:00:00
1424,34.0,2019-09-13 03:00:00
1425,46.0,2019-09-13 04:00:00
1426,47.0,2019-09-13 05:00:00
1427,40.0,2019-09-13 06:00:00
1428,20.0,2019-09-13 07:00:00
1429,20.0,2019-09-13 08:00:00
1430,23.0,2019-09-13 09:00:00
2110,,2019-09-13 10:00:00
1431,16.0,2019-09-13 11:00:00
1432,17.0,2019-09-13 12:00:00
1433,19.0,2019-09-13 13:00:00
1434,74.0,2019-09-13 14:00:00
1435,40.0,2019-09-13 15:00:00
1436,39.0,2019-09-13 16:00:00
1437,48.0,2019-09-13 17:00:00
1438,34.0,2019-09-13 18:00:00
1439,24.0,2019-09-13 19:00:00
1440,18.0,2019-09-13 20:00:00
1441,18.0,2019-09-13 21:00:00
1442,30.0,2019-09-13 22:00:00
1443,23.0,2019-09-13 23:00:00
1444,22.0,2019-09-14 00:00:00
1445,18.0,2019-09-14 01:00:00
1446,24.0,2019-09-14 02:00:00
1447,24.0,2019-09-14 03:00:00
1448,17.0,2019-09-14 04:00:00
1449,25.0,2019-09-14 05:00:00
1450,29.0,2019-09-14 06:00:00
1451,25.0,2019-09-14 07:00:00
1452,25.0,2019-09-14 08:00:00
1453,16.0,2019-09-14 09:00:00
1454,18.0,2019-09-14 10:00:00
1455,12.0,2019-09-14 11:00:00
1456,18.0,2019-09-14 12:00:00
1457,28.0,2019-09-14 13:00:00
1458,29.0,2019-09-14 14:00:00
1459,25.0,2019-09-14 15:00:00
1460,30.0,2019-09-14 16:00:00
1461,40.0,2019-09-14 17:00:00
1462,23.0,2019-09-14 18:00:00
1463,18.0,2019-09-14 19:00:00
1464,12.0,2019-09-14 20:00:00
1465,13.0,2019-09-14 21:00:00
1466,12.0,2019-09-14 22:00:00
1467,12.0,2019-09-14 23:00:00
1468,13.0,2019-09-15 00:00:00
1469,18.0,2019-09-15 01:00:00
1470,20.0,2019-09-15 02:00:00
1471,22.0,2019-09-15 03:00:00
2111,,2019-09-15 04:00:00
2112,,2019-09-15 05:00:00
2113,,2019-09-15 06:00:00
1472,24.0,2019-09-15 07:00:00
1473,24.0,2019-09-15 08:00:00
1474,23.0,2019-09-15 09:00:00
1475,25.0,2019-09-15 10:00:00
1476,18.0,2019-09-15 11:00:00
1477,18.0,2019-09-15 12:00:00
1478,19.0,2019-09-15 13:00:00
1479,19.0,2019-09-15 14:00:00
1480,108.0,2019-09-15 15:00:00
1481,106.0,2019-09-15 16:00:00
1482,59.0,2019-09-15 17:00:00
1483,45.0,2019-09-15 18:00:00
1484,51.0,2019-09-15 19:00:00
1485,47.0,2019-09-15 20:00:00
1486,39.0,2019-09-15 21:00:00
1487,33.0,2019-09-15 22:00:00
1488,33.0,2019-09-15 23:00:00
1489,40.0,2019-09-16 00:00:00
1490,36.0,2019-09-16 01:00:00
1491,51.0,2019-09-16 02:00:00
1492,62.0,2019-09-16 03:00:00
1493,74.0,2019-09-16 04:00:00
1494,61.0,2019-09-16 05:00:00
1495,48.0,2019-09-16 06:00:00
2114,,2019-09-16 07:00:00
1496,50.0,2019-09-16 08:00:00
1497,48.0,2019-09-16 09:00:00
1498,48.0,2019-09-16 10:00:00
1499,35.0,2019-09-16 11:00:00
1500,44.0,2019-09-16 12:00:00
1501,57.0,2019-09-16 13:00:00
1502,56.0,2019-09-16 14:00:00
1503,63.0,2019-09-16 15:00:00
1504,64.0,2019-09-16 16:00:00
1505,70.0,2019-09-16 17:00:00
1506,63.0,2019-09-16 18:00:00
1507,61.0,2019-09-16 19:00:00
1508,57.0,2019-09-16 20:00:00
1509,62.0,2019-09-16 21:00:00
1510,80.0,2019-09-16 22:00:00
1511,79.0,2019-09-16 23:00:00
1512,81.0,2019-09-17 00:00:00
1513,68.0,2019-09-17 01:00:00
1514,59.0,2019-09-17 02:00:00
1515,66.0,2019-09-17 03:00:00
1516,48.0,2019-09-17 04:00:00
1517,31.0,2019-09-17 05:00:00
1518,31.0,2019-09-17 06:00:00
1519,40.0,2019-09-17 07:00:00
1520,39.0,2019-09-17 08:00:00
1521,44.0,2019-09-17 09:00:00
1522,39.0,2019-09-17 10:00:00
1523,39.0,2019-09-17 11:00:00
1524,33.0,2019-09-17 12:00:00
1525,46.0,2019-09-17 13:00:00
1526,42.0,2019-09-17 14:00:00
1527,48.0,2019-09-17 15:00:00
1528,57.0,2019-09-17 16:00:00
1529,48.0,2019-09-17 17:00:00
1530,57.0,2019-09-17 18:00:00
1531,56.0,2019-09-17 19:00:00
1532,42.0,2019-09-17 20:00:00
1533,40.0,2019-09-17 21:00:00
1534,40.0,2019-09-17 22:00:00
1535,40.0,2019-09-17 23:00:00
1536,44.0,2019-09-18 00:00:00
1537,51.0,2019-09-18 01:00:00
1538,29.0,2019-09-18 02:00:00
1539,33.0,2019-09-18 03:00:00
1540,31.0,2019-09-18 04:00:00
1541,18.0,2019-09-18 05:00:00
1542,18.0,2019-09-18 06:00:00
1543,19.0,2019-09-18 07:00:00
1544,14.0,2019-09-18 08:00:00
1545,18.0,2019-09-18 09:00:00
1546,16.0,2019-09-18 10:00:00
1547,30.0,2019-09-18 11:00:00
1548,20.0,2019-09-18 12:00:00
1549,22.0,2019-09-18 13:00:00
1550,41.0,2019-09-18 14:00:00
1551,42.0,2019-09-18 15:00:00
1552,34.0,2019-09-18 16:00:00
1553,30.0,2019-09-18 17:00:00
1554,30.0,2019-09-18 18:00:00
1555,29.0,2019-09-18 19:00:00
1556,28.0,2019-09-18 20:00:00
1557,9.0,2019-09-18 21:00:00
1558,16.0,2019-09-18 22:00:00
1559,6.0,2019-09-18 23:00:00
1560,8.0,2019-09-19 00:00:00
1561,13.0,2019-09-19 01:00:00
1562,12.0,2019-09-19 02:00:00
1563,14.0,2019-09-19 03:00:00
1564,13.0,2019-09-19 04:00:00
1565,9.0,2019-09-19 05:00:00
1566,11.0,2019-09-19 06:00:00
1567,16.0,2019-09-19 07:00:00
1568,16.0,2019-09-19 08:00:00
1569,14.0,2019-09-19 09:00:00
1570,16.0,2019-09-19 10:00:00
1571,16.0,2019-09-19 11:00:00
1572,18.0,2019-09-19 12:00:00
1573,20.0,2019-09-19 13:00:00
1574,9.0,2019-09-19 14:00:00
1575,29.0,2019-09-19 15:00:00
1576,27.0,2019-09-19 16:00:00
1577,35.0,2019-09-19 17:00:00
1578,38.0,2019-09-19 18:00:00
1579,39.0,2019-09-19 19:00:00
1580,40.0,2019-09-19 20:00:00
1581,29.0,2019-09-19 21:00:00
1582,36.0,2019-09-19 22:00:00
1583,36.0,2019-09-19 23:00:00
1584,41.0,2019-09-20 00:00:00
1585,30.0,2019-09-20 01:00:00
1586,31.0,2019-09-20 02:00:00
1587,44.0,2019-09-20 03:00:00
1588,40.0,2019-09-20 04:00:00
1589,36.0,2019-09-20 05:00:00
1590,25.0,2019-09-20 06:00:00
1591,63.0,2019-09-20 07:00:00
1592,36.0,2019-09-20 08:00:00
1593,24.0,2019-09-20 09:00:00
1594,35.0,2019-09-20 10:00:00
1595,34.0,2019-09-20 11:00:00
1596,29.0,2019-09-20 12:00:00
1597,38.0,2019-09-20 13:00:00
1598,40.0,2019-09-20 14:00:00
1599,45.0,2019-09-20 15:00:00
1600,55.0,2019-09-20 16:00:00
1601,55.0,2019-09-20 17:00:00
1602,56.0,2019-09-20 18:00:00
1603,189.0,2019-09-20 19:00:00
1604,83.0,2019-09-20 20:00:00
1605,67.0,2019-09-20 21:00:00
1606,57.0,2019-09-20 22:00:00
1607,52.0,2019-09-20 23:00:00
1608,52.0,2019-09-21 00:00:00
1609,59.0,2019-09-21 01:00:00
1610,64.0,2019-09-21 02:00:00
1611,59.0,2019-09-21 03:00:00
1612,42.0,2019-09-21 04:00:00
1613,42.0,2019-09-21 05:00:00
1614,38.0,2019-09-21 06:00:00
1615,38.0,2019-09-21 07:00:00
1616,50.0,2019-09-21 08:00:00
2115,,2019-09-21 09:00:00
1617,35.0,2019-09-21 10:00:00
1618,42.0,2019-09-21 11:00:00
1619,33.0,2019-09-21 12:00:00
2116,,2019-09-21 13:00:00
2117,,2019-09-21 14:00:00
2118,,2019-09-21 15:00:00
2119,,2019-09-21 16:00:00
2120,,2019-09-21 17:00:00
2121,,2019-09-21 18:00:00
2122,,2019-09-21 19:00:00
2123,,2019-09-21 20:00:00
2124,,2019-09-21 21:00:00
2125,,2019-09-21 22:00:00
2126,,2019-09-21 23:00:00
1620,20.0,2019-09-22 00:00:00
1621,28.0,2019-09-22 01:00:00
1622,39.0,2019-09-22 02:00:00
1623,39.0,2019-09-22 03:00:00
2127,,2019-09-22 04:00:00
1624,27.0,2019-09-22 05:00:00
1625,19.0,2019-09-22 06:00:00
1626,12.0,2019-09-22 07:00:00
1627,5.0,2019-09-22 08:00:00
1628,5.0,2019-09-22 09:00:00
1629,19.0,2019-09-22 10:00:00
1630,14.0,2019-09-22 11:00:00
1631,14.0,2019-09-22 12:00:00
2128,,2019-09-22 13:00:00
2129,,2019-09-22 14:00:00
2130,,2019-09-22 15:00:00
1632,24.0,2019-09-22 16:00:00
1633,30.0,2019-09-22 17:00:00
1634,25.0,2019-09-22 18:00:00
1635,31.0,2019-09-22 19:00:00
1636,22.0,2019-09-22 20:00:00
1637,18.0,2019-09-22 21:00:00
1638,13.0,2019-09-22 22:00:00
1639,17.0,2019-09-22 23:00:00
1640,24.0,2019-09-23 00:00:00
1641,20.0,2019-09-23 01:00:00
1642,33.0,2019-09-23 02:00:00
1643,30.0,2019-09-23 03:00:00
2131,,2019-09-23 04:00:00
1644,20.0,2019-09-23 05:00:00
1645,24.0,2019-09-23 06:00:00
1646,27.0,2019-09-23 07:00:00
1647,29.0,2019-09-23 08:00:00
1648,35.0,2019-09-23 09:00:00
1649,22.0,2019-09-23 10:00:00
1650,25.0,2019-09-23 11:00:00
1651,27.0,2019-09-23 12:00:00
1652,23.0,2019-09-23 13:00:00
1653,33.0,2019-09-23 14:00:00
1654,40.0,2019-09-23 15:00:00
1655,39.0,2019-09-23 16:00:00
1656,27.0,2019-09-23 17:00:00
1657,19.0,2019-09-23 18:00:00
1658,30.0,2019-09-23 19:00:00
1659,29.0,2019-09-23 20:00:00
1660,35.0,2019-09-23 21:00:00
1661,28.0,2019-09-23 22:00:00
1662,40.0,2019-09-23 23:00:00
1663,42.0,2019-09-24 00:00:00
1664,34.0,2019-09-24 01:00:00
1665,40.0,2019-09-24 02:00:00
1666,53.0,2019-09-24 03:00:00
1667,38.0,2019-09-24 04:00:00
1668,39.0,2019-09-24 05:00:00
1669,25.0,2019-09-24 06:00:00
1670,20.0,2019-09-24 07:00:00
1671,24.0,2019-09-24 08:00:00
1672,13.0,2019-09-24 09:00:00
1673,23.0,2019-09-24 10:00:00
1674,17.0,2019-09-24 11:00:00
1675,20.0,2019-09-24 12:00:00
1676,24.0,2019-09-24 13:00:00
1677,22.0,2019-09-24 14:00:00
1678,20.0,2019-09-24 15:00:00
1679,22.0,2019-09-24 16:00:00
1680,17.0,2019-09-24 17:00:00
1681,13.0,2019-09-24 18:00:00
1682,18.0,2019-09-24 19:00:00
1683,53.0,2019-09-24 20:00:00
1684,45.0,2019-09-24 21:00:00
1685,42.0,2019-09-24 22:00:00
1686,41.0,2019-09-24 23:00:00
2132,,2019-09-25 00:00:00
2133,,2019-09-25 01:00:00
2134,,2019-09-25 02:00:00
2135,,2019-09-25 03:00:00
1687,24.0,2019-09-25 04:00:00
1688,18.0,2019-09-25 05:00:00
1689,16.0,2019-09-25 06:00:00
1690,16.0,2019-09-25 07:00:00
1691,16.0,2019-09-25 08:00:00
1692,11.0,2019-09-25 09:00:00
1693,17.0,2019-09-25 10:00:00
1694,14.0,2019-09-25 11:00:00
1695,17.0,2019-09-25 12:00:00
1696,34.0,2019-09-25 13:00:00
1697,28.0,2019-09-25 14:00:00
1698,24.0,2019-09-25 15:00:00
1699,27.0,2019-09-25 16:00:00
1700,36.0,2019-09-25 17:00:00
1701,41.0,2019-09-25 18:00:00
1702,35.0,2019-09-25 19:00:00
1703,24.0,2019-09-25 20:00:00
1704,29.0,2019-09-25 21:00:00
1705,28.0,2019-09-25 22:00:00
1706,23.0,2019-09-25 23:00:00
1707,22.0,2019-09-26 00:00:00
1708,17.0,2019-09-26 01:00:00
1709,25.0,2019-09-26 02:00:00
1710,16.0,2019-09-26 03:00:00
2136,,2019-09-26 04:00:00
2137,,2019-09-26 05:00:00
2138,,2019-09-26 06:00:00
1711,9.0,2019-09-26 07:00:00
1712,11.0,2019-09-26 08:00:00
1713,9.0,2019-09-26 09:00:00
1714,9.0,2019-09-26 10:00:00
1715,9.0,2019-09-26 11:00:00
1716,6.0,2019-09-26 12:00:00
1717,24.0,2019-09-26 13:00:00
1718,29.0,2019-09-26 14:00:00
1719,28.0,2019-09-26 15:00:00
1720,22.0,2019-09-26 16:00:00
1721,25.0,2019-09-26 17:00:00
1722,17.0,2019-09-26 18:00:00
1723,12.0,2019-09-26 19:00:00
1724,13.0,2019-09-26 20:00:00
1725,16.0,2019-09-26 21:00:00
1726,16.0,2019-09-26 22:00:00
1727,9.0,2019-09-26 23:00:00
1728,9.0,2019-09-27 00:00:00
1729,9.0,2019-09-27 01:00:00
1730,9.0,2019-09-27 02:00:00
1731,9.0,2019-09-27 03:00:00
1732,7.0,2019-09-27 04:00:00
1733,6.0,2019-09-27 05:00:00
1734,5.0,2019-09-27 06:00:00
1735,7.0,2019-09-27 07:00:00
1736,11.0,2019-09-27 08:00:00
1737,12.0,2019-09-27 09:00:00
1738,6.0,2019-09-27 10:00:00
1739,11.0,2019-09-27 11:00:00
1740,9.0,2019-09-27 12:00:00
1741,29.0,2019-09-27 13:00:00
1742,28.0,2019-09-27 14:00:00
1743,33.0,2019-09-27 15:00:00
1744,28.0,2019-09-27 16:00:00
1745,25.0,2019-09-27 17:00:00
1746,16.0,2019-09-27 18:00:00
1747,25.0,2019-09-27 19:00:00
1748,25.0,2019-09-27 20:00:00
1749,23.0,2019-09-27 21:00:00
1750,17.0,2019-09-27 22:00:00
1751,19.0,2019-09-27 23:00:00
1752,17.0,2019-09-28 00:00:00
1753,19.0,2019-09-28 01:00:00
1754,22.0,2019-09-28 02:00:00
1755,27.0,2019-09-28 03:00:00
1756,12.0,2019-09-28 04:00:00
1757,16.0,2019-09-28 05:00:00
1758,14.0,2019-09-28 06:00:00
1759,79.0,2019-09-28 07:00:00
1760,7.0,2019-09-28 08:00:00
1761,6.0,2019-09-28 09:00:00
1762,13.0,2019-09-28 10:00:00
1763,13.0,2019-09-28 11:00:00
1764,12.0,2019-09-28 12:00:00
1765,38.0,2019-09-28 13:00:00
1766,25.0,2019-09-28 14:00:00
1767,23.0,2019-09-28 15:00:00
1768,30.0,2019-09-28 16:00:00
1769,18.0,2019-09-28 17:00:00
1770,9.0,2019-09-28 18:00:00
1771,13.0,2019-09-28 19:00:00
2139,,2019-09-28 20:00:00
1772,34.0,2019-09-28 21:00:00
1773,29.0,2019-09-28 22:00:00
1774,13.0,2019-09-28 23:00:00
1775,16.0,2019-09-29 00:00:00
1776,40.0,2019-09-29 01:00:00
1777,18.0,2019-09-29 02:00:00
1778,18.0,2019-09-29 03:00:00
1779,12.0,2019-09-29 04:00:00
1780,17.0,2019-09-29 05:00:00
1781,13.0,2019-09-29 06:00:00
1782,8.0,2019-09-29 07:00:00
1783,7.0,2019-09-29 08:00:00
1784,11.0,2019-09-29 09:00:00
1785,8.0,2019-09-29 10:00:00
1786,8.0,2019-09-29 11:00:00
1787,7.0,2019-09-29 12:00:00
1788,12.0,2019-09-29 13:00:00
1789,11.0,2019-09-29 14:00:00
1790,14.0,2019-09-29 15:00:00
1791,25.0,2019-09-29 16:00:00
1792,31.0,2019-09-29 17:00:00
1793,19.0,2019-09-29 18:00:00
1794,14.0,2019-09-29 19:00:00
1795,53.0,2019-09-29 20:00:00
1796,18.0,2019-09-29 21:00:00
1797,23.0,2019-09-29 22:00:00
1798,22.0,2019-09-29 23:00:00
1799,24.0,2019-09-30 00:00:00
1800,30.0,2019-09-30 01:00:00
1801,27.0,2019-09-30 02:00:00
1802,13.0,2019-09-30 03:00:00
1803,17.0,2019-09-30 04:00:00
1804,24.0,2019-09-30 05:00:00
1805,18.0,2019-09-30 06:00:00
1806,39.0,2019-09-30 07:00:00
1807,35.0,2019-09-30 08:00:00
1808,36.0,2019-09-30 09:00:00
2140,,2019-09-30 10:00:00
1809,35.0,2019-09-30 11:00:00
1810,30.0,2019-09-30 12:00:00
1811,35.0,2019-09-30 13:00:00
1812,36.0,2019-09-30 14:00:00
1813,51.0,2019-09-30 15:00:00
1814,50.0,2019-09-30 16:00:00
1815,69.0,2019-09-30 17:00:00
1816,61.0,2019-09-30 18:00:00
1817,48.0,2019-09-30 19:00:00
1818,41.0,2019-09-30 20:00:00
1819,40.0,2019-09-30 21:00:00
1820,47.0,2019-09-30 22:00:00
1821,56.0,2019-09-30 23:00:00
1822,56.0,2019-10-01 00:00:00
1823,50.0,2019-10-01 01:00:00
1824,52.0,2019-10-01 02:00:00
1825,59.0,2019-10-01 03:00:00
1826,29.0,2019-10-01 04:00:00
1827,33.0,2019-10-01 05:00:00
1828,48.0,2019-10-01 06:00:00
2141,,2019-10-01 07:00:00
2142,,2019-10-01 08:00:00
2143,,2019-10-01 09:00:00
2144,,2019-10-01 10:00:00
1829,17.0,2019-10-01 11:00:00
2145,,2019-10-01 12:00:00
1830,40.0,2019-10-01 13:00:00
1831,51.0,2019-10-01 14:00:00
1832,30.0,2019-10-01 15:00:00
2146,,2019-10-01 16:00:00
1833,34.0,2019-10-01 17:00:00
2147,,2019-10-01 18:00:00
2148,,2019-10-01 19:00:00
1834,25.0,2019-10-01 20:00:00
2149,,2019-10-01 21:00:00
2150,,2019-10-01 22:00:00
2151,,2019-10-01 23:00:00
2152,,2019-10-02 00:00:00
2153,,2019-10-02 01:00:00
2154,,2019-10-02 02:00:00
2155,,2019-10-02 03:00:00
2156,,2019-10-02 04:00:00
2157,,2019-10-02 05:00:00
2158,,2019-10-02 06:00:00
1835,16.0,2019-10-02 07:00:00
1836,16.0,2019-10-02 08:00:00
2159,,2019-10-02 09:00:00
1837,18.0,2019-10-02 10:00:00
1838,20.0,2019-10-02 11:00:00
1839,19.0,2019-10-02 12:00:00
1840,22.0,2019-10-02 13:00:00
1841,25.0,2019-10-02 14:00:00
1842,57.0,2019-10-02 15:00:00
1843,46.0,2019-10-02 16:00:00
1844,46.0,2019-10-02 17:00:00
1845,77.0,2019-10-02 18:00:00
1846,69.0,2019-10-02 19:00:00
1847,46.0,2019-10-02 20:00:00
1848,42.0,2019-10-02 21:00:00
1849,45.0,2019-10-02 22:00:00
1850,44.0,2019-10-02 23:00:00
1851,40.0,2019-10-03 00:00:00
1852,42.0,2019-10-03 01:00:00
1853,41.0,2019-10-03 02:00:00
1854,51.0,2019-10-03 03:00:00
2160,,2019-10-03 04:00:00
2161,,2019-10-03 05:00:00
2162,,2019-10-03 06:00:00
2163,,2019-10-03 07:00:00
2164,,2019-10-03 08:00:00
2165,,2019-10-03 09:00:00
2166,,2019-10-03 10:00:00
1855,33.0,2019-10-03 11:00:00
1856,53.0,2019-10-03 12:00:00
1857,46.0,2019-10-03 13:00:00
1858,69.0,2019-10-03 14:00:00
1859,66.0,2019-10-03 15:00:00
1860,24.0,2019-10-03 16:00:00
1861,28.0,2019-10-03 17:00:00
1862,30.0,2019-10-03 18:00:00
1863,40.0,2019-10-03 19:00:00
1864,59.0,2019-10-03 20:00:00
2167,,2019-10-03 21:00:00
1865,59.0,2019-10-03 22:00:00
1866,39.0,2019-10-03 23:00:00
1867,39.0,2019-10-04 00:00:00
1868,29.0,2019-10-04 01:00:00
1869,41.0,2019-10-04 02:00:00
2168,,2019-10-04 03:00:00
1870,41.0,2019-10-04 04:00:00
1871,38.0,2019-10-04 05:00:00
1872,38.0,2019-10-04 06:00:00
1873,42.0,2019-10-04 07:00:00
1874,42.0,2019-10-04 08:00:00
