,rohtak,utc_time
1867,,2019-07-06 00:00:00
1868,,2019-07-06 01:00:00
1869,,2019-07-06 02:00:00
1870,,2019-07-06 03:00:00
1871,,2019-07-06 04:00:00
1872,,2019-07-06 05:00:00
1873,,2019-07-06 06:00:00
1874,,2019-07-06 07:00:00
1875,,2019-07-06 08:00:00
1876,,2019-07-06 09:00:00
1877,,2019-07-06 10:00:00
1878,,2019-07-06 11:00:00
1879,,2019-07-06 12:00:00
1880,,2019-07-06 13:00:00
1881,,2019-07-06 14:00:00
1882,,2019-07-06 15:00:00
1883,,2019-07-06 16:00:00
1884,,2019-07-06 17:00:00
1885,,2019-07-06 18:00:00
1886,,2019-07-06 19:00:00
1887,,2019-07-06 20:00:00
1888,,2019-07-06 21:00:00
1889,,2019-07-06 22:00:00
1890,,2019-07-06 23:00:00
1891,,2019-07-07 00:00:00
1892,,2019-07-07 01:00:00
1893,,2019-07-07 02:00:00
1894,,2019-07-07 03:00:00
1895,,2019-07-07 04:00:00
1896,,2019-07-07 05:00:00
1897,,2019-07-07 06:00:00
1898,,2019-07-07 07:00:00
1899,,2019-07-07 08:00:00
1900,,2019-07-07 09:00:00
1901,,2019-07-07 10:00:00
1902,,2019-07-07 11:00:00
1903,,2019-07-07 12:00:00
1904,,2019-07-07 13:00:00
1905,,2019-07-07 14:00:00
1906,,2019-07-07 15:00:00
1907,,2019-07-07 16:00:00
1908,,2019-07-07 17:00:00
1909,,2019-07-07 18:00:00
1910,,2019-07-07 19:00:00
1911,,2019-07-07 20:00:00
1912,,2019-07-07 21:00:00
1913,,2019-07-07 22:00:00
1914,,2019-07-07 23:00:00
1915,,2019-07-08 00:00:00
1916,,2019-07-08 01:00:00
1917,,2019-07-08 02:00:00
1918,,2019-07-08 03:00:00
1919,,2019-07-08 04:00:00
1920,,2019-07-08 05:00:00
1921,,2019-07-08 06:00:00
1922,,2019-07-08 07:00:00
1923,,2019-07-08 08:00:00
1924,,2019-07-08 09:00:00
1925,,2019-07-08 10:00:00
1926,,2019-07-08 11:00:00
1927,,2019-07-08 12:00:00
1928,,2019-07-08 13:00:00
1929,,2019-07-08 14:00:00
1930,,2019-07-08 15:00:00
1931,,2019-07-08 16:00:00
1932,,2019-07-08 17:00:00
1933,,2019-07-08 18:00:00
1934,,2019-07-08 19:00:00
1935,,2019-07-08 20:00:00
1936,,2019-07-08 21:00:00
1937,,2019-07-08 22:00:00
1938,,2019-07-08 23:00:00
1939,,2019-07-09 00:00:00
1940,,2019-07-09 01:00:00
1941,,2019-07-09 02:00:00
1942,,2019-07-09 03:00:00
1943,,2019-07-09 04:00:00
1944,,2019-07-09 05:00:00
1945,,2019-07-09 06:00:00
1946,,2019-07-09 07:00:00
1947,,2019-07-09 08:00:00
1948,,2019-07-09 09:00:00
1949,,2019-07-09 10:00:00
1950,,2019-07-09 11:00:00
1951,,2019-07-09 12:00:00
1952,,2019-07-09 13:00:00
1953,,2019-07-09 14:00:00
1954,,2019-07-09 15:00:00
1955,,2019-07-09 16:00:00
1956,,2019-07-09 17:00:00
1957,,2019-07-09 18:00:00
1958,,2019-07-09 19:00:00
1959,,2019-07-09 20:00:00
1960,,2019-07-09 21:00:00
1961,,2019-07-09 22:00:00
1962,,2019-07-09 23:00:00
1963,,2019-07-10 00:00:00
1964,,2019-07-10 01:00:00
1965,,2019-07-10 02:00:00
1966,,2019-07-10 03:00:00
1967,,2019-07-10 04:00:00
1968,,2019-07-10 05:00:00
1969,,2019-07-10 06:00:00
1970,,2019-07-10 07:00:00
1971,,2019-07-10 08:00:00
1972,,2019-07-10 09:00:00
1973,,2019-07-10 10:00:00
1974,,2019-07-10 11:00:00
1975,,2019-07-10 12:00:00
1976,,2019-07-10 13:00:00
1977,,2019-07-10 14:00:00
1978,,2019-07-10 15:00:00
1979,,2019-07-10 16:00:00
1980,,2019-07-10 17:00:00
1981,,2019-07-10 18:00:00
1982,,2019-07-10 19:00:00
1983,,2019-07-10 20:00:00
1984,,2019-07-10 21:00:00
1985,,2019-07-10 22:00:00
1986,,2019-07-10 23:00:00
1987,,2019-07-11 00:00:00
1988,,2019-07-11 01:00:00
1989,,2019-07-11 02:00:00
1990,,2019-07-11 03:00:00
1991,,2019-07-11 04:00:00
1992,,2019-07-11 05:00:00
1993,,2019-07-11 06:00:00
1994,,2019-07-11 07:00:00
1995,,2019-07-11 08:00:00
1996,,2019-07-11 09:00:00
1997,,2019-07-11 10:00:00
0,,2019-07-11 11:00:00
1,,2019-07-11 12:00:00
2,,2019-07-11 13:00:00
3,,2019-07-11 14:00:00
4,,2019-07-11 15:00:00
5,,2019-07-11 16:00:00
6,,2019-07-11 17:00:00
7,,2019-07-11 18:00:00
8,66.35,2019-07-11 19:00:00
9,59.76,2019-07-11 20:00:00
10,59.76,2019-07-11 21:00:00
11,,2019-07-11 22:00:00
12,,2019-07-11 23:00:00
13,73.1,2019-07-12 00:00:00
14,46.78,2019-07-12 01:00:00
15,52.49,2019-07-12 02:00:00
16,77.04,2019-07-12 03:00:00
17,,2019-07-12 04:00:00
18,,2019-07-12 05:00:00
19,,2019-07-12 06:00:00
20,,2019-07-12 07:00:00
21,,2019-07-12 08:00:00
22,,2019-07-12 09:00:00
23,,2019-07-12 10:00:00
24,,2019-07-12 11:00:00
25,,2019-07-12 12:00:00
26,,2019-07-12 13:00:00
27,,2019-07-12 14:00:00
28,,2019-07-12 15:00:00
29,,2019-07-12 16:00:00
30,,2019-07-12 17:00:00
31,,2019-07-12 18:00:00
32,,2019-07-12 19:00:00
33,,2019-07-12 20:00:00
34,,2019-07-12 21:00:00
35,70.73,2019-07-12 22:00:00
36,51.92,2019-07-12 23:00:00
37,42.78,2019-07-13 00:00:00
38,52.37,2019-07-13 01:00:00
39,44.0,2019-07-13 02:00:00
40,61.09,2019-07-13 03:00:00
41,54.1,2019-07-13 04:00:00
42,78.02,2019-07-13 05:00:00
43,,2019-07-13 06:00:00
44,,2019-07-13 07:00:00
45,,2019-07-13 08:00:00
46,,2019-07-13 09:00:00
47,,2019-07-13 10:00:00
48,,2019-07-13 11:00:00
49,,2019-07-13 12:00:00
50,,2019-07-13 13:00:00
51,,2019-07-13 14:00:00
52,,2019-07-13 15:00:00
53,70.62,2019-07-13 16:00:00
54,74.16,2019-07-13 17:00:00
55,72.79,2019-07-13 18:00:00
56,79.08,2019-07-13 19:00:00
57,76.53,2019-07-13 20:00:00
58,76.53,2019-07-13 21:00:00
59,80.17,2019-07-13 22:00:00
60,,2019-07-13 23:00:00
61,56.61,2019-07-14 00:00:00
62,51.69,2019-07-14 01:00:00
63,51.36,2019-07-14 02:00:00
64,52.01,2019-07-14 03:00:00
65,,2019-07-14 04:00:00
66,,2019-07-14 05:00:00
67,,2019-07-14 06:00:00
68,,2019-07-14 07:00:00
69,,2019-07-14 08:00:00
70,,2019-07-14 09:00:00
71,,2019-07-14 10:00:00
72,,2019-07-14 11:00:00
73,,2019-07-14 12:00:00
74,,2019-07-14 13:00:00
75,,2019-07-14 14:00:00
76,,2019-07-14 15:00:00
77,,2019-07-14 16:00:00
78,,2019-07-14 17:00:00
79,63.47,2019-07-14 18:00:00
80,36.52,2019-07-14 19:00:00
81,37.85,2019-07-14 20:00:00
82,37.85,2019-07-14 21:00:00
83,51.46,2019-07-14 22:00:00
84,51.71,2019-07-14 23:00:00
85,26.75,2019-07-15 00:00:00
86,37.03,2019-07-15 01:00:00
87,51.41,2019-07-15 02:00:00
88,32.53,2019-07-15 03:00:00
89,36.1,2019-07-15 04:00:00
90,45.29,2019-07-15 05:00:00
91,23.97,2019-07-15 06:00:00
92,29.74,2019-07-15 07:00:00
1998,,2019-07-15 08:00:00
93,71.96,2019-07-15 09:00:00
94,71.96,2019-07-15 10:00:00
95,64.64,2019-07-15 11:00:00
96,34.73,2019-07-15 12:00:00
97,39.39,2019-07-15 13:00:00
98,32.52,2019-07-15 14:00:00
99,39.43,2019-07-15 15:00:00
100,35.57,2019-07-15 16:00:00
101,44.1,2019-07-15 17:00:00
102,57.7,2019-07-15 18:00:00
103,55.75,2019-07-15 19:00:00
104,30.82,2019-07-15 20:00:00
105,30.82,2019-07-15 21:00:00
106,55.95,2019-07-15 22:00:00
107,62.0,2019-07-15 23:00:00
108,48.03,2019-07-16 00:00:00
109,47.19,2019-07-16 01:00:00
110,40.64,2019-07-16 02:00:00
111,25.92,2019-07-16 03:00:00
112,24.24,2019-07-16 04:00:00
113,19.56,2019-07-16 05:00:00
114,26.46,2019-07-16 06:00:00
115,17.49,2019-07-16 07:00:00
116,22.46,2019-07-16 08:00:00
117,33.47,2019-07-16 09:00:00
118,33.47,2019-07-16 10:00:00
119,42.95,2019-07-16 11:00:00
120,21.96,2019-07-16 12:00:00
121,29.05,2019-07-16 13:00:00
122,33.83,2019-07-16 14:00:00
123,27.7,2019-07-16 15:00:00
124,40.97,2019-07-16 16:00:00
125,31.92,2019-07-16 17:00:00
126,40.36,2019-07-16 18:00:00
127,30.13,2019-07-16 19:00:00
128,19.42,2019-07-16 20:00:00
129,19.42,2019-07-16 21:00:00
130,9.93,2019-07-16 22:00:00
131,5.04,2019-07-16 23:00:00
132,7.98,2019-07-17 00:00:00
133,15.91,2019-07-17 01:00:00
134,10.6,2019-07-17 02:00:00
135,5.8,2019-07-17 03:00:00
136,4.99,2019-07-17 04:00:00
137,12.31,2019-07-17 05:00:00
138,7.18,2019-07-17 06:00:00
139,10.94,2019-07-17 07:00:00
140,7.72,2019-07-17 08:00:00
141,6.26,2019-07-17 09:00:00
142,39.21,2019-07-17 10:00:00
143,19.8,2019-07-17 11:00:00
144,9.9,2019-07-17 12:00:00
145,4.95,2019-07-17 13:00:00
146,48.55,2019-07-17 14:00:00
147,72.29,2019-07-17 15:00:00
148,54.3,2019-07-17 16:00:00
149,54.52,2019-07-17 17:00:00
150,37.73,2019-07-17 18:00:00
151,,2019-07-17 19:00:00
152,,2019-07-17 20:00:00
153,,2019-07-17 21:00:00
154,,2019-07-17 22:00:00
155,,2019-07-17 23:00:00
156,,2019-07-18 00:00:00
157,,2019-07-18 01:00:00
158,,2019-07-18 02:00:00
159,76.76,2019-07-18 03:00:00
160,19.19,2019-07-18 04:00:00
161,19.19,2019-07-18 05:00:00
162,0.0,2019-07-18 06:00:00
163,0.0,2019-07-18 07:00:00
164,0.0,2019-07-18 08:00:00
165,0.0,2019-07-18 09:00:00
166,0.0,2019-07-18 10:00:00
167,0.0,2019-07-18 11:00:00
168,1.64,2019-07-18 12:00:00
169,12.08,2019-07-18 13:00:00
170,27.15,2019-07-18 14:00:00
171,40.03,2019-07-18 15:00:00
172,21.1,2019-07-18 16:00:00
173,21.19,2019-07-18 17:00:00
174,25.29,2019-07-18 18:00:00
175,20.5,2019-07-18 19:00:00
176,34.63,2019-07-18 20:00:00
177,34.63,2019-07-18 21:00:00
178,30.97,2019-07-18 22:00:00
179,43.12,2019-07-18 23:00:00
180,53.53,2019-07-19 00:00:00
181,53.14,2019-07-19 01:00:00
182,51.85,2019-07-19 02:00:00
183,51.48,2019-07-19 03:00:00
184,46.93,2019-07-19 04:00:00
185,38.38,2019-07-19 05:00:00
186,35.7,2019-07-19 06:00:00
187,36.22,2019-07-19 07:00:00
188,35.06,2019-07-19 08:00:00
189,27.31,2019-07-19 09:00:00
190,26.32,2019-07-19 10:00:00
191,19.52,2019-07-19 11:00:00
192,12.31,2019-07-19 12:00:00
193,14.85,2019-07-19 13:00:00
194,22.34,2019-07-19 14:00:00
195,33.02,2019-07-19 15:00:00
196,41.08,2019-07-19 16:00:00
197,59.1,2019-07-19 17:00:00
198,58.83,2019-07-19 18:00:00
199,55.32,2019-07-19 19:00:00
200,45.42,2019-07-19 20:00:00
201,45.42,2019-07-19 21:00:00
202,57.45,2019-07-19 22:00:00
203,73.2,2019-07-19 23:00:00
204,73.2,2019-07-20 00:00:00
205,46.98,2019-07-20 01:00:00
206,38.87,2019-07-20 02:00:00
207,45.8,2019-07-20 03:00:00
208,42.98,2019-07-20 04:00:00
209,43.32,2019-07-20 05:00:00
210,41.7,2019-07-20 06:00:00
211,41.7,2019-07-20 07:00:00
212,38.81,2019-07-20 08:00:00
213,22.56,2019-07-20 09:00:00
214,26.94,2019-07-20 10:00:00
215,28.64,2019-07-20 11:00:00
216,16.39,2019-07-20 12:00:00
217,23.26,2019-07-20 13:00:00
218,30.36,2019-07-20 14:00:00
219,31.94,2019-07-20 15:00:00
220,19.07,2019-07-20 16:00:00
221,41.19,2019-07-20 17:00:00
222,31.88,2019-07-20 18:00:00
223,38.95,2019-07-20 19:00:00
224,35.9,2019-07-20 20:00:00
225,35.9,2019-07-20 21:00:00
226,45.75,2019-07-20 22:00:00
227,54.84,2019-07-20 23:00:00
228,59.2,2019-07-21 00:00:00
229,68.52,2019-07-21 01:00:00
230,59.43,2019-07-21 02:00:00
231,70.27,2019-07-21 03:00:00
232,,2019-07-21 04:00:00
233,58.26,2019-07-21 05:00:00
234,40.59,2019-07-21 06:00:00
235,40.59,2019-07-21 07:00:00
236,50.6,2019-07-21 08:00:00
237,45.82,2019-07-21 09:00:00
238,24.5,2019-07-21 10:00:00
239,34.92,2019-07-21 11:00:00
240,27.33,2019-07-21 12:00:00
241,18.97,2019-07-21 13:00:00
242,22.14,2019-07-21 14:00:00
243,19.45,2019-07-21 15:00:00
244,16.74,2019-07-21 16:00:00
245,16.3,2019-07-21 17:00:00
246,31.07,2019-07-21 18:00:00
247,32.14,2019-07-21 19:00:00
248,26.75,2019-07-21 20:00:00
249,26.75,2019-07-21 21:00:00
250,40.04,2019-07-21 22:00:00
251,52.56,2019-07-21 23:00:00
252,57.53,2019-07-22 00:00:00
253,71.8,2019-07-22 01:00:00
254,,2019-07-22 02:00:00
255,,2019-07-22 03:00:00
256,70.89,2019-07-22 04:00:00
257,68.77,2019-07-22 05:00:00
258,74.2,2019-07-22 06:00:00
259,53.2,2019-07-22 07:00:00
260,58.03,2019-07-22 08:00:00
261,48.9,2019-07-22 09:00:00
262,34.96,2019-07-22 10:00:00
263,46.58,2019-07-22 11:00:00
264,53.02,2019-07-22 12:00:00
265,44.89,2019-07-22 13:00:00
266,34.64,2019-07-22 14:00:00
267,42.77,2019-07-22 15:00:00
268,31.08,2019-07-22 16:00:00
269,47.51,2019-07-22 17:00:00
270,61.33,2019-07-22 18:00:00
271,62.6,2019-07-22 19:00:00
272,63.59,2019-07-22 20:00:00
273,63.59,2019-07-22 21:00:00
274,72.05,2019-07-22 22:00:00
275,65.85,2019-07-22 23:00:00
276,,2019-07-23 00:00:00
277,80.13,2019-07-23 01:00:00
278,81.62,2019-07-23 02:00:00
279,,2019-07-23 03:00:00
280,,2019-07-23 04:00:00
281,74.13,2019-07-23 05:00:00
282,39.05,2019-07-23 06:00:00
283,34.01,2019-07-23 07:00:00
284,40.6,2019-07-23 08:00:00
285,32.11,2019-07-23 09:00:00
286,34.17,2019-07-23 10:00:00
287,39.56,2019-07-23 11:00:00
288,56.02,2019-07-23 12:00:00
289,37.66,2019-07-23 13:00:00
290,52.35,2019-07-23 14:00:00
291,52.7,2019-07-23 15:00:00
292,59.33,2019-07-23 16:00:00
293,56.81,2019-07-23 17:00:00
294,57.04,2019-07-23 18:00:00
295,74.87,2019-07-23 19:00:00
296,,2019-07-23 20:00:00
297,,2019-07-23 21:00:00
298,76.67,2019-07-23 22:00:00
299,,2019-07-23 23:00:00
300,,2019-07-24 00:00:00
301,63.32,2019-07-24 01:00:00
302,44.43,2019-07-24 02:00:00
303,26.52,2019-07-24 03:00:00
304,36.27,2019-07-24 04:00:00
305,30.08,2019-07-24 05:00:00
306,36.53,2019-07-24 06:00:00
307,53.11,2019-07-24 07:00:00
308,39.53,2019-07-24 08:00:00
309,34.43,2019-07-24 09:00:00
310,39.88,2019-07-24 10:00:00
311,39.88,2019-07-24 11:00:00
312,25.52,2019-07-24 12:00:00
313,42.06,2019-07-24 13:00:00
314,24.1,2019-07-24 14:00:00
315,23.64,2019-07-24 15:00:00
316,20.5,2019-07-24 16:00:00
317,0.0,2019-07-24 17:00:00
318,0.0,2019-07-24 18:00:00
319,0.0,2019-07-24 19:00:00
320,0.0,2019-07-24 20:00:00
321,0.0,2019-07-24 21:00:00
322,0.0,2019-07-24 22:00:00
323,0.0,2019-07-24 23:00:00
324,0.0,2019-07-25 00:00:00
325,0.0,2019-07-25 01:00:00
326,0.0,2019-07-25 02:00:00
1999,,2019-07-25 03:00:00
327,0.0,2019-07-25 04:00:00
328,0.0,2019-07-25 05:00:00
329,0.0,2019-07-25 06:00:00
330,2.82,2019-07-25 07:00:00
331,15.83,2019-07-25 08:00:00
332,15.84,2019-07-25 09:00:00
333,15.4,2019-07-25 10:00:00
334,15.19,2019-07-25 11:00:00
335,15.7,2019-07-25 12:00:00
336,14.59,2019-07-25 13:00:00
337,22.07,2019-07-25 14:00:00
338,26.21,2019-07-25 15:00:00
339,31.99,2019-07-25 16:00:00
340,34.45,2019-07-25 17:00:00
341,38.33,2019-07-25 18:00:00
342,26.33,2019-07-25 19:00:00
343,22.88,2019-07-25 20:00:00
344,22.88,2019-07-25 21:00:00
345,19.68,2019-07-25 22:00:00
346,25.13,2019-07-25 23:00:00
347,33.39,2019-07-26 00:00:00
348,34.12,2019-07-26 01:00:00
349,37.02,2019-07-26 02:00:00
350,53.05,2019-07-26 03:00:00
351,66.95,2019-07-26 04:00:00
352,62.62,2019-07-26 05:00:00
353,63.21,2019-07-26 06:00:00
354,39.83,2019-07-26 07:00:00
355,37.06,2019-07-26 08:00:00
356,29.9,2019-07-26 09:00:00
357,23.31,2019-07-26 10:00:00
358,23.39,2019-07-26 11:00:00
359,19.55,2019-07-26 12:00:00
360,21.04,2019-07-26 13:00:00
361,30.42,2019-07-26 14:00:00
362,39.16,2019-07-26 15:00:00
363,26.97,2019-07-26 16:00:00
364,21.65,2019-07-26 17:00:00
365,18.47,2019-07-26 18:00:00
366,26.04,2019-07-26 19:00:00
367,29.81,2019-07-26 20:00:00
368,29.81,2019-07-26 21:00:00
369,31.6,2019-07-26 22:00:00
370,23.79,2019-07-26 23:00:00
371,24.36,2019-07-27 00:00:00
372,32.27,2019-07-27 01:00:00
373,28.64,2019-07-27 02:00:00
374,25.9,2019-07-27 03:00:00
375,30.94,2019-07-27 04:00:00
376,31.41,2019-07-27 05:00:00
377,27.07,2019-07-27 06:00:00
378,31.62,2019-07-27 07:00:00
379,36.84,2019-07-27 08:00:00
380,28.52,2019-07-27 09:00:00
381,15.42,2019-07-27 10:00:00
382,28.54,2019-07-27 11:00:00
383,16.67,2019-07-27 12:00:00
384,10.99,2019-07-27 13:00:00
385,27.83,2019-07-27 14:00:00
386,36.31,2019-07-27 15:00:00
387,63.01,2019-07-27 16:00:00
388,73.39,2019-07-27 17:00:00
389,36.7,2019-07-27 18:00:00
390,15.32,2019-07-27 19:00:00
391,26.93,2019-07-27 20:00:00
392,26.93,2019-07-27 21:00:00
393,46.46,2019-07-27 22:00:00
394,35.42,2019-07-27 23:00:00
395,30.67,2019-07-28 00:00:00
396,28.89,2019-07-28 01:00:00
397,17.02,2019-07-28 02:00:00
398,15.98,2019-07-28 03:00:00
399,26.29,2019-07-28 04:00:00
400,27.6,2019-07-28 05:00:00
401,15.3,2019-07-28 06:00:00
402,24.52,2019-07-28 07:00:00
403,24.44,2019-07-28 08:00:00
404,27.81,2019-07-28 09:00:00
405,39.28,2019-07-28 10:00:00
406,21.48,2019-07-28 11:00:00
407,48.97,2019-07-28 12:00:00
408,24.54,2019-07-28 13:00:00
409,31.85,2019-07-28 14:00:00
410,17.29,2019-07-28 15:00:00
411,10.41,2019-07-28 16:00:00
412,68.41,2019-07-28 17:00:00
413,34.98,2019-07-28 18:00:00
414,10.78,2019-07-28 19:00:00
415,7.0,2019-07-28 20:00:00
416,7.0,2019-07-28 21:00:00
417,23.36,2019-07-28 22:00:00
418,22.67,2019-07-28 23:00:00
419,32.54,2019-07-29 00:00:00
420,44.12,2019-07-29 01:00:00
421,40.58,2019-07-29 02:00:00
422,27.61,2019-07-29 03:00:00
423,23.3,2019-07-29 04:00:00
424,21.53,2019-07-29 05:00:00
425,22.92,2019-07-29 06:00:00
426,23.75,2019-07-29 07:00:00
427,31.61,2019-07-29 08:00:00
428,35.1,2019-07-29 09:00:00
429,35.07,2019-07-29 10:00:00
430,36.42,2019-07-29 11:00:00
431,26.68,2019-07-29 12:00:00
432,18.91,2019-07-29 13:00:00
433,17.05,2019-07-29 14:00:00
434,27.56,2019-07-29 15:00:00
435,18.12,2019-07-29 16:00:00
436,14.06,2019-07-29 17:00:00
437,34.99,2019-07-29 18:00:00
438,45.92,2019-07-29 19:00:00
439,52.91,2019-07-29 20:00:00
440,52.91,2019-07-29 21:00:00
441,45.6,2019-07-29 22:00:00
442,64.39,2019-07-29 23:00:00
443,72.07,2019-07-30 00:00:00
444,65.56,2019-07-30 01:00:00
445,71.08,2019-07-30 02:00:00
446,,2019-07-30 03:00:00
447,,2019-07-30 04:00:00
448,51.94,2019-07-30 05:00:00
449,25.97,2019-07-30 06:00:00
450,15.0,2019-07-30 07:00:00
451,9.08,2019-07-30 08:00:00
452,11.86,2019-07-30 09:00:00
453,11.51,2019-07-30 10:00:00
454,24.81,2019-07-30 11:00:00
455,13.17,2019-07-30 12:00:00
456,8.38,2019-07-30 13:00:00
457,4.19,2019-07-30 14:00:00
458,23.44,2019-07-30 15:00:00
459,28.15,2019-07-30 16:00:00
460,36.54,2019-07-30 17:00:00
461,46.83,2019-07-30 18:00:00
462,43.88,2019-07-30 19:00:00
463,25.01,2019-07-30 20:00:00
464,25.01,2019-07-30 21:00:00
465,36.16,2019-07-30 22:00:00
466,37.03,2019-07-30 23:00:00
467,22.89,2019-07-31 00:00:00
468,33.94,2019-07-31 01:00:00
469,27.13,2019-07-31 02:00:00
470,44.61,2019-07-31 03:00:00
471,56.84,2019-07-31 04:00:00
472,39.24,2019-07-31 05:00:00
473,29.18,2019-07-31 06:00:00
474,36.73,2019-07-31 07:00:00
475,25.46,2019-07-31 08:00:00
476,18.24,2019-07-31 09:00:00
477,23.54,2019-07-31 10:00:00
478,29.13,2019-07-31 11:00:00
479,41.53,2019-07-31 12:00:00
480,40.01,2019-07-31 13:00:00
481,30.3,2019-07-31 14:00:00
482,37.92,2019-07-31 15:00:00
483,29.32,2019-07-31 16:00:00
484,27.95,2019-07-31 17:00:00
485,41.11,2019-07-31 18:00:00
486,40.51,2019-07-31 19:00:00
487,35.65,2019-07-31 20:00:00
488,35.65,2019-07-31 21:00:00
489,41.04,2019-07-31 22:00:00
490,38.02,2019-07-31 23:00:00
491,36.79,2019-08-01 00:00:00
492,45.12,2019-08-01 01:00:00
493,47.66,2019-08-01 02:00:00
494,49.22,2019-08-01 03:00:00
495,38.25,2019-08-01 04:00:00
496,44.21,2019-08-01 05:00:00
497,28.16,2019-08-01 06:00:00
498,15.79,2019-08-01 07:00:00
499,21.21,2019-08-01 08:00:00
500,32.74,2019-08-01 09:00:00
501,23.35,2019-08-01 10:00:00
502,23.52,2019-08-01 11:00:00
503,15.87,2019-08-01 12:00:00
504,8.62,2019-08-01 13:00:00
505,27.78,2019-08-01 14:00:00
506,30.88,2019-08-01 15:00:00
507,31.39,2019-08-01 16:00:00
508,51.65,2019-08-01 17:00:00
509,42.99,2019-08-01 18:00:00
510,29.58,2019-08-01 19:00:00
511,48.29,2019-08-01 20:00:00
512,48.29,2019-08-01 21:00:00
513,38.41,2019-08-01 22:00:00
514,24.59,2019-08-01 23:00:00
515,29.68,2019-08-02 00:00:00
516,26.76,2019-08-02 01:00:00
517,30.92,2019-08-02 02:00:00
518,73.24,2019-08-02 03:00:00
519,64.79,2019-08-02 04:00:00
520,55.48,2019-08-02 05:00:00
521,39.4,2019-08-02 06:00:00
522,20.06,2019-08-02 07:00:00
523,24.1,2019-08-02 08:00:00
524,14.19,2019-08-02 09:00:00
525,7.42,2019-08-02 10:00:00
526,9.26,2019-08-02 11:00:00
527,4.92,2019-08-02 12:00:00
528,13.57,2019-08-02 13:00:00
529,15.87,2019-08-02 14:00:00
530,8.38,2019-08-02 15:00:00
531,13.18,2019-08-02 16:00:00
532,17.73,2019-08-02 17:00:00
533,22.9,2019-08-02 18:00:00
534,19.89,2019-08-02 19:00:00
535,40.72,2019-08-02 20:00:00
536,40.72,2019-08-02 21:00:00
537,54.63,2019-08-02 22:00:00
538,46.82,2019-08-02 23:00:00
539,44.8,2019-08-03 00:00:00
540,56.48,2019-08-03 01:00:00
541,54.53,2019-08-03 02:00:00
542,35.36,2019-08-03 03:00:00
543,40.69,2019-08-03 04:00:00
544,38.95,2019-08-03 05:00:00
545,27.23,2019-08-03 06:00:00
546,15.77,2019-08-03 07:00:00
547,45.34,2019-08-03 08:00:00
548,45.71,2019-08-03 09:00:00
549,29.03,2019-08-03 10:00:00
550,30.23,2019-08-03 11:00:00
551,17.25,2019-08-03 12:00:00
552,26.47,2019-08-03 13:00:00
553,27.69,2019-08-03 14:00:00
554,23.56,2019-08-03 15:00:00
555,33.35,2019-08-03 16:00:00
556,22.46,2019-08-03 17:00:00
557,47.96,2019-08-03 18:00:00
558,29.54,2019-08-03 19:00:00
559,38.0,2019-08-03 20:00:00
560,38.0,2019-08-03 21:00:00
561,38.78,2019-08-03 22:00:00
562,43.38,2019-08-03 23:00:00
563,31.17,2019-08-04 00:00:00
564,38.13,2019-08-04 01:00:00
565,39.3,2019-08-04 02:00:00
566,35.05,2019-08-04 03:00:00
567,33.8,2019-08-04 04:00:00
568,35.89,2019-08-04 05:00:00
569,25.89,2019-08-04 06:00:00
570,17.87,2019-08-04 07:00:00
571,11.65,2019-08-04 08:00:00
572,23.5,2019-08-04 09:00:00
573,12.04,2019-08-04 10:00:00
574,17.2,2019-08-04 11:00:00
575,14.08,2019-08-04 12:00:00
576,9.63,2019-08-04 13:00:00
577,32.65,2019-08-04 14:00:00
578,18.16,2019-08-04 15:00:00
579,9.85,2019-08-04 16:00:00
580,18.74,2019-08-04 17:00:00
581,20.58,2019-08-04 18:00:00
582,39.45,2019-08-04 19:00:00
583,46.94,2019-08-04 20:00:00
584,46.94,2019-08-04 21:00:00
585,,2019-08-04 22:00:00
586,81.91,2019-08-04 23:00:00
587,53.38,2019-08-05 00:00:00
588,53.93,2019-08-05 01:00:00
589,29.3,2019-08-05 02:00:00
590,69.22,2019-08-05 03:00:00
591,64.73,2019-08-05 04:00:00
592,37.91,2019-08-05 05:00:00
593,38.32,2019-08-05 06:00:00
594,19.64,2019-08-05 07:00:00
595,17.15,2019-08-05 08:00:00
596,20.98,2019-08-05 09:00:00
597,21.92,2019-08-05 10:00:00
598,12.42,2019-08-05 11:00:00
599,15.06,2019-08-05 12:00:00
600,21.94,2019-08-05 13:00:00
601,16.68,2019-08-05 14:00:00
602,45.2,2019-08-05 15:00:00
603,64.89,2019-08-05 16:00:00
604,33.73,2019-08-05 17:00:00
605,49.13,2019-08-05 18:00:00
606,17.65,2019-08-05 19:00:00
607,29.46,2019-08-05 20:00:00
608,29.46,2019-08-05 21:00:00
609,17.02,2019-08-05 22:00:00
610,16.68,2019-08-05 23:00:00
611,43.49,2019-08-06 00:00:00
612,37.64,2019-08-06 01:00:00
613,26.69,2019-08-06 02:00:00
614,26.87,2019-08-06 03:00:00
615,18.85,2019-08-06 04:00:00
616,30.45,2019-08-06 05:00:00
617,35.82,2019-08-06 06:00:00
618,17.91,2019-08-06 07:00:00
619,10.02,2019-08-06 08:00:00
620,16.34,2019-08-06 09:00:00
621,21.11,2019-08-06 10:00:00
622,19.71,2019-08-06 11:00:00
623,19.22,2019-08-06 12:00:00
624,29.31,2019-08-06 13:00:00
625,18.63,2019-08-06 14:00:00
626,11.38,2019-08-06 15:00:00
627,31.73,2019-08-06 16:00:00
628,41.85,2019-08-06 17:00:00
629,50.13,2019-08-06 18:00:00
630,62.15,2019-08-06 19:00:00
631,63.11,2019-08-06 20:00:00
632,63.11,2019-08-06 21:00:00
633,53.2,2019-08-06 22:00:00
634,37.07,2019-08-06 23:00:00
635,37.36,2019-08-07 00:00:00
636,37.65,2019-08-07 01:00:00
637,38.22,2019-08-07 02:00:00
638,36.42,2019-08-07 03:00:00
639,31.73,2019-08-07 04:00:00
640,37.36,2019-08-07 05:00:00
641,31.95,2019-08-07 06:00:00
642,43.36,2019-08-07 07:00:00
643,22.98,2019-08-07 08:00:00
644,14.6,2019-08-07 09:00:00
645,24.96,2019-08-07 10:00:00
646,15.01,2019-08-07 11:00:00
647,13.46,2019-08-07 12:00:00
648,11.44,2019-08-07 13:00:00
649,7.67,2019-08-07 14:00:00
650,22.21,2019-08-07 15:00:00
651,34.83,2019-08-07 16:00:00
652,38.28,2019-08-07 17:00:00
653,42.79,2019-08-07 18:00:00
654,32.98,2019-08-07 19:00:00
655,19.69,2019-08-07 20:00:00
656,19.69,2019-08-07 21:00:00
657,20.41,2019-08-07 22:00:00
658,29.39,2019-08-07 23:00:00
659,24.68,2019-08-08 00:00:00
660,39.3,2019-08-08 01:00:00
661,36.5,2019-08-08 02:00:00
662,48.05,2019-08-08 03:00:00
663,54.1,2019-08-08 04:00:00
664,33.91,2019-08-08 05:00:00
665,25.4,2019-08-08 06:00:00
666,25.39,2019-08-08 07:00:00
667,25.87,2019-08-08 08:00:00
668,26.99,2019-08-08 09:00:00
669,14.37,2019-08-08 10:00:00
670,8.64,2019-08-08 11:00:00
671,11.73,2019-08-08 12:00:00
672,16.56,2019-08-08 13:00:00
673,37.49,2019-08-08 14:00:00
674,35.86,2019-08-08 15:00:00
675,27.12,2019-08-08 16:00:00
676,13.92,2019-08-08 17:00:00
677,14.61,2019-08-08 18:00:00
678,0.0,2019-08-08 19:00:00
679,46.98,2019-08-08 20:00:00
680,46.98,2019-08-08 21:00:00
681,26.91,2019-08-08 22:00:00
682,13.84,2019-08-08 23:00:00
683,17.01,2019-08-09 00:00:00
684,15.25,2019-08-09 01:00:00
685,19.51,2019-08-09 02:00:00
686,20.58,2019-08-09 03:00:00
687,11.37,2019-08-09 04:00:00
688,9.56,2019-08-09 05:00:00
689,8.73,2019-08-09 06:00:00
690,7.01,2019-08-09 07:00:00
691,15.8,2019-08-09 08:00:00
692,18.5,2019-08-09 09:00:00
693,10.65,2019-08-09 10:00:00
694,7.36,2019-08-09 11:00:00
695,9.38,2019-08-09 12:00:00
696,5.25,2019-08-09 13:00:00
697,4.06,2019-08-09 14:00:00
698,3.3,2019-08-09 15:00:00
699,11.83,2019-08-09 16:00:00
700,15.18,2019-08-09 17:00:00
701,27.72,2019-08-09 18:00:00
702,31.35,2019-08-09 19:00:00
703,22.69,2019-08-09 20:00:00
704,22.69,2019-08-09 21:00:00
705,69.01,2019-08-09 22:00:00
706,64.07,2019-08-09 23:00:00
707,38.0,2019-08-10 00:00:00
708,41.58,2019-08-10 01:00:00
709,,2019-08-10 02:00:00
710,,2019-08-10 03:00:00
711,,2019-08-10 04:00:00
712,,2019-08-10 05:00:00
713,58.58,2019-08-10 06:00:00
714,29.29,2019-08-10 07:00:00
715,14.64,2019-08-10 08:00:00
716,7.32,2019-08-10 09:00:00
717,12.94,2019-08-10 10:00:00
718,14.69,2019-08-10 11:00:00
719,14.01,2019-08-10 12:00:00
720,8.71,2019-08-10 13:00:00
721,22.9,2019-08-10 14:00:00
722,31.14,2019-08-10 15:00:00
723,,2019-08-10 16:00:00
724,,2019-08-10 17:00:00
725,72.12,2019-08-10 18:00:00
726,,2019-08-10 19:00:00
727,,2019-08-10 20:00:00
728,,2019-08-10 21:00:00
729,,2019-08-10 22:00:00
730,,2019-08-10 23:00:00
731,50.51,2019-08-11 00:00:00
732,25.25,2019-08-11 01:00:00
733,12.63,2019-08-11 02:00:00
734,6.31,2019-08-11 03:00:00
735,3.16,2019-08-11 04:00:00
736,1.58,2019-08-11 05:00:00
737,0.79,2019-08-11 06:00:00
738,0.39,2019-08-11 07:00:00
739,0.2,2019-08-11 08:00:00
740,0.1,2019-08-11 09:00:00
741,0.06,2019-08-11 10:00:00
742,5.45,2019-08-11 11:00:00
743,3.04,2019-08-11 12:00:00
744,3.92,2019-08-11 13:00:00
745,4.67,2019-08-11 14:00:00
746,2.33,2019-08-11 15:00:00
747,30.13,2019-08-11 16:00:00
748,30.18,2019-08-11 17:00:00
749,41.91,2019-08-11 18:00:00
750,42.75,2019-08-11 19:00:00
751,37.07,2019-08-11 20:00:00
752,37.07,2019-08-11 21:00:00
753,35.58,2019-08-11 22:00:00
754,19.97,2019-08-11 23:00:00
755,12.13,2019-08-12 00:00:00
756,17.27,2019-08-12 01:00:00
757,8.63,2019-08-12 02:00:00
758,4.32,2019-08-12 03:00:00
759,2.22,2019-08-12 04:00:00
760,16.26,2019-08-12 05:00:00
761,,2019-08-12 06:00:00
762,63.59,2019-08-12 07:00:00
763,10.58,2019-08-12 08:00:00
764,10.58,2019-08-12 09:00:00
765,11.58,2019-08-12 10:00:00
2000,,2019-08-12 11:00:00
2001,,2019-08-12 12:00:00
2002,,2019-08-12 13:00:00
766,27.45,2019-08-12 14:00:00
767,20.68,2019-08-12 15:00:00
768,30.35,2019-08-12 16:00:00
769,29.01,2019-08-12 17:00:00
770,20.87,2019-08-12 18:00:00
771,19.36,2019-08-12 19:00:00
772,16.22,2019-08-12 20:00:00
773,16.22,2019-08-12 21:00:00
774,15.6,2019-08-12 22:00:00
775,15.26,2019-08-12 23:00:00
776,13.73,2019-08-13 00:00:00
777,13.11,2019-08-13 01:00:00
778,12.87,2019-08-13 02:00:00
779,21.13,2019-08-13 03:00:00
780,43.94,2019-08-13 04:00:00
781,34.36,2019-08-13 05:00:00
782,35.26,2019-08-13 06:00:00
783,42.02,2019-08-13 07:00:00
784,43.72,2019-08-13 08:00:00
785,29.5,2019-08-13 09:00:00
786,24.46,2019-08-13 10:00:00
787,33.33,2019-08-13 11:00:00
788,33.25,2019-08-13 12:00:00
789,36.57,2019-08-13 13:00:00
790,23.58,2019-08-13 14:00:00
791,29.32,2019-08-13 15:00:00
792,32.69,2019-08-13 16:00:00
793,22.92,2019-08-13 17:00:00
794,38.73,2019-08-13 18:00:00
795,34.77,2019-08-13 19:00:00
796,23.98,2019-08-13 20:00:00
797,23.98,2019-08-13 21:00:00
798,29.98,2019-08-13 22:00:00
799,35.77,2019-08-13 23:00:00
800,25.56,2019-08-14 00:00:00
801,28.46,2019-08-14 01:00:00
802,27.81,2019-08-14 02:00:00
803,26.71,2019-08-14 03:00:00
804,49.56,2019-08-14 04:00:00
805,45.83,2019-08-14 05:00:00
806,36.27,2019-08-14 06:00:00
807,37.23,2019-08-14 07:00:00
808,42.83,2019-08-14 08:00:00
809,45.24,2019-08-14 09:00:00
810,38.06,2019-08-14 10:00:00
811,40.09,2019-08-14 11:00:00
812,29.11,2019-08-14 12:00:00
813,21.62,2019-08-14 13:00:00
814,17.02,2019-08-14 14:00:00
815,42.22,2019-08-14 15:00:00
816,44.25,2019-08-14 16:00:00
817,50.87,2019-08-14 17:00:00
818,,2019-08-14 18:00:00
819,,2019-08-14 19:00:00
820,,2019-08-14 20:00:00
821,,2019-08-14 21:00:00
822,81.43,2019-08-14 22:00:00
823,,2019-08-14 23:00:00
824,,2019-08-15 00:00:00
825,,2019-08-15 01:00:00
826,82.5,2019-08-15 02:00:00
827,48.64,2019-08-15 03:00:00
828,29.87,2019-08-15 04:00:00
829,22.34,2019-08-15 05:00:00
830,23.02,2019-08-15 06:00:00
831,25.86,2019-08-15 07:00:00
832,19.92,2019-08-15 08:00:00
833,23.05,2019-08-15 09:00:00
834,18.0,2019-08-15 10:00:00
835,20.45,2019-08-15 11:00:00
836,20.38,2019-08-15 12:00:00
837,20.45,2019-08-15 13:00:00
838,20.35,2019-08-15 14:00:00
839,23.86,2019-08-15 15:00:00
840,29.67,2019-08-15 16:00:00
841,50.29,2019-08-15 17:00:00
842,31.13,2019-08-15 18:00:00
843,30.12,2019-08-15 19:00:00
844,33.87,2019-08-15 20:00:00
845,33.87,2019-08-15 21:00:00
846,32.16,2019-08-15 22:00:00
847,22.9,2019-08-15 23:00:00
848,17.15,2019-08-16 00:00:00
849,14.85,2019-08-16 01:00:00
850,29.66,2019-08-16 02:00:00
851,26.87,2019-08-16 03:00:00
852,20.78,2019-08-16 04:00:00
853,35.87,2019-08-16 05:00:00
854,30.41,2019-08-16 06:00:00
855,25.09,2019-08-16 07:00:00
856,30.34,2019-08-16 08:00:00
857,22.84,2019-08-16 09:00:00
858,18.14,2019-08-16 10:00:00
859,16.19,2019-08-16 11:00:00
860,14.46,2019-08-16 12:00:00
861,26.63,2019-08-16 13:00:00
862,22.58,2019-08-16 14:00:00
863,26.14,2019-08-16 15:00:00
864,20.57,2019-08-16 16:00:00
865,25.6,2019-08-16 17:00:00
866,24.06,2019-08-16 18:00:00
867,29.34,2019-08-16 19:00:00
868,21.9,2019-08-16 20:00:00
869,21.9,2019-08-16 21:00:00
870,17.17,2019-08-16 22:00:00
871,19.12,2019-08-16 23:00:00
872,21.47,2019-08-17 00:00:00
873,16.42,2019-08-17 01:00:00
874,14.93,2019-08-17 02:00:00
875,13.63,2019-08-17 03:00:00
876,31.44,2019-08-17 04:00:00
877,23.13,2019-08-17 05:00:00
878,7.88,2019-08-17 06:00:00
879,4.64,2019-08-17 07:00:00
880,9.3,2019-08-17 08:00:00
881,24.25,2019-08-17 09:00:00
882,23.11,2019-08-17 10:00:00
883,23.73,2019-08-17 11:00:00
884,19.1,2019-08-17 12:00:00
885,15.1,2019-08-17 13:00:00
886,18.14,2019-08-17 14:00:00
887,14.67,2019-08-17 15:00:00
888,15.8,2019-08-17 16:00:00
889,14.59,2019-08-17 17:00:00
890,16.31,2019-08-17 18:00:00
891,23.08,2019-08-17 19:00:00
892,18.49,2019-08-17 20:00:00
893,18.49,2019-08-17 21:00:00
894,16.07,2019-08-17 22:00:00
895,14.04,2019-08-17 23:00:00
896,12.44,2019-08-18 00:00:00
897,12.2,2019-08-18 01:00:00
898,18.58,2019-08-18 02:00:00
899,18.48,2019-08-18 03:00:00
900,15.62,2019-08-18 04:00:00
901,13.89,2019-08-18 05:00:00
902,12.32,2019-08-18 06:00:00
903,11.31,2019-08-18 07:00:00
904,16.33,2019-08-18 08:00:00
905,15.92,2019-08-18 09:00:00
906,14.28,2019-08-18 10:00:00
907,13.6,2019-08-18 11:00:00
908,13.29,2019-08-18 12:00:00
909,13.24,2019-08-18 13:00:00
910,13.31,2019-08-18 14:00:00
911,13.56,2019-08-18 15:00:00
912,17.73,2019-08-18 16:00:00
913,29.18,2019-08-18 17:00:00
914,28.41,2019-08-18 18:00:00
915,28.78,2019-08-18 19:00:00
916,29.4,2019-08-18 20:00:00
917,29.4,2019-08-18 21:00:00
918,34.64,2019-08-18 22:00:00
919,31.17,2019-08-18 23:00:00
920,38.83,2019-08-19 00:00:00
921,36.67,2019-08-19 01:00:00
922,29.54,2019-08-19 02:00:00
923,37.01,2019-08-19 03:00:00
924,44.77,2019-08-19 04:00:00
925,35.36,2019-08-19 05:00:00
926,39.25,2019-08-19 06:00:00
927,34.58,2019-08-19 07:00:00
928,46.77,2019-08-19 08:00:00
929,29.36,2019-08-19 09:00:00
930,27.61,2019-08-19 10:00:00
931,22.64,2019-08-19 11:00:00
932,28.76,2019-08-19 12:00:00
933,28.12,2019-08-19 13:00:00
934,20.75,2019-08-19 14:00:00
935,29.76,2019-08-19 15:00:00
936,37.29,2019-08-19 16:00:00
937,42.07,2019-08-19 17:00:00
938,29.72,2019-08-19 18:00:00
939,39.43,2019-08-19 19:00:00
940,34.96,2019-08-19 20:00:00
941,34.96,2019-08-19 21:00:00
942,43.47,2019-08-19 22:00:00
943,40.33,2019-08-19 23:00:00
944,30.47,2019-08-20 00:00:00
945,40.37,2019-08-20 01:00:00
946,29.93,2019-08-20 02:00:00
947,31.14,2019-08-20 03:00:00
948,35.81,2019-08-20 04:00:00
949,33.35,2019-08-20 05:00:00
950,36.81,2019-08-20 06:00:00
951,25.53,2019-08-20 07:00:00
952,0.0,2019-08-20 08:00:00
953,17.44,2019-08-20 09:00:00
954,17.49,2019-08-20 10:00:00
955,17.42,2019-08-20 11:00:00
956,17.19,2019-08-20 12:00:00
957,20.79,2019-08-20 13:00:00
958,24.16,2019-08-20 14:00:00
959,21.67,2019-08-20 15:00:00
960,28.73,2019-08-20 16:00:00
961,36.6,2019-08-20 17:00:00
962,44.31,2019-08-20 18:00:00
963,38.05,2019-08-20 19:00:00
964,39.0,2019-08-20 20:00:00
965,39.0,2019-08-20 21:00:00
966,34.32,2019-08-20 22:00:00
967,40.61,2019-08-20 23:00:00
968,49.4,2019-08-21 00:00:00
969,57.59,2019-08-21 01:00:00
970,37.01,2019-08-21 02:00:00
971,35.93,2019-08-21 03:00:00
972,27.34,2019-08-21 04:00:00
973,36.45,2019-08-21 05:00:00
974,45.61,2019-08-21 06:00:00
975,33.85,2019-08-21 07:00:00
976,31.08,2019-08-21 08:00:00
977,48.75,2019-08-21 09:00:00
978,42.44,2019-08-21 10:00:00
979,42.33,2019-08-21 11:00:00
980,38.61,2019-08-21 12:00:00
981,38.23,2019-08-21 13:00:00
982,31.53,2019-08-21 14:00:00
983,41.62,2019-08-21 15:00:00
984,42.11,2019-08-21 16:00:00
985,52.04,2019-08-21 17:00:00
986,37.85,2019-08-21 18:00:00
987,33.96,2019-08-21 19:00:00
988,34.29,2019-08-21 20:00:00
989,34.29,2019-08-21 21:00:00
990,30.59,2019-08-21 22:00:00
991,20.91,2019-08-21 23:00:00
992,20.73,2019-08-22 00:00:00
993,11.87,2019-08-22 01:00:00
994,24.32,2019-08-22 02:00:00
995,15.31,2019-08-22 03:00:00
996,18.45,2019-08-22 04:00:00
997,34.09,2019-08-22 05:00:00
998,22.05,2019-08-22 06:00:00
999,13.69,2019-08-22 07:00:00
1000,36.84,2019-08-22 08:00:00
1001,44.43,2019-08-22 09:00:00
1002,24.63,2019-08-22 10:00:00
1003,15.24,2019-08-22 11:00:00
1004,23.02,2019-08-22 12:00:00
1005,25.34,2019-08-22 13:00:00
1006,24.84,2019-08-22 14:00:00
1007,19.37,2019-08-22 15:00:00
1008,15.02,2019-08-22 16:00:00
1009,39.05,2019-08-22 17:00:00
1010,45.67,2019-08-22 18:00:00
1011,65.35,2019-08-22 19:00:00
1012,60.92,2019-08-22 20:00:00
1013,60.92,2019-08-22 21:00:00
1014,56.4,2019-08-22 22:00:00
1015,50.18,2019-08-22 23:00:00
1016,43.99,2019-08-23 00:00:00
1017,50.92,2019-08-23 01:00:00
1018,35.4,2019-08-23 02:00:00
1019,53.94,2019-08-23 03:00:00
1020,54.59,2019-08-23 04:00:00
1021,48.11,2019-08-23 05:00:00
1022,45.4,2019-08-23 06:00:00
1023,31.68,2019-08-23 07:00:00
1024,30.82,2019-08-23 08:00:00
1025,25.85,2019-08-23 09:00:00
1026,16.78,2019-08-23 10:00:00
1027,32.21,2019-08-23 11:00:00
1028,17.1,2019-08-23 12:00:00
1029,19.66,2019-08-23 13:00:00
1030,28.95,2019-08-23 14:00:00
1031,25.78,2019-08-23 15:00:00
1032,39.46,2019-08-23 16:00:00
1033,38.82,2019-08-23 17:00:00
1034,47.61,2019-08-23 18:00:00
2003,,2019-08-23 19:00:00
2004,,2019-08-23 20:00:00
2005,,2019-08-23 21:00:00
2006,,2019-08-23 22:00:00
2007,,2019-08-23 23:00:00
2008,,2019-08-24 00:00:00
2009,,2019-08-24 01:00:00
2010,,2019-08-24 02:00:00
2011,,2019-08-24 03:00:00
1035,56.28,2019-08-24 04:00:00
1036,54.54,2019-08-24 05:00:00
1037,56.28,2019-08-24 06:00:00
1038,53.79,2019-08-24 07:00:00
1039,63.33,2019-08-24 08:00:00
1040,40.76,2019-08-24 09:00:00
1041,42.53,2019-08-24 10:00:00
1042,33.44,2019-08-24 11:00:00
1043,31.38,2019-08-24 12:00:00
1044,20.33,2019-08-24 13:00:00
1045,24.95,2019-08-24 14:00:00
1046,31.74,2019-08-24 15:00:00
1047,26.81,2019-08-24 16:00:00
1048,23.43,2019-08-24 17:00:00
1049,41.41,2019-08-24 18:00:00
1050,52.77,2019-08-24 19:00:00
1051,56.28,2019-08-24 20:00:00
1052,56.28,2019-08-24 21:00:00
1053,55.29,2019-08-24 22:00:00
1054,44.9,2019-08-24 23:00:00
1055,49.52,2019-08-25 00:00:00
1056,55.64,2019-08-25 01:00:00
1057,55.21,2019-08-25 02:00:00
1058,45.49,2019-08-25 03:00:00
1059,60.38,2019-08-25 04:00:00
1060,49.92,2019-08-25 05:00:00
1061,42.98,2019-08-25 06:00:00
1062,39.73,2019-08-25 07:00:00
1063,50.07,2019-08-25 08:00:00
1064,30.35,2019-08-25 09:00:00
1065,17.29,2019-08-25 10:00:00
1066,14.68,2019-08-25 11:00:00
1067,20.1,2019-08-25 12:00:00
1068,24.5,2019-08-25 13:00:00
1069,31.0,2019-08-25 14:00:00
1070,17.92,2019-08-25 15:00:00
1071,21.15,2019-08-25 16:00:00
1072,33.83,2019-08-25 17:00:00
1073,17.15,2019-08-25 18:00:00
1074,27.24,2019-08-25 19:00:00
1075,19.63,2019-08-25 20:00:00
1076,19.63,2019-08-25 21:00:00
1077,21.0,2019-08-25 22:00:00
1078,18.35,2019-08-25 23:00:00
1079,22.48,2019-08-26 00:00:00
1080,26.27,2019-08-26 01:00:00
1081,15.74,2019-08-26 02:00:00
2012,,2019-08-26 03:00:00
2013,,2019-08-26 04:00:00
2014,,2019-08-26 05:00:00
2015,,2019-08-26 06:00:00
2016,,2019-08-26 07:00:00
2017,,2019-08-26 08:00:00
2018,,2019-08-26 09:00:00
2019,,2019-08-26 10:00:00
2020,,2019-08-26 11:00:00
2021,,2019-08-26 12:00:00
2022,,2019-08-26 13:00:00
2023,,2019-08-26 14:00:00
2024,,2019-08-26 15:00:00
2025,,2019-08-26 16:00:00
2026,,2019-08-26 17:00:00
2027,,2019-08-26 18:00:00
2028,,2019-08-26 19:00:00
2029,,2019-08-26 20:00:00
2030,,2019-08-26 21:00:00
2031,,2019-08-26 22:00:00
2032,,2019-08-26 23:00:00
2033,,2019-08-27 00:00:00
2034,,2019-08-27 01:00:00
1082,68.16,2019-08-27 02:00:00
1083,45.77,2019-08-27 03:00:00
1084,68.16,2019-08-27 04:00:00
1085,64.34,2019-08-27 05:00:00
1086,36.75,2019-08-27 06:00:00
1087,30.91,2019-08-27 07:00:00
1088,40.58,2019-08-27 08:00:00
1089,23.96,2019-08-27 09:00:00
1090,18.59,2019-08-27 10:00:00
1091,28.06,2019-08-27 11:00:00
1092,14.67,2019-08-27 12:00:00
1093,16.19,2019-08-27 13:00:00
1094,20.42,2019-08-27 14:00:00
1095,14.84,2019-08-27 15:00:00
1096,8.51,2019-08-27 16:00:00
1097,19.49,2019-08-27 17:00:00
1098,45.85,2019-08-27 18:00:00
1099,46.36,2019-08-27 19:00:00
1100,56.09,2019-08-27 20:00:00
1101,56.09,2019-08-27 21:00:00
1102,49.53,2019-08-27 22:00:00
1103,62.48,2019-08-27 23:00:00
1104,47.93,2019-08-28 00:00:00
1105,49.76,2019-08-28 01:00:00
1106,42.89,2019-08-28 02:00:00
1107,57.67,2019-08-28 03:00:00
1108,55.74,2019-08-28 04:00:00
1109,64.59,2019-08-28 05:00:00
1110,57.04,2019-08-28 06:00:00
1111,0.0,2019-08-28 07:00:00
1112,0.0,2019-08-28 08:00:00
1113,0.0,2019-08-28 09:00:00
1114,0.0,2019-08-28 10:00:00
1115,0.0,2019-08-28 11:00:00
1116,22.02,2019-08-28 12:00:00
1117,12.7,2019-08-28 13:00:00
1118,13.16,2019-08-28 14:00:00
1119,19.29,2019-08-28 15:00:00
1120,13.5,2019-08-28 16:00:00
1121,21.77,2019-08-28 17:00:00
1122,21.85,2019-08-28 18:00:00
1123,23.11,2019-08-28 19:00:00
1124,16.72,2019-08-28 20:00:00
1125,16.72,2019-08-28 21:00:00
1126,17.69,2019-08-28 22:00:00
1127,36.78,2019-08-28 23:00:00
1128,39.62,2019-08-29 00:00:00
1129,49.32,2019-08-29 01:00:00
1130,51.62,2019-08-29 02:00:00
1131,57.69,2019-08-29 03:00:00
1132,65.11,2019-08-29 04:00:00
1133,57.93,2019-08-29 05:00:00
1134,45.13,2019-08-29 06:00:00
1135,40.03,2019-08-29 07:00:00
1136,30.6,2019-08-29 08:00:00
1137,19.16,2019-08-29 09:00:00
1138,12.13,2019-08-29 10:00:00
1139,29.38,2019-08-29 11:00:00
1140,36.42,2019-08-29 12:00:00
1141,34.89,2019-08-29 13:00:00
1142,28.96,2019-08-29 14:00:00
1143,29.87,2019-08-29 15:00:00
1144,19.17,2019-08-29 16:00:00
1145,17.36,2019-08-29 17:00:00
1146,23.31,2019-08-29 18:00:00
1147,13.58,2019-08-29 19:00:00
1148,20.01,2019-08-29 20:00:00
1149,20.01,2019-08-29 21:00:00
1150,22.69,2019-08-29 22:00:00
1151,23.24,2019-08-29 23:00:00
1152,13.8,2019-08-30 00:00:00
1153,17.21,2019-08-30 01:00:00
1154,17.22,2019-08-30 02:00:00
1155,16.99,2019-08-30 03:00:00
1156,37.47,2019-08-30 04:00:00
1157,36.71,2019-08-30 05:00:00
1158,27.92,2019-08-30 06:00:00
1159,33.19,2019-08-30 07:00:00
1160,39.29,2019-08-30 08:00:00
1161,52.91,2019-08-30 09:00:00
1162,48.07,2019-08-30 10:00:00
1163,47.82,2019-08-30 11:00:00
1164,38.48,2019-08-30 12:00:00
1165,40.29,2019-08-30 13:00:00
1166,46.13,2019-08-30 14:00:00
1167,46.25,2019-08-30 15:00:00
1168,56.27,2019-08-30 16:00:00
1169,68.33,2019-08-30 17:00:00
1170,60.8,2019-08-30 18:00:00
1171,60.57,2019-08-30 19:00:00
1172,77.37,2019-08-30 20:00:00
1173,77.37,2019-08-30 21:00:00
1174,66.72,2019-08-30 22:00:00
1175,79.35,2019-08-30 23:00:00
1176,74.9,2019-08-31 00:00:00
1177,,2019-08-31 01:00:00
1178,,2019-08-31 02:00:00
1179,74.61,2019-08-31 03:00:00
1180,63.9,2019-08-31 04:00:00
1181,56.68,2019-08-31 05:00:00
1182,55.41,2019-08-31 06:00:00
1183,40.53,2019-08-31 07:00:00
1184,33.27,2019-08-31 08:00:00
1185,36.71,2019-08-31 09:00:00
1186,25.82,2019-08-31 10:00:00
1187,37.68,2019-08-31 11:00:00
1188,32.52,2019-08-31 12:00:00
1189,32.52,2019-08-31 13:00:00
1190,28.65,2019-08-31 14:00:00
1191,45.38,2019-08-31 15:00:00
1192,34.06,2019-08-31 16:00:00
1193,54.97,2019-08-31 17:00:00
1194,68.44,2019-08-31 18:00:00
1195,43.04,2019-08-31 19:00:00
1196,49.48,2019-08-31 20:00:00
1197,49.48,2019-08-31 21:00:00
1198,45.64,2019-08-31 22:00:00
1199,26.57,2019-08-31 23:00:00
1200,38.49,2019-09-01 00:00:00
1201,24.97,2019-09-01 01:00:00
1202,32.29,2019-09-01 02:00:00
1203,56.96,2019-09-01 03:00:00
1204,33.6,2019-09-01 04:00:00
1205,39.06,2019-09-01 05:00:00
1206,22.22,2019-09-01 06:00:00
1207,12.04,2019-09-01 07:00:00
1208,7.97,2019-09-01 08:00:00
1209,10.44,2019-09-01 09:00:00
1210,15.81,2019-09-01 10:00:00
1211,17.98,2019-09-01 11:00:00
1212,16.13,2019-09-01 12:00:00
1213,18.9,2019-09-01 13:00:00
1214,21.11,2019-09-01 14:00:00
1215,23.32,2019-09-01 15:00:00
1216,15.59,2019-09-01 16:00:00
1217,19.15,2019-09-01 17:00:00
1218,33.99,2019-09-01 18:00:00
1219,38.24,2019-09-01 19:00:00
1220,36.49,2019-09-01 20:00:00
1221,36.49,2019-09-01 21:00:00
1222,36.13,2019-09-01 22:00:00
1223,44.2,2019-09-01 23:00:00
1224,40.08,2019-09-02 00:00:00
1225,30.19,2019-09-02 01:00:00
1226,28.79,2019-09-02 02:00:00
1227,35.95,2019-09-02 03:00:00
1228,29.35,2019-09-02 04:00:00
1229,32.85,2019-09-02 05:00:00
1230,33.83,2019-09-02 06:00:00
1231,30.29,2019-09-02 07:00:00
1232,39.72,2019-09-02 08:00:00
1233,28.17,2019-09-02 09:00:00
1234,22.93,2019-09-02 10:00:00
1235,25.79,2019-09-02 11:00:00
1236,20.33,2019-09-02 12:00:00
1237,40.1,2019-09-02 13:00:00
1238,30.48,2019-09-02 14:00:00
1239,36.21,2019-09-02 15:00:00
1240,49.17,2019-09-02 16:00:00
1241,41.1,2019-09-02 17:00:00
1242,47.08,2019-09-02 18:00:00
1243,51.66,2019-09-02 19:00:00
1244,58.29,2019-09-02 20:00:00
1245,58.29,2019-09-02 21:00:00
1246,44.74,2019-09-02 22:00:00
1247,46.13,2019-09-02 23:00:00
1248,47.03,2019-09-03 00:00:00
1249,51.53,2019-09-03 01:00:00
1250,47.64,2019-09-03 02:00:00
1251,55.68,2019-09-03 03:00:00
1252,63.64,2019-09-03 04:00:00
1253,63.3,2019-09-03 05:00:00
1254,44.78,2019-09-03 06:00:00
1255,53.89,2019-09-03 07:00:00
1256,27.77,2019-09-03 08:00:00
1257,33.52,2019-09-03 09:00:00
1258,17.92,2019-09-03 10:00:00
1259,29.22,2019-09-03 11:00:00
1260,32.76,2019-09-03 12:00:00
1261,24.36,2019-09-03 13:00:00
1262,37.05,2019-09-03 14:00:00
1263,48.96,2019-09-03 15:00:00
1264,39.74,2019-09-03 16:00:00
1265,57.96,2019-09-03 17:00:00
1266,75.49,2019-09-03 18:00:00
1267,,2019-09-03 19:00:00
1268,,2019-09-03 20:00:00
1269,,2019-09-03 21:00:00
1270,78.48,2019-09-03 22:00:00
1271,63.92,2019-09-03 23:00:00
1272,34.76,2019-09-04 00:00:00
1273,33.83,2019-09-04 01:00:00
1274,29.67,2019-09-04 02:00:00
1275,47.53,2019-09-04 03:00:00
1276,61.91,2019-09-04 04:00:00
1277,74.5,2019-09-04 05:00:00
1278,76.67,2019-09-04 06:00:00
1279,54.22,2019-09-04 07:00:00
1280,32.04,2019-09-04 08:00:00
1281,53.88,2019-09-04 09:00:00
1282,48.64,2019-09-04 10:00:00
1283,56.13,2019-09-04 11:00:00
1284,48.3,2019-09-04 12:00:00
1285,53.87,2019-09-04 13:00:00
1286,48.35,2019-09-04 14:00:00
1287,50.63,2019-09-04 15:00:00
1288,63.69,2019-09-04 16:00:00
1289,64.22,2019-09-04 17:00:00
1290,60.19,2019-09-04 18:00:00
1291,59.93,2019-09-04 19:00:00
1292,60.5,2019-09-04 20:00:00
1293,60.5,2019-09-04 21:00:00
1294,64.82,2019-09-04 22:00:00
1295,,2019-09-04 23:00:00
1296,,2019-09-05 00:00:00
1297,,2019-09-05 01:00:00
1298,,2019-09-05 02:00:00
1299,,2019-09-05 03:00:00
1300,,2019-09-05 04:00:00
1301,,2019-09-05 05:00:00
1302,,2019-09-05 06:00:00
1303,,2019-09-05 07:00:00
1304,,2019-09-05 08:00:00
1305,,2019-09-05 09:00:00
1306,78.04,2019-09-05 10:00:00
1307,43.37,2019-09-05 11:00:00
1308,14.29,2019-09-05 12:00:00
1309,20.71,2019-09-05 13:00:00
1310,11.54,2019-09-05 14:00:00
1311,33.87,2019-09-05 15:00:00
1312,41.85,2019-09-05 16:00:00
1313,38.57,2019-09-05 17:00:00
1314,,2019-09-05 18:00:00
1315,,2019-09-05 19:00:00
1316,,2019-09-05 20:00:00
1317,,2019-09-05 21:00:00
1318,,2019-09-05 22:00:00
1319,,2019-09-05 23:00:00
1320,,2019-09-06 00:00:00
1321,,2019-09-06 01:00:00
1322,,2019-09-06 02:00:00
1323,,2019-09-06 03:00:00
1324,,2019-09-06 04:00:00
1325,,2019-09-06 05:00:00
1326,0.0,2019-09-06 06:00:00
1327,0.0,2019-09-06 07:00:00
1328,0.0,2019-09-06 08:00:00
1329,0.0,2019-09-06 09:00:00
1330,0.0,2019-09-06 10:00:00
1331,0.0,2019-09-06 11:00:00
1332,1.78,2019-09-06 12:00:00
1333,14.58,2019-09-06 13:00:00
1334,22.16,2019-09-06 14:00:00
1335,25.68,2019-09-06 15:00:00
1336,58.95,2019-09-06 16:00:00
1337,42.36,2019-09-06 17:00:00
1338,31.27,2019-09-06 18:00:00
1339,31.96,2019-09-06 19:00:00
1340,19.46,2019-09-06 20:00:00
1341,19.46,2019-09-06 21:00:00
1342,26.32,2019-09-06 22:00:00
1343,32.62,2019-09-06 23:00:00
1344,47.79,2019-09-07 00:00:00
1345,32.3,2019-09-07 01:00:00
1346,30.61,2019-09-07 02:00:00
1347,28.26,2019-09-07 03:00:00
1348,24.45,2019-09-07 04:00:00
1349,44.36,2019-09-07 05:00:00
1350,25.15,2019-09-07 06:00:00
1351,17.16,2019-09-07 07:00:00
1352,27.16,2019-09-07 08:00:00
1353,40.26,2019-09-07 09:00:00
1354,42.55,2019-09-07 10:00:00
1355,32.73,2019-09-07 11:00:00
1356,27.07,2019-09-07 12:00:00
1357,28.2,2019-09-07 13:00:00
1358,25.17,2019-09-07 14:00:00
1359,35.26,2019-09-07 15:00:00
1360,37.13,2019-09-07 16:00:00
1361,0.0,2019-09-07 17:00:00
1362,0.0,2019-09-07 18:00:00
2035,,2019-09-07 19:00:00
2036,,2019-09-07 20:00:00
2037,,2019-09-07 21:00:00
2038,,2019-09-07 22:00:00
2039,,2019-09-07 23:00:00
2040,,2019-09-08 00:00:00
2041,,2019-09-08 01:00:00
2042,,2019-09-08 02:00:00
2043,,2019-09-08 03:00:00
2044,,2019-09-08 04:00:00
2045,,2019-09-08 05:00:00
2046,,2019-09-08 06:00:00
2047,,2019-09-08 07:00:00
1363,7.61,2019-09-08 08:00:00
1364,0.0,2019-09-08 09:00:00
1365,6.95,2019-09-08 10:00:00
1366,5.29,2019-09-08 11:00:00
1367,3.85,2019-09-08 12:00:00
1368,11.61,2019-09-08 13:00:00
1369,24.01,2019-09-08 14:00:00
1370,32.71,2019-09-08 15:00:00
1371,39.44,2019-09-08 16:00:00
1372,45.04,2019-09-08 17:00:00
1373,48.96,2019-09-08 18:00:00
1374,39.63,2019-09-08 19:00:00
1375,38.9,2019-09-08 20:00:00
1376,38.9,2019-09-08 21:00:00
1377,41.18,2019-09-08 22:00:00
1378,45.41,2019-09-08 23:00:00
1379,36.97,2019-09-09 00:00:00
1380,30.7,2019-09-09 01:00:00
1381,35.3,2019-09-09 02:00:00
1382,37.19,2019-09-09 03:00:00
1383,34.8,2019-09-09 04:00:00
1384,32.1,2019-09-09 05:00:00
1385,34.64,2019-09-09 06:00:00
1386,38.06,2019-09-09 07:00:00
1387,26.82,2019-09-09 08:00:00
1388,21.26,2019-09-09 09:00:00
1389,26.74,2019-09-09 10:00:00
1390,31.23,2019-09-09 11:00:00
1391,33.67,2019-09-09 12:00:00
1392,36.31,2019-09-09 13:00:00
1393,39.83,2019-09-09 14:00:00
1394,38.64,2019-09-09 15:00:00
1395,34.42,2019-09-09 16:00:00
1396,40.39,2019-09-09 17:00:00
1397,35.4,2019-09-09 18:00:00
1398,35.35,2019-09-09 19:00:00
1399,27.79,2019-09-09 20:00:00
1400,27.79,2019-09-09 21:00:00
1401,27.39,2019-09-09 22:00:00
1402,32.4,2019-09-09 23:00:00
1403,37.42,2019-09-10 00:00:00
1404,34.23,2019-09-10 01:00:00
1405,33.7,2019-09-10 02:00:00
1406,35.88,2019-09-10 03:00:00
1407,34.74,2019-09-10 04:00:00
1408,32.3,2019-09-10 05:00:00
1409,27.42,2019-09-10 06:00:00
1410,24.32,2019-09-10 07:00:00
1411,26.0,2019-09-10 08:00:00
1412,27.58,2019-09-10 09:00:00
1413,26.82,2019-09-10 10:00:00
1414,23.51,2019-09-10 11:00:00
1415,34.13,2019-09-10 12:00:00
1416,36.74,2019-09-10 13:00:00
1417,39.51,2019-09-10 14:00:00
1418,40.74,2019-09-10 15:00:00
1419,44.93,2019-09-10 16:00:00
1420,57.48,2019-09-10 17:00:00
1421,53.24,2019-09-10 18:00:00
1422,52.6,2019-09-10 19:00:00
1423,63.13,2019-09-10 20:00:00
1424,63.13,2019-09-10 21:00:00
1425,66.29,2019-09-10 22:00:00
1426,66.62,2019-09-10 23:00:00
1427,59.79,2019-09-11 00:00:00
1428,41.88,2019-09-11 01:00:00
1429,52.04,2019-09-11 02:00:00
1430,70.96,2019-09-11 03:00:00
1431,63.28,2019-09-11 04:00:00
1432,38.29,2019-09-11 05:00:00
1433,49.78,2019-09-11 06:00:00
1434,24.34,2019-09-11 07:00:00
1435,26.88,2019-09-11 08:00:00
1436,36.76,2019-09-11 09:00:00
1437,56.28,2019-09-11 10:00:00
1438,49.36,2019-09-11 11:00:00
1439,29.67,2019-09-11 12:00:00
2048,,2019-09-11 13:00:00
2049,,2019-09-11 14:00:00
2050,,2019-09-11 15:00:00
2051,,2019-09-11 16:00:00
2052,,2019-09-11 17:00:00
1440,77.9,2019-09-11 18:00:00
1441,77.35,2019-09-11 19:00:00
1442,78.64,2019-09-11 20:00:00
1443,78.64,2019-09-11 21:00:00
1444,,2019-09-11 22:00:00
1445,,2019-09-11 23:00:00
1446,,2019-09-12 00:00:00
1447,,2019-09-12 01:00:00
1448,,2019-09-12 02:00:00
1449,,2019-09-12 03:00:00
1450,,2019-09-12 04:00:00
1451,73.39,2019-09-12 05:00:00
1452,72.48,2019-09-12 06:00:00
1453,74.96,2019-09-12 07:00:00
1454,68.4,2019-09-12 08:00:00
1455,43.67,2019-09-12 09:00:00
1456,44.2,2019-09-12 10:00:00
1457,22.3,2019-09-12 11:00:00
1458,11.15,2019-09-12 12:00:00
1459,5.57,2019-09-12 13:00:00
1460,2.79,2019-09-12 14:00:00
1461,1.39,2019-09-12 15:00:00
1462,2.47,2019-09-12 16:00:00
1463,37.3,2019-09-12 17:00:00
1464,52.26,2019-09-12 18:00:00
1465,45.96,2019-09-12 19:00:00
1466,38.69,2019-09-12 20:00:00
1467,38.69,2019-09-12 21:00:00
1468,25.3,2019-09-12 22:00:00
1469,29.38,2019-09-12 23:00:00
1470,44.02,2019-09-13 00:00:00
1471,43.66,2019-09-13 01:00:00
1472,37.63,2019-09-13 02:00:00
1473,39.93,2019-09-13 03:00:00
1474,22.09,2019-09-13 04:00:00
1475,34.04,2019-09-13 05:00:00
1476,77.06,2019-09-13 06:00:00
1477,51.75,2019-09-13 07:00:00
1478,43.33,2019-09-13 08:00:00
1479,42.32,2019-09-13 09:00:00
1480,39.91,2019-09-13 10:00:00
1481,31.75,2019-09-13 11:00:00
1482,31.75,2019-09-13 12:00:00
1483,30.33,2019-09-13 13:00:00
1484,39.82,2019-09-13 14:00:00
1485,42.63,2019-09-13 15:00:00
1486,41.25,2019-09-13 16:00:00
1487,,2019-09-13 17:00:00
1488,,2019-09-13 18:00:00
1489,71.56,2019-09-13 19:00:00
1490,57.72,2019-09-13 20:00:00
1491,57.72,2019-09-13 21:00:00
1492,61.65,2019-09-13 22:00:00
1493,32.45,2019-09-13 23:00:00
1494,23.71,2019-09-14 00:00:00
1495,23.19,2019-09-14 01:00:00
1496,18.9,2019-09-14 02:00:00
1497,23.33,2019-09-14 03:00:00
1498,30.06,2019-09-14 04:00:00
1499,33.96,2019-09-14 05:00:00
1500,27.97,2019-09-14 06:00:00
1501,27.79,2019-09-14 07:00:00
1502,34.05,2019-09-14 08:00:00
1503,17.82,2019-09-14 09:00:00
1504,22.92,2019-09-14 10:00:00
1505,14.81,2019-09-14 11:00:00
1506,19.8,2019-09-14 12:00:00
1507,27.25,2019-09-14 13:00:00
1508,19.65,2019-09-14 14:00:00
1509,25.54,2019-09-14 15:00:00
1510,22.36,2019-09-14 16:00:00
1511,21.78,2019-09-14 17:00:00
1512,23.73,2019-09-14 18:00:00
1513,36.14,2019-09-14 19:00:00
1514,28.78,2019-09-14 20:00:00
1515,28.78,2019-09-14 21:00:00
1516,22.72,2019-09-14 22:00:00
1517,30.24,2019-09-14 23:00:00
1518,22.2,2019-09-15 00:00:00
1519,17.95,2019-09-15 01:00:00
1520,19.66,2019-09-15 02:00:00
1521,17.76,2019-09-15 03:00:00
1522,18.21,2019-09-15 04:00:00
1523,27.75,2019-09-15 05:00:00
1524,27.75,2019-09-15 06:00:00
1525,16.77,2019-09-15 07:00:00
1526,10.19,2019-09-15 08:00:00
1527,5.32,2019-09-15 09:00:00
1528,25.64,2019-09-15 10:00:00
1529,13.0,2019-09-15 11:00:00
1530,9.38,2019-09-15 12:00:00
1531,19.02,2019-09-15 13:00:00
1532,21.44,2019-09-15 14:00:00
1533,31.45,2019-09-15 15:00:00
1534,34.93,2019-09-15 16:00:00
1535,45.57,2019-09-15 17:00:00
1536,41.01,2019-09-15 18:00:00
1537,26.35,2019-09-15 19:00:00
1538,35.11,2019-09-15 20:00:00
1539,35.11,2019-09-15 21:00:00
1540,20.52,2019-09-15 22:00:00
1541,35.05,2019-09-15 23:00:00
1542,31.73,2019-09-16 00:00:00
1543,29.92,2019-09-16 01:00:00
1544,41.62,2019-09-16 02:00:00
1545,47.22,2019-09-16 03:00:00
1546,27.91,2019-09-16 04:00:00
1547,23.61,2019-09-16 05:00:00
1548,14.26,2019-09-16 06:00:00
1549,23.24,2019-09-16 07:00:00
1550,14.18,2019-09-16 08:00:00
1551,10.8,2019-09-16 09:00:00
1552,10.8,2019-09-16 10:00:00
1553,40.37,2019-09-16 11:00:00
1554,22.56,2019-09-16 12:00:00
1555,20.4,2019-09-16 13:00:00
1556,32.56,2019-09-16 14:00:00
1557,40.66,2019-09-16 15:00:00
1558,45.53,2019-09-16 16:00:00
1559,53.4,2019-09-16 17:00:00
1560,43.66,2019-09-16 18:00:00
1561,61.61,2019-09-16 19:00:00
1562,52.19,2019-09-16 20:00:00
1563,52.19,2019-09-16 21:00:00
1564,36.45,2019-09-16 22:00:00
1565,55.87,2019-09-16 23:00:00
1566,52.48,2019-09-17 00:00:00
1567,56.09,2019-09-17 01:00:00
1568,42.0,2019-09-17 02:00:00
1569,23.05,2019-09-17 03:00:00
1570,14.62,2019-09-17 04:00:00
1571,22.69,2019-09-17 05:00:00
1572,13.71,2019-09-17 06:00:00
1573,13.71,2019-09-17 07:00:00
1574,18.49,2019-09-17 08:00:00
1575,11.98,2019-09-17 09:00:00
1576,7.15,2019-09-17 10:00:00
1577,6.15,2019-09-17 11:00:00
1578,37.82,2019-09-17 12:00:00
1579,29.44,2019-09-17 13:00:00
1580,23.88,2019-09-17 14:00:00
1581,48.83,2019-09-17 15:00:00
1582,58.89,2019-09-17 16:00:00
1583,62.4,2019-09-17 17:00:00
1584,35.33,2019-09-17 18:00:00
1585,46.08,2019-09-17 19:00:00
1586,42.02,2019-09-17 20:00:00
1587,42.02,2019-09-17 21:00:00
1588,41.8,2019-09-17 22:00:00
1589,25.84,2019-09-17 23:00:00
1590,35.22,2019-09-18 00:00:00
1591,27.99,2019-09-18 01:00:00
1592,43.51,2019-09-18 02:00:00
1593,28.2,2019-09-18 03:00:00
1594,45.12,2019-09-18 04:00:00
1595,33.05,2019-09-18 05:00:00
1596,17.73,2019-09-18 06:00:00
1597,14.92,2019-09-18 07:00:00
1598,20.09,2019-09-18 08:00:00
1599,14.0,2019-09-18 09:00:00
1600,32.94,2019-09-18 10:00:00
1601,17.39,2019-09-18 11:00:00
1602,17.39,2019-09-18 12:00:00
1603,27.77,2019-09-18 13:00:00
1604,29.33,2019-09-18 14:00:00
1605,48.37,2019-09-18 15:00:00
1606,27.59,2019-09-18 16:00:00
1607,30.16,2019-09-18 17:00:00
1608,44.07,2019-09-18 18:00:00
1609,41.33,2019-09-18 19:00:00
1610,22.55,2019-09-18 20:00:00
1611,22.55,2019-09-18 21:00:00
1612,11.92,2019-09-18 22:00:00
1613,15.11,2019-09-18 23:00:00
1614,10.15,2019-09-19 00:00:00
1615,13.16,2019-09-19 01:00:00
1616,8.29,2019-09-19 02:00:00
1617,7.3,2019-09-19 03:00:00
1618,6.11,2019-09-19 04:00:00
2053,,2019-09-19 05:00:00
1619,10.06,2019-09-19 06:00:00
1620,14.71,2019-09-19 07:00:00
1621,10.6,2019-09-19 08:00:00
1622,9.61,2019-09-19 09:00:00
1623,8.25,2019-09-19 10:00:00
1624,20.89,2019-09-19 11:00:00
1625,20.89,2019-09-19 12:00:00
1626,27.22,2019-09-19 13:00:00
1627,26.32,2019-09-19 14:00:00
1628,30.01,2019-09-19 15:00:00
1629,36.79,2019-09-19 16:00:00
1630,39.87,2019-09-19 17:00:00
1631,41.84,2019-09-19 18:00:00
1632,42.77,2019-09-19 19:00:00
1633,39.17,2019-09-19 20:00:00
1634,39.17,2019-09-19 21:00:00
1635,24.76,2019-09-19 22:00:00
1636,35.34,2019-09-19 23:00:00
1637,33.17,2019-09-20 00:00:00
1638,42.29,2019-09-20 01:00:00
1639,28.88,2019-09-20 02:00:00
1640,32.67,2019-09-20 03:00:00
1641,17.09,2019-09-20 04:00:00
1642,21.32,2019-09-20 05:00:00
1643,11.58,2019-09-20 06:00:00
1644,20.85,2019-09-20 07:00:00
1645,15.91,2019-09-20 08:00:00
1646,8.51,2019-09-20 09:00:00
1647,10.62,2019-09-20 10:00:00
1648,22.61,2019-09-20 11:00:00
1649,14.42,2019-09-20 12:00:00
1650,20.14,2019-09-20 13:00:00
1651,32.1,2019-09-20 14:00:00
1652,42.6,2019-09-20 15:00:00
1653,42.15,2019-09-20 16:00:00
1654,41.7,2019-09-20 17:00:00
1655,41.56,2019-09-20 18:00:00
1656,36.45,2019-09-20 19:00:00
1657,37.81,2019-09-20 20:00:00
1658,37.81,2019-09-20 21:00:00
1659,46.33,2019-09-20 22:00:00
1660,43.13,2019-09-20 23:00:00
1661,37.02,2019-09-21 00:00:00
1662,50.18,2019-09-21 01:00:00
1663,39.68,2019-09-21 02:00:00
1664,46.61,2019-09-21 03:00:00
1665,32.93,2019-09-21 04:00:00
1666,33.7,2019-09-21 05:00:00
2054,,2019-09-21 06:00:00
2055,,2019-09-21 07:00:00
2056,,2019-09-21 08:00:00
1667,0.0,2019-09-21 09:00:00
1668,20.01,2019-09-21 10:00:00
1669,20.01,2019-09-21 11:00:00
1670,20.01,2019-09-21 12:00:00
1671,20.01,2019-09-21 13:00:00
1672,20.01,2019-09-21 14:00:00
1673,20.01,2019-09-21 15:00:00
1674,20.01,2019-09-21 16:00:00
1675,20.01,2019-09-21 17:00:00
1676,20.01,2019-09-21 18:00:00
2057,,2019-09-21 19:00:00
1677,20.01,2019-09-21 20:00:00
1678,20.01,2019-09-21 21:00:00
1679,20.01,2019-09-21 22:00:00
1680,20.01,2019-09-21 23:00:00
1681,20.01,2019-09-22 00:00:00
1682,20.01,2019-09-22 01:00:00
1683,20.01,2019-09-22 02:00:00
1684,14.23,2019-09-22 03:00:00
1685,14.01,2019-09-22 04:00:00
1686,34.62,2019-09-22 05:00:00
1687,35.93,2019-09-22 06:00:00
1688,22.8,2019-09-22 07:00:00
1689,17.0,2019-09-22 08:00:00
1690,17.53,2019-09-22 09:00:00
1691,20.84,2019-09-22 10:00:00
1692,20.11,2019-09-22 11:00:00
1693,18.93,2019-09-22 12:00:00
1694,17.14,2019-09-22 13:00:00
1695,25.17,2019-09-22 14:00:00
1696,25.21,2019-09-22 15:00:00
1697,16.52,2019-09-22 16:00:00
1698,16.74,2019-09-22 17:00:00
1699,20.36,2019-09-22 18:00:00
1700,32.83,2019-09-22 19:00:00
1701,33.27,2019-09-22 20:00:00
1702,33.27,2019-09-22 21:00:00
1703,25.88,2019-09-22 22:00:00
1704,24.17,2019-09-22 23:00:00
1705,26.62,2019-09-23 00:00:00
1706,27.54,2019-09-23 01:00:00
1707,32.03,2019-09-23 02:00:00
1708,35.56,2019-09-23 03:00:00
1709,31.73,2019-09-23 04:00:00
1710,31.86,2019-09-23 05:00:00
1711,34.49,2019-09-23 06:00:00
1712,31.91,2019-09-23 07:00:00
1713,25.28,2019-09-23 08:00:00
1714,19.73,2019-09-23 09:00:00
1715,19.91,2019-09-23 10:00:00
1716,18.58,2019-09-23 11:00:00
1717,22.88,2019-09-23 12:00:00
1718,25.86,2019-09-23 13:00:00
1719,29.3,2019-09-23 14:00:00
1720,28.73,2019-09-23 15:00:00
1721,25.22,2019-09-23 16:00:00
1722,30.85,2019-09-23 17:00:00
1723,32.71,2019-09-23 18:00:00
1724,38.61,2019-09-23 19:00:00
1725,33.35,2019-09-23 20:00:00
1726,33.35,2019-09-23 21:00:00
1727,30.04,2019-09-23 22:00:00
1728,31.68,2019-09-23 23:00:00
1729,27.91,2019-09-24 00:00:00
1730,22.88,2019-09-24 01:00:00
1731,22.54,2019-09-24 02:00:00
1732,24.91,2019-09-24 03:00:00
1733,28.8,2019-09-24 04:00:00
1734,27.0,2019-09-24 05:00:00
1735,24.55,2019-09-24 06:00:00
1736,19.02,2019-09-24 07:00:00
1737,12.02,2019-09-24 08:00:00
1738,17.46,2019-09-24 09:00:00
1739,21.22,2019-09-24 10:00:00
1740,24.1,2019-09-24 11:00:00
1741,20.77,2019-09-24 12:00:00
1742,15.73,2019-09-24 13:00:00
1743,23.29,2019-09-24 14:00:00
1744,36.29,2019-09-24 15:00:00
1745,35.17,2019-09-24 16:00:00
1746,25.16,2019-09-24 17:00:00
1747,24.8,2019-09-24 18:00:00
1748,30.65,2019-09-24 19:00:00
1749,30.28,2019-09-24 20:00:00
1750,30.28,2019-09-24 21:00:00
1751,31.41,2019-09-24 22:00:00
1752,30.86,2019-09-24 23:00:00
1753,31.54,2019-09-25 00:00:00
1754,29.64,2019-09-25 01:00:00
1755,32.73,2019-09-25 02:00:00
1756,42.04,2019-09-25 03:00:00
1757,40.39,2019-09-25 04:00:00
1758,39.73,2019-09-25 05:00:00
1759,34.74,2019-09-25 06:00:00
1760,29.19,2019-09-25 07:00:00
1761,22.66,2019-09-25 08:00:00
1762,6.9,2019-09-25 09:00:00
1763,9.07,2019-09-25 10:00:00
1764,5.06,2019-09-25 11:00:00
1765,12.56,2019-09-25 12:00:00
1766,29.14,2019-09-25 13:00:00
1767,40.52,2019-09-25 14:00:00
1768,39.27,2019-09-25 15:00:00
1769,26.81,2019-09-25 16:00:00
1770,25.98,2019-09-25 17:00:00
1771,23.47,2019-09-25 18:00:00
1772,16.24,2019-09-25 19:00:00
1773,29.78,2019-09-25 20:00:00
1774,29.78,2019-09-25 21:00:00
1775,38.36,2019-09-25 22:00:00
1776,35.77,2019-09-25 23:00:00
1777,33.84,2019-09-26 00:00:00
1778,36.1,2019-09-26 01:00:00
1779,33.3,2019-09-26 02:00:00
1780,29.81,2019-09-26 03:00:00
1781,24.53,2019-09-26 04:00:00
2058,,2019-09-26 05:00:00
1782,24.69,2019-09-26 06:00:00
1783,23.04,2019-09-26 07:00:00
1784,27.57,2019-09-26 08:00:00
1785,24.25,2019-09-26 09:00:00
1786,18.39,2019-09-26 10:00:00
1787,13.08,2019-09-26 11:00:00
1788,15.96,2019-09-26 12:00:00
1789,15.77,2019-09-26 13:00:00
1790,18.44,2019-09-26 14:00:00
1791,16.91,2019-09-26 15:00:00
1792,23.08,2019-09-26 16:00:00
1793,27.79,2019-09-26 17:00:00
1794,26.56,2019-09-26 18:00:00
1795,21.64,2019-09-26 19:00:00
1796,27.96,2019-09-26 20:00:00
1797,27.96,2019-09-26 21:00:00
1798,22.98,2019-09-26 22:00:00
1799,17.78,2019-09-26 23:00:00
1800,13.74,2019-09-27 00:00:00
1801,15.12,2019-09-27 01:00:00
1802,16.46,2019-09-27 02:00:00
1803,10.55,2019-09-27 03:00:00
1804,14.7,2019-09-27 04:00:00
1805,15.63,2019-09-27 05:00:00
1806,12.17,2019-09-27 06:00:00
1807,10.33,2019-09-27 07:00:00
1808,7.46,2019-09-27 08:00:00
1809,10.07,2019-09-27 09:00:00
1810,10.16,2019-09-27 10:00:00
1811,6.63,2019-09-27 11:00:00
1812,7.37,2019-09-27 12:00:00
1813,11.82,2019-09-27 13:00:00
1814,17.78,2019-09-27 14:00:00
1815,18.74,2019-09-27 15:00:00
1816,17.69,2019-09-27 16:00:00
1817,22.26,2019-09-27 17:00:00
1818,25.04,2019-09-27 18:00:00
1819,19.74,2019-09-27 19:00:00
1820,27.16,2019-09-27 20:00:00
1821,27.16,2019-09-27 21:00:00
1822,26.97,2019-09-27 22:00:00
1823,22.38,2019-09-27 23:00:00
1824,23.67,2019-09-28 00:00:00
1825,21.95,2019-09-28 01:00:00
1826,24.55,2019-09-28 02:00:00
1827,34.24,2019-09-28 03:00:00
1828,33.1,2019-09-28 04:00:00
1829,24.04,2019-09-28 05:00:00
1830,18.22,2019-09-28 06:00:00
1831,24.92,2019-09-28 07:00:00
1832,23.72,2019-09-28 08:00:00
1833,13.25,2019-09-28 09:00:00
1834,8.08,2019-09-28 10:00:00
1835,12.26,2019-09-28 11:00:00
1836,19.84,2019-09-28 12:00:00
1837,17.06,2019-09-28 13:00:00
1838,15.74,2019-09-28 14:00:00
1839,13.53,2019-09-28 15:00:00
1840,14.28,2019-09-28 16:00:00
1841,21.05,2019-09-28 17:00:00
1842,26.57,2019-09-28 18:00:00
1843,16.29,2019-09-28 19:00:00
1844,17.8,2019-09-28 20:00:00
1845,17.8,2019-09-28 21:00:00
1846,14.32,2019-09-28 22:00:00
1847,10.5,2019-09-28 23:00:00
1848,14.14,2019-09-29 00:00:00
1849,21.22,2019-09-29 01:00:00
1850,18.88,2019-09-29 02:00:00
1851,13.45,2019-09-29 03:00:00
1852,9.71,2019-09-29 04:00:00
1853,15.14,2019-09-29 05:00:00
1854,18.25,2019-09-29 06:00:00
1855,16.98,2019-09-29 07:00:00
1856,20.31,2019-09-29 08:00:00
1857,22.1,2019-09-29 09:00:00
1858,21.29,2019-09-29 10:00:00
1859,16.97,2019-09-29 11:00:00
1860,19.36,2019-09-29 12:00:00
1861,20.56,2019-09-29 13:00:00
1862,19.74,2019-09-29 14:00:00
1863,22.61,2019-09-29 15:00:00
1864,19.48,2019-09-29 16:00:00
1865,18.79,2019-09-29 17:00:00
1866,19.94,2019-09-29 18:00:00
2059,,2019-09-29 19:00:00
2060,,2019-09-29 20:00:00
2061,,2019-09-29 21:00:00
2062,,2019-09-29 22:00:00
2063,,2019-09-29 23:00:00
2064,,2019-09-30 00:00:00
2065,,2019-09-30 01:00:00
2066,,2019-09-30 02:00:00
2067,,2019-09-30 03:00:00
2068,,2019-09-30 04:00:00
2069,,2019-09-30 05:00:00
2070,,2019-09-30 06:00:00
2071,,2019-09-30 07:00:00
2072,,2019-09-30 08:00:00
2073,,2019-09-30 09:00:00
2074,,2019-09-30 10:00:00
2075,,2019-09-30 11:00:00
2076,,2019-09-30 12:00:00
2077,,2019-09-30 13:00:00
2078,,2019-09-30 14:00:00
2079,,2019-09-30 15:00:00
2080,,2019-09-30 16:00:00
2081,,2019-09-30 17:00:00
2082,,2019-09-30 18:00:00
2083,,2019-09-30 19:00:00
2084,,2019-09-30 20:00:00
2085,,2019-09-30 21:00:00
2086,,2019-09-30 22:00:00
2087,,2019-09-30 23:00:00
2088,,2019-10-01 00:00:00
2089,,2019-10-01 01:00:00
2090,,2019-10-01 02:00:00
2091,,2019-10-01 03:00:00
2092,,2019-10-01 04:00:00
2093,,2019-10-01 05:00:00
2094,,2019-10-01 06:00:00
2095,,2019-10-01 07:00:00
2096,,2019-10-01 08:00:00
2097,,2019-10-01 09:00:00
2098,,2019-10-01 10:00:00
2099,,2019-10-01 11:00:00
2100,,2019-10-01 12:00:00
2101,,2019-10-01 13:00:00
2102,,2019-10-01 14:00:00
2103,,2019-10-01 15:00:00
2104,,2019-10-01 16:00:00
2105,,2019-10-01 17:00:00
2106,,2019-10-01 18:00:00
2107,,2019-10-01 19:00:00
2108,,2019-10-01 20:00:00
2109,,2019-10-01 21:00:00
2110,,2019-10-01 22:00:00
2111,,2019-10-01 23:00:00
2112,,2019-10-02 00:00:00
2113,,2019-10-02 01:00:00
2114,,2019-10-02 02:00:00
2115,,2019-10-02 03:00:00
2116,,2019-10-02 04:00:00
2117,,2019-10-02 05:00:00
2118,,2019-10-02 06:00:00
2119,,2019-10-02 07:00:00
2120,,2019-10-02 08:00:00
2121,,2019-10-02 09:00:00
2122,,2019-10-02 10:00:00
2123,,2019-10-02 11:00:00
2124,,2019-10-02 12:00:00
2125,,2019-10-02 13:00:00
2126,,2019-10-02 14:00:00
2127,,2019-10-02 15:00:00
2128,,2019-10-02 16:00:00
2129,,2019-10-02 17:00:00
2130,,2019-10-02 18:00:00
2131,,2019-10-02 19:00:00
2132,,2019-10-02 20:00:00
2133,,2019-10-02 21:00:00
2134,,2019-10-02 22:00:00
2135,,2019-10-02 23:00:00
2136,,2019-10-03 00:00:00
2137,,2019-10-03 01:00:00
2138,,2019-10-03 02:00:00
2139,,2019-10-03 03:00:00
2140,,2019-10-03 04:00:00
2141,,2019-10-03 05:00:00
2142,,2019-10-03 06:00:00
2143,,2019-10-03 07:00:00
2144,,2019-10-03 08:00:00
2145,,2019-10-03 09:00:00
2146,,2019-10-03 10:00:00
2147,,2019-10-03 11:00:00
2148,,2019-10-03 12:00:00
2149,,2019-10-03 13:00:00
2150,,2019-10-03 14:00:00
2151,,2019-10-03 15:00:00
2152,,2019-10-03 16:00:00
2153,,2019-10-03 17:00:00
2154,,2019-10-03 18:00:00
2155,,2019-10-03 19:00:00
2156,,2019-10-03 20:00:00
2157,,2019-10-03 21:00:00
2158,,2019-10-03 22:00:00
2159,,2019-10-03 23:00:00
2160,,2019-10-04 00:00:00
2161,,2019-10-04 01:00:00
2162,,2019-10-04 02:00:00
2163,,2019-10-04 03:00:00
2164,,2019-10-04 04:00:00
2165,,2019-10-04 05:00:00
2166,,2019-10-04 06:00:00
2167,,2019-10-04 07:00:00
2168,,2019-10-04 08:00:00
