,sonipat,utc_time
1619,,2019-07-06 00:00:00
1620,,2019-07-06 01:00:00
1621,,2019-07-06 02:00:00
1622,,2019-07-06 03:00:00
1623,,2019-07-06 04:00:00
1624,,2019-07-06 05:00:00
1625,,2019-07-06 06:00:00
1626,,2019-07-06 07:00:00
1627,,2019-07-06 08:00:00
1628,,2019-07-06 09:00:00
1629,,2019-07-06 10:00:00
1630,,2019-07-06 11:00:00
1631,,2019-07-06 12:00:00
1632,,2019-07-06 13:00:00
1633,,2019-07-06 14:00:00
1634,,2019-07-06 15:00:00
1635,,2019-07-06 16:00:00
1636,,2019-07-06 17:00:00
1637,,2019-07-06 18:00:00
1638,,2019-07-06 19:00:00
1639,,2019-07-06 20:00:00
1640,,2019-07-06 21:00:00
1641,,2019-07-06 22:00:00
1642,,2019-07-06 23:00:00
1643,,2019-07-07 00:00:00
1644,,2019-07-07 01:00:00
1645,,2019-07-07 02:00:00
1646,,2019-07-07 03:00:00
1647,,2019-07-07 04:00:00
1648,,2019-07-07 05:00:00
1649,,2019-07-07 06:00:00
1650,,2019-07-07 07:00:00
1651,,2019-07-07 08:00:00
1652,,2019-07-07 09:00:00
1653,,2019-07-07 10:00:00
1654,,2019-07-07 11:00:00
1655,,2019-07-07 12:00:00
1656,,2019-07-07 13:00:00
1657,,2019-07-07 14:00:00
1658,,2019-07-07 15:00:00
1659,,2019-07-07 16:00:00
1660,,2019-07-07 17:00:00
1661,,2019-07-07 18:00:00
1662,,2019-07-07 19:00:00
1663,,2019-07-07 20:00:00
1664,,2019-07-07 21:00:00
1665,,2019-07-07 22:00:00
1666,,2019-07-07 23:00:00
1667,,2019-07-08 00:00:00
1668,,2019-07-08 01:00:00
1669,,2019-07-08 02:00:00
1670,,2019-07-08 03:00:00
1671,,2019-07-08 04:00:00
1672,,2019-07-08 05:00:00
1673,,2019-07-08 06:00:00
1674,,2019-07-08 07:00:00
1675,,2019-07-08 08:00:00
1676,,2019-07-08 09:00:00
1677,,2019-07-08 10:00:00
1678,,2019-07-08 11:00:00
1679,,2019-07-08 12:00:00
1680,,2019-07-08 13:00:00
1681,,2019-07-08 14:00:00
1682,,2019-07-08 15:00:00
1683,,2019-07-08 16:00:00
1684,,2019-07-08 17:00:00
1685,,2019-07-08 18:00:00
1686,,2019-07-08 19:00:00
1687,,2019-07-08 20:00:00
1688,,2019-07-08 21:00:00
1689,,2019-07-08 22:00:00
1690,,2019-07-08 23:00:00
1691,,2019-07-09 00:00:00
1692,,2019-07-09 01:00:00
1693,,2019-07-09 02:00:00
1694,,2019-07-09 03:00:00
1695,,2019-07-09 04:00:00
1696,,2019-07-09 05:00:00
1697,,2019-07-09 06:00:00
1698,,2019-07-09 07:00:00
1699,,2019-07-09 08:00:00
1700,,2019-07-09 09:00:00
1701,,2019-07-09 10:00:00
1702,,2019-07-09 11:00:00
1703,,2019-07-09 12:00:00
1704,,2019-07-09 13:00:00
1705,,2019-07-09 14:00:00
1706,,2019-07-09 15:00:00
1707,,2019-07-09 16:00:00
1708,,2019-07-09 17:00:00
1709,,2019-07-09 18:00:00
1710,,2019-07-09 19:00:00
1711,,2019-07-09 20:00:00
1712,,2019-07-09 21:00:00
1713,,2019-07-09 22:00:00
1714,,2019-07-09 23:00:00
1715,,2019-07-10 00:00:00
1716,,2019-07-10 01:00:00
1717,,2019-07-10 02:00:00
1718,,2019-07-10 03:00:00
1719,,2019-07-10 04:00:00
1720,,2019-07-10 05:00:00
1721,,2019-07-10 06:00:00
1722,,2019-07-10 07:00:00
1723,,2019-07-10 08:00:00
1724,,2019-07-10 09:00:00
1725,,2019-07-10 10:00:00
1726,,2019-07-10 11:00:00
1727,,2019-07-10 12:00:00
1728,,2019-07-10 13:00:00
1729,,2019-07-10 14:00:00
1730,,2019-07-10 15:00:00
1731,,2019-07-10 16:00:00
1732,,2019-07-10 17:00:00
1733,,2019-07-10 18:00:00
1734,,2019-07-10 19:00:00
1735,,2019-07-10 20:00:00
1736,,2019-07-10 21:00:00
1737,,2019-07-10 22:00:00
1738,,2019-07-10 23:00:00
1739,,2019-07-11 00:00:00
1740,,2019-07-11 01:00:00
1741,,2019-07-11 02:00:00
1742,,2019-07-11 03:00:00
1743,,2019-07-11 04:00:00
1744,,2019-07-11 05:00:00
1745,,2019-07-11 06:00:00
1746,,2019-07-11 07:00:00
1747,,2019-07-11 08:00:00
1748,,2019-07-11 09:00:00
1749,,2019-07-11 10:00:00
0,117.88,2019-07-11 11:00:00
1,118.43,2019-07-11 12:00:00
2,103.49,2019-07-11 13:00:00
3,87.77,2019-07-11 14:00:00
4,76.5,2019-07-11 15:00:00
5,63.84,2019-07-11 16:00:00
6,55.48,2019-07-11 17:00:00
7,52.7,2019-07-11 18:00:00
8,52.61,2019-07-11 19:00:00
9,57.5,2019-07-11 20:00:00
10,55.53,2019-07-11 21:00:00
11,55.93,2019-07-11 22:00:00
12,57.77,2019-07-11 23:00:00
13,56.58,2019-07-12 00:00:00
14,54.81,2019-07-12 01:00:00
15,59.82,2019-07-12 02:00:00
16,63.85,2019-07-12 03:00:00
17,58.37,2019-07-12 04:00:00
18,54.9,2019-07-12 05:00:00
19,73.29,2019-07-12 06:00:00
20,77.39,2019-07-12 07:00:00
21,83.14,2019-07-12 08:00:00
22,88.9,2019-07-12 09:00:00
23,95.1,2019-07-12 10:00:00
24,96.91,2019-07-12 11:00:00
25,110.28,2019-07-12 12:00:00
26,125.74,2019-07-12 13:00:00
27,129.91,2019-07-12 14:00:00
28,115.45,2019-07-12 15:00:00
29,105.08,2019-07-12 16:00:00
30,103.48,2019-07-12 17:00:00
31,104.62,2019-07-12 18:00:00
32,98.91,2019-07-12 19:00:00
33,100.99,2019-07-12 20:00:00
34,100.05,2019-07-12 21:00:00
35,93.77,2019-07-12 22:00:00
36,87.3,2019-07-12 23:00:00
37,79.31,2019-07-13 00:00:00
38,69.55,2019-07-13 01:00:00
39,61.69,2019-07-13 02:00:00
40,58.07,2019-07-13 03:00:00
41,62.82,2019-07-13 04:00:00
42,91.6,2019-07-13 05:00:00
43,120.26,2019-07-13 06:00:00
44,143.65,2019-07-13 07:00:00
45,178.73,2019-07-13 08:00:00
46,186.61,2019-07-13 09:00:00
47,185.22,2019-07-13 10:00:00
48,176.71,2019-07-13 11:00:00
49,165.13,2019-07-13 12:00:00
50,127.3,2019-07-13 13:00:00
51,103.06,2019-07-13 14:00:00
52,89.81,2019-07-13 15:00:00
53,77.76,2019-07-13 16:00:00
54,67.63,2019-07-13 17:00:00
55,66.46,2019-07-13 18:00:00
56,59.51,2019-07-13 19:00:00
57,60.6,2019-07-13 20:00:00
58,59.0,2019-07-13 21:00:00
59,62.43,2019-07-13 22:00:00
60,62.6,2019-07-13 23:00:00
61,64.88,2019-07-14 00:00:00
62,64.1,2019-07-14 01:00:00
63,65.29,2019-07-14 02:00:00
64,68.31,2019-07-14 03:00:00
65,60.89,2019-07-14 04:00:00
66,56.2,2019-07-14 05:00:00
67,57.89,2019-07-14 06:00:00
68,68.3,2019-07-14 07:00:00
69,92.8,2019-07-14 08:00:00
70,104.61,2019-07-14 09:00:00
71,93.44,2019-07-14 10:00:00
72,83.65,2019-07-14 11:00:00
73,77.22,2019-07-14 12:00:00
74,70.93,2019-07-14 13:00:00
75,64.88,2019-07-14 14:00:00
76,50.8,2019-07-14 15:00:00
77,41.11,2019-07-14 16:00:00
78,43.53,2019-07-14 17:00:00
79,36.47,2019-07-14 18:00:00
80,26.6,2019-07-14 19:00:00
81,21.05,2019-07-14 20:00:00
82,21.2,2019-07-14 21:00:00
83,19.06,2019-07-14 22:00:00
84,21.2,2019-07-14 23:00:00
85,22.94,2019-07-15 00:00:00
86,23.45,2019-07-15 01:00:00
87,27.0,2019-07-15 02:00:00
88,28.39,2019-07-15 03:00:00
89,23.59,2019-07-15 04:00:00
90,29.32,2019-07-15 05:00:00
91,32.02,2019-07-15 06:00:00
92,35.25,2019-07-15 07:00:00
93,44.86,2019-07-15 08:00:00
94,56.46,2019-07-15 09:00:00
95,48.05,2019-07-15 10:00:00
96,38.36,2019-07-15 11:00:00
97,40.69,2019-07-15 12:00:00
1750,,2019-07-15 13:00:00
1751,,2019-07-15 14:00:00
1752,,2019-07-15 15:00:00
1753,,2019-07-15 16:00:00
1754,,2019-07-15 17:00:00
1755,,2019-07-15 18:00:00
1756,,2019-07-15 19:00:00
1757,,2019-07-15 20:00:00
1758,,2019-07-15 21:00:00
1759,,2019-07-15 22:00:00
1760,,2019-07-15 23:00:00
1761,,2019-07-16 00:00:00
1762,,2019-07-16 01:00:00
1763,,2019-07-16 02:00:00
1764,,2019-07-16 03:00:00
98,31.46,2019-07-16 04:00:00
99,25.07,2019-07-16 05:00:00
100,23.32,2019-07-16 06:00:00
101,19.33,2019-07-16 07:00:00
102,21.77,2019-07-16 08:00:00
103,19.89,2019-07-16 09:00:00
104,0.0,2019-07-16 10:00:00
105,14.81,2019-07-16 11:00:00
106,20.16,2019-07-16 12:00:00
107,18.78,2019-07-16 13:00:00
108,19.41,2019-07-16 14:00:00
109,24.52,2019-07-16 15:00:00
110,22.81,2019-07-16 16:00:00
111,22.25,2019-07-16 17:00:00
112,24.94,2019-07-16 18:00:00
113,25.47,2019-07-16 19:00:00
114,26.79,2019-07-16 20:00:00
1765,,2019-07-16 21:00:00
1766,,2019-07-16 22:00:00
1767,,2019-07-16 23:00:00
1768,,2019-07-17 00:00:00
1769,,2019-07-17 01:00:00
1770,,2019-07-17 02:00:00
1771,,2019-07-17 03:00:00
115,34.68,2019-07-17 04:00:00
116,40.63,2019-07-17 05:00:00
117,33.54,2019-07-17 06:00:00
118,25.77,2019-07-17 07:00:00
119,24.06,2019-07-17 08:00:00
120,28.58,2019-07-17 09:00:00
121,24.86,2019-07-17 10:00:00
122,21.48,2019-07-17 11:00:00
123,19.95,2019-07-17 12:00:00
124,19.93,2019-07-17 13:00:00
125,18.9,2019-07-17 14:00:00
126,22.89,2019-07-17 15:00:00
127,23.42,2019-07-17 16:00:00
128,30.65,2019-07-17 17:00:00
129,33.28,2019-07-17 18:00:00
130,33.01,2019-07-17 19:00:00
131,38.36,2019-07-17 20:00:00
132,49.15,2019-07-17 21:00:00
133,45.84,2019-07-17 22:00:00
134,40.03,2019-07-17 23:00:00
135,31.35,2019-07-18 00:00:00
136,23.2,2019-07-18 01:00:00
137,19.79,2019-07-18 02:00:00
138,23.5,2019-07-18 03:00:00
139,27.58,2019-07-18 04:00:00
140,30.48,2019-07-18 05:00:00
141,31.39,2019-07-18 06:00:00
142,22.4,2019-07-18 07:00:00
143,22.9,2019-07-18 08:00:00
144,25.86,2019-07-18 09:00:00
145,25.0,2019-07-18 10:00:00
146,30.7,2019-07-18 11:00:00
147,29.87,2019-07-18 12:00:00
1772,,2019-07-18 13:00:00
1773,,2019-07-18 14:00:00
1774,,2019-07-18 15:00:00
1775,,2019-07-18 16:00:00
148,34.87,2019-07-18 17:00:00
149,32.95,2019-07-18 18:00:00
150,40.28,2019-07-18 19:00:00
151,44.07,2019-07-18 20:00:00
152,51.07,2019-07-18 21:00:00
153,58.86,2019-07-18 22:00:00
154,59.13,2019-07-18 23:00:00
155,58.81,2019-07-19 00:00:00
156,62.81,2019-07-19 01:00:00
1776,,2019-07-19 02:00:00
1777,,2019-07-19 03:00:00
1778,,2019-07-19 04:00:00
157,73.05,2019-07-19 05:00:00
158,61.75,2019-07-19 06:00:00
159,53.4,2019-07-19 07:00:00
160,50.17,2019-07-19 08:00:00
161,54.75,2019-07-19 09:00:00
162,56.23,2019-07-19 10:00:00
163,61.51,2019-07-19 11:00:00
164,59.65,2019-07-19 12:00:00
165,52.46,2019-07-19 13:00:00
166,52.6,2019-07-19 14:00:00
167,53.6,2019-07-19 15:00:00
168,56.22,2019-07-19 16:00:00
169,50.35,2019-07-19 17:00:00
170,49.6,2019-07-19 18:00:00
171,50.45,2019-07-19 19:00:00
172,51.76,2019-07-19 20:00:00
173,58.67,2019-07-19 21:00:00
174,62.07,2019-07-19 22:00:00
175,63.64,2019-07-19 23:00:00
176,68.16,2019-07-20 00:00:00
177,66.43,2019-07-20 01:00:00
178,66.12,2019-07-20 02:00:00
179,58.41,2019-07-20 03:00:00
180,59.44,2019-07-20 04:00:00
181,65.12,2019-07-20 05:00:00
182,50.89,2019-07-20 06:00:00
183,37.53,2019-07-20 07:00:00
184,33.2,2019-07-20 08:00:00
185,28.07,2019-07-20 09:00:00
186,27.01,2019-07-20 10:00:00
187,31.88,2019-07-20 11:00:00
188,35.61,2019-07-20 12:00:00
189,33.31,2019-07-20 13:00:00
190,33.39,2019-07-20 14:00:00
191,42.51,2019-07-20 15:00:00
192,47.08,2019-07-20 16:00:00
193,52.99,2019-07-20 17:00:00
194,55.11,2019-07-20 18:00:00
195,57.49,2019-07-20 19:00:00
196,58.75,2019-07-20 20:00:00
197,66.21,2019-07-20 21:00:00
198,63.62,2019-07-20 22:00:00
199,58.92,2019-07-20 23:00:00
200,43.84,2019-07-21 00:00:00
201,47.52,2019-07-21 01:00:00
202,47.35,2019-07-21 02:00:00
203,49.79,2019-07-21 03:00:00
204,50.26,2019-07-21 04:00:00
205,56.13,2019-07-21 05:00:00
1779,,2019-07-21 06:00:00
206,56.08,2019-07-21 07:00:00
207,58.01,2019-07-21 08:00:00
208,56.21,2019-07-21 09:00:00
209,53.89,2019-07-21 10:00:00
210,50.76,2019-07-21 11:00:00
211,40.98,2019-07-21 12:00:00
212,41.46,2019-07-21 13:00:00
213,39.85,2019-07-21 14:00:00
214,44.45,2019-07-21 15:00:00
215,47.48,2019-07-21 16:00:00
216,45.59,2019-07-21 17:00:00
217,45.3,2019-07-21 18:00:00
218,47.68,2019-07-21 19:00:00
219,42.15,2019-07-21 20:00:00
220,42.7,2019-07-21 21:00:00
221,43.61,2019-07-21 22:00:00
222,44.84,2019-07-21 23:00:00
223,48.61,2019-07-22 00:00:00
224,58.73,2019-07-22 01:00:00
225,56.69,2019-07-22 02:00:00
226,62.13,2019-07-22 03:00:00
227,61.08,2019-07-22 04:00:00
228,62.43,2019-07-22 05:00:00
229,54.06,2019-07-22 06:00:00
230,53.22,2019-07-22 07:00:00
231,57.6,2019-07-22 08:00:00
232,61.96,2019-07-22 09:00:00
233,56.27,2019-07-22 10:00:00
234,47.14,2019-07-22 11:00:00
235,39.63,2019-07-22 12:00:00
236,41.37,2019-07-22 13:00:00
237,43.99,2019-07-22 14:00:00
238,47.43,2019-07-22 15:00:00
239,45.78,2019-07-22 16:00:00
240,47.68,2019-07-22 17:00:00
241,49.51,2019-07-22 18:00:00
242,52.96,2019-07-22 19:00:00
243,53.69,2019-07-22 20:00:00
244,59.65,2019-07-22 21:00:00
245,58.88,2019-07-22 22:00:00
246,52.29,2019-07-22 23:00:00
247,52.32,2019-07-23 00:00:00
248,58.71,2019-07-23 01:00:00
249,59.2,2019-07-23 02:00:00
250,65.7,2019-07-23 03:00:00
251,71.52,2019-07-23 04:00:00
252,68.21,2019-07-23 05:00:00
253,64.87,2019-07-23 06:00:00
254,60.72,2019-07-23 07:00:00
255,58.86,2019-07-23 08:00:00
256,52.35,2019-07-23 09:00:00
257,46.05,2019-07-23 10:00:00
258,43.69,2019-07-23 11:00:00
259,40.92,2019-07-23 12:00:00
260,42.26,2019-07-23 13:00:00
261,62.41,2019-07-23 14:00:00
262,105.49,2019-07-23 15:00:00
263,114.62,2019-07-23 16:00:00
264,107.17,2019-07-23 17:00:00
265,104.73,2019-07-23 18:00:00
266,94.97,2019-07-23 19:00:00
267,93.02,2019-07-23 20:00:00
268,100.47,2019-07-23 21:00:00
269,101.68,2019-07-23 22:00:00
270,96.19,2019-07-23 23:00:00
271,71.65,2019-07-24 00:00:00
272,44.5,2019-07-24 01:00:00
273,40.9,2019-07-24 02:00:00
274,39.92,2019-07-24 03:00:00
275,38.4,2019-07-24 04:00:00
276,42.01,2019-07-24 05:00:00
277,49.75,2019-07-24 06:00:00
278,59.24,2019-07-24 07:00:00
279,54.27,2019-07-24 08:00:00
280,57.28,2019-07-24 09:00:00
281,62.87,2019-07-24 10:00:00
282,61.42,2019-07-24 11:00:00
283,55.55,2019-07-24 12:00:00
284,45.83,2019-07-24 13:00:00
1780,,2019-07-24 14:00:00
1781,,2019-07-24 15:00:00
1782,,2019-07-24 16:00:00
1783,,2019-07-24 17:00:00
1784,,2019-07-24 18:00:00
1785,,2019-07-24 19:00:00
1786,,2019-07-24 20:00:00
1787,,2019-07-24 21:00:00
1788,,2019-07-24 22:00:00
1789,,2019-07-24 23:00:00
1790,,2019-07-25 00:00:00
1791,,2019-07-25 01:00:00
1792,,2019-07-25 02:00:00
1793,,2019-07-25 03:00:00
285,63.08,2019-07-25 04:00:00
286,69.45,2019-07-25 05:00:00
287,56.95,2019-07-25 06:00:00
288,40.46,2019-07-25 07:00:00
289,37.6,2019-07-25 08:00:00
290,34.53,2019-07-25 09:00:00
291,32.67,2019-07-25 10:00:00
292,26.57,2019-07-25 11:00:00
293,22.45,2019-07-25 12:00:00
294,22.32,2019-07-25 13:00:00
295,21.25,2019-07-25 14:00:00
296,20.46,2019-07-25 15:00:00
297,23.19,2019-07-25 16:00:00
298,23.24,2019-07-25 17:00:00
299,21.98,2019-07-25 18:00:00
300,22.71,2019-07-25 19:00:00
301,20.49,2019-07-25 20:00:00
302,18.9,2019-07-25 21:00:00
303,21.07,2019-07-25 22:00:00
304,26.28,2019-07-25 23:00:00
305,28.76,2019-07-26 00:00:00
306,26.01,2019-07-26 01:00:00
307,22.4,2019-07-26 02:00:00
308,23.03,2019-07-26 03:00:00
309,22.99,2019-07-26 04:00:00
310,21.74,2019-07-26 05:00:00
311,26.31,2019-07-26 06:00:00
312,33.05,2019-07-26 07:00:00
313,28.05,2019-07-26 08:00:00
314,21.59,2019-07-26 09:00:00
315,18.79,2019-07-26 10:00:00
316,18.52,2019-07-26 11:00:00
317,16.09,2019-07-26 12:00:00
318,15.29,2019-07-26 13:00:00
319,12.97,2019-07-26 14:00:00
320,18.52,2019-07-26 15:00:00
321,18.79,2019-07-26 16:00:00
322,19.28,2019-07-26 17:00:00
323,19.74,2019-07-26 18:00:00
324,19.84,2019-07-26 19:00:00
325,16.99,2019-07-26 20:00:00
326,16.25,2019-07-26 21:00:00
327,17.74,2019-07-26 22:00:00
328,17.18,2019-07-26 23:00:00
329,15.26,2019-07-27 00:00:00
330,17.61,2019-07-27 01:00:00
331,15.28,2019-07-27 02:00:00
332,15.39,2019-07-27 03:00:00
333,14.18,2019-07-27 04:00:00
334,14.15,2019-07-27 05:00:00
335,18.58,2019-07-27 06:00:00
336,16.33,2019-07-27 07:00:00
337,15.99,2019-07-27 08:00:00
338,14.38,2019-07-27 09:00:00
339,13.08,2019-07-27 10:00:00
340,12.51,2019-07-27 11:00:00
341,16.11,2019-07-27 12:00:00
342,14.71,2019-07-27 13:00:00
343,15.89,2019-07-27 14:00:00
344,20.89,2019-07-27 15:00:00
345,23.39,2019-07-27 16:00:00
346,19.32,2019-07-27 17:00:00
347,21.96,2019-07-27 18:00:00
348,20.42,2019-07-27 19:00:00
349,22.95,2019-07-27 20:00:00
350,34.17,2019-07-27 21:00:00
351,34.63,2019-07-27 22:00:00
352,28.85,2019-07-27 23:00:00
353,24.82,2019-07-28 00:00:00
354,21.92,2019-07-28 01:00:00
355,17.04,2019-07-28 02:00:00
356,12.65,2019-07-28 03:00:00
357,9.78,2019-07-28 04:00:00
358,14.47,2019-07-28 05:00:00
359,13.81,2019-07-28 06:00:00
360,13.15,2019-07-28 07:00:00
361,14.82,2019-07-28 08:00:00
362,15.27,2019-07-28 09:00:00
363,14.63,2019-07-28 10:00:00
364,13.95,2019-07-28 11:00:00
365,11.66,2019-07-28 12:00:00
366,12.95,2019-07-28 13:00:00
367,14.65,2019-07-28 14:00:00
368,17.6,2019-07-28 15:00:00
369,22.24,2019-07-28 16:00:00
370,24.31,2019-07-28 17:00:00
371,30.03,2019-07-28 18:00:00
372,29.97,2019-07-28 19:00:00
373,23.96,2019-07-28 20:00:00
374,28.51,2019-07-28 21:00:00
375,25.43,2019-07-28 22:00:00
376,21.62,2019-07-28 23:00:00
377,19.76,2019-07-29 00:00:00
378,16.27,2019-07-29 01:00:00
379,16.51,2019-07-29 02:00:00
380,16.16,2019-07-29 03:00:00
381,20.43,2019-07-29 04:00:00
382,22.71,2019-07-29 05:00:00
383,22.71,2019-07-29 06:00:00
384,0.0,2019-07-29 07:00:00
385,26.69,2019-07-29 08:00:00
386,7.82,2019-07-29 09:00:00
387,2.53,2019-07-29 10:00:00
388,17.91,2019-07-29 11:00:00
389,21.76,2019-07-29 12:00:00
390,28.62,2019-07-29 13:00:00
391,24.52,2019-07-29 14:00:00
392,26.15,2019-07-29 15:00:00
393,31.11,2019-07-29 16:00:00
394,28.53,2019-07-29 17:00:00
395,34.35,2019-07-29 18:00:00
396,36.98,2019-07-29 19:00:00
397,48.6,2019-07-29 20:00:00
398,38.67,2019-07-29 21:00:00
399,43.3,2019-07-29 22:00:00
400,38.24,2019-07-29 23:00:00
401,43.26,2019-07-30 00:00:00
402,44.61,2019-07-30 01:00:00
403,49.24,2019-07-30 02:00:00
404,47.67,2019-07-30 03:00:00
405,39.71,2019-07-30 04:00:00
406,37.01,2019-07-30 05:00:00
407,37.31,2019-07-30 06:00:00
408,33.75,2019-07-30 07:00:00
409,38.06,2019-07-30 08:00:00
410,35.36,2019-07-30 09:00:00
411,32.89,2019-07-30 10:00:00
412,30.61,2019-07-30 11:00:00
413,30.26,2019-07-30 12:00:00
414,28.67,2019-07-30 13:00:00
415,37.55,2019-07-30 14:00:00
416,33.37,2019-07-30 15:00:00
417,35.5,2019-07-30 16:00:00
418,38.59,2019-07-30 17:00:00
419,43.34,2019-07-30 18:00:00
420,37.92,2019-07-30 19:00:00
421,41.89,2019-07-30 20:00:00
422,43.89,2019-07-30 21:00:00
423,44.9,2019-07-30 22:00:00
424,38.95,2019-07-30 23:00:00
425,36.2,2019-07-31 00:00:00
426,39.36,2019-07-31 01:00:00
427,45.88,2019-07-31 02:00:00
428,40.56,2019-07-31 03:00:00
429,44.0,2019-07-31 04:00:00
430,42.07,2019-07-31 05:00:00
431,42.07,2019-07-31 06:00:00
432,42.95,2019-07-31 07:00:00
433,48.71,2019-07-31 08:00:00
434,41.24,2019-07-31 09:00:00
435,41.45,2019-07-31 10:00:00
436,39.42,2019-07-31 11:00:00
437,38.12,2019-07-31 12:00:00
438,39.99,2019-07-31 13:00:00
439,43.37,2019-07-31 14:00:00
440,40.81,2019-07-31 15:00:00
441,41.78,2019-07-31 16:00:00
442,41.61,2019-07-31 17:00:00
443,47.34,2019-07-31 18:00:00
444,46.4,2019-07-31 19:00:00
445,45.24,2019-07-31 20:00:00
446,51.25,2019-07-31 21:00:00
447,54.63,2019-07-31 22:00:00
448,51.34,2019-07-31 23:00:00
449,51.87,2019-08-01 00:00:00
450,44.88,2019-08-01 01:00:00
451,43.33,2019-08-01 02:00:00
452,42.26,2019-08-01 03:00:00
453,48.81,2019-08-01 04:00:00
454,50.85,2019-08-01 05:00:00
455,54.77,2019-08-01 06:00:00
456,48.38,2019-08-01 07:00:00
457,55.3,2019-08-01 08:00:00
458,47.26,2019-08-01 09:00:00
459,48.63,2019-08-01 10:00:00
460,41.71,2019-08-01 11:00:00
461,41.25,2019-08-01 12:00:00
462,36.3,2019-08-01 13:00:00
463,35.65,2019-08-01 14:00:00
464,41.15,2019-08-01 15:00:00
465,44.41,2019-08-01 16:00:00
466,46.1,2019-08-01 17:00:00
467,49.99,2019-08-01 18:00:00
468,52.12,2019-08-01 19:00:00
469,60.44,2019-08-01 20:00:00
470,58.29,2019-08-01 21:00:00
471,54.34,2019-08-01 22:00:00
472,53.14,2019-08-01 23:00:00
473,50.74,2019-08-02 00:00:00
474,52.94,2019-08-02 01:00:00
475,58.08,2019-08-02 02:00:00
476,54.34,2019-08-02 03:00:00
477,58.31,2019-08-02 04:00:00
478,62.68,2019-08-02 05:00:00
479,55.28,2019-08-02 06:00:00
480,48.57,2019-08-02 07:00:00
481,52.18,2019-08-02 08:00:00
482,43.73,2019-08-02 09:00:00
483,34.81,2019-08-02 10:00:00
484,30.32,2019-08-02 11:00:00
485,28.47,2019-08-02 12:00:00
486,24.47,2019-08-02 13:00:00
487,35.23,2019-08-02 14:00:00
488,29.53,2019-08-02 15:00:00
489,39.3,2019-08-02 16:00:00
490,35.47,2019-08-02 17:00:00
491,33.87,2019-08-02 18:00:00
492,39.07,2019-08-02 19:00:00
493,40.68,2019-08-02 20:00:00
494,41.6,2019-08-02 21:00:00
495,36.48,2019-08-02 22:00:00
496,40.0,2019-08-02 23:00:00
497,40.53,2019-08-03 00:00:00
498,39.43,2019-08-03 01:00:00
499,41.4,2019-08-03 02:00:00
500,41.47,2019-08-03 03:00:00
501,39.69,2019-08-03 04:00:00
502,44.69,2019-08-03 05:00:00
503,44.93,2019-08-03 06:00:00
504,38.97,2019-08-03 07:00:00
505,35.1,2019-08-03 08:00:00
506,37.29,2019-08-03 09:00:00
507,46.06,2019-08-03 10:00:00
508,39.05,2019-08-03 11:00:00
509,39.48,2019-08-03 12:00:00
510,32.04,2019-08-03 13:00:00
511,34.3,2019-08-03 14:00:00
512,33.15,2019-08-03 15:00:00
513,39.54,2019-08-03 16:00:00
514,42.09,2019-08-03 17:00:00
515,44.37,2019-08-03 18:00:00
516,40.11,2019-08-03 19:00:00
517,43.2,2019-08-03 20:00:00
518,40.55,2019-08-03 21:00:00
519,43.73,2019-08-03 22:00:00
520,45.9,2019-08-03 23:00:00
521,49.43,2019-08-04 00:00:00
522,46.37,2019-08-04 01:00:00
523,50.09,2019-08-04 02:00:00
524,55.64,2019-08-04 03:00:00
525,50.79,2019-08-04 04:00:00
526,46.72,2019-08-04 05:00:00
527,45.0,2019-08-04 06:00:00
528,44.87,2019-08-04 07:00:00
529,49.87,2019-08-04 08:00:00
530,54.54,2019-08-04 09:00:00
531,55.15,2019-08-04 10:00:00
532,56.46,2019-08-04 11:00:00
533,44.36,2019-08-04 12:00:00
534,41.35,2019-08-04 13:00:00
535,36.86,2019-08-04 14:00:00
536,39.78,2019-08-04 15:00:00
537,46.98,2019-08-04 16:00:00
538,41.57,2019-08-04 17:00:00
539,46.31,2019-08-04 18:00:00
540,47.3,2019-08-04 19:00:00
541,55.97,2019-08-04 20:00:00
542,58.95,2019-08-04 21:00:00
543,56.57,2019-08-04 22:00:00
544,57.67,2019-08-04 23:00:00
545,61.21,2019-08-05 00:00:00
546,58.77,2019-08-05 01:00:00
1794,,2019-08-05 02:00:00
1795,,2019-08-05 03:00:00
1796,,2019-08-05 04:00:00
1797,,2019-08-05 05:00:00
1798,,2019-08-05 06:00:00
1799,,2019-08-05 07:00:00
1800,,2019-08-05 08:00:00
547,110.88,2019-08-05 09:00:00
548,139.0,2019-08-05 10:00:00
549,115.39,2019-08-05 11:00:00
550,71.54,2019-08-05 12:00:00
551,72.47,2019-08-05 13:00:00
552,67.9,2019-08-05 14:00:00
553,77.25,2019-08-05 15:00:00
554,86.35,2019-08-05 16:00:00
555,84.8,2019-08-05 17:00:00
556,77.3,2019-08-05 18:00:00
557,78.44,2019-08-05 19:00:00
558,85.51,2019-08-05 20:00:00
559,76.32,2019-08-05 21:00:00
560,70.36,2019-08-05 22:00:00
561,70.04,2019-08-05 23:00:00
562,61.12,2019-08-06 00:00:00
563,72.13,2019-08-06 01:00:00
564,79.99,2019-08-06 02:00:00
565,75.7,2019-08-06 03:00:00
566,54.11,2019-08-06 04:00:00
567,42.18,2019-08-06 05:00:00
568,33.9,2019-08-06 06:00:00
569,32.11,2019-08-06 07:00:00
570,31.12,2019-08-06 08:00:00
571,30.26,2019-08-06 09:00:00
572,28.99,2019-08-06 10:00:00
573,25.3,2019-08-06 11:00:00
574,22.18,2019-08-06 12:00:00
575,22.32,2019-08-06 13:00:00
576,28.93,2019-08-06 14:00:00
577,24.8,2019-08-06 15:00:00
578,25.93,2019-08-06 16:00:00
579,23.09,2019-08-06 17:00:00
580,37.88,2019-08-06 18:00:00
581,37.62,2019-08-06 19:00:00
582,47.28,2019-08-06 20:00:00
583,44.1,2019-08-06 21:00:00
584,44.78,2019-08-06 22:00:00
585,50.21,2019-08-06 23:00:00
586,47.96,2019-08-07 00:00:00
587,46.95,2019-08-07 01:00:00
588,47.85,2019-08-07 02:00:00
589,48.52,2019-08-07 03:00:00
590,47.57,2019-08-07 04:00:00
591,46.74,2019-08-07 05:00:00
592,44.72,2019-08-07 06:00:00
593,44.72,2019-08-07 07:00:00
594,14.0,2019-08-07 08:00:00
595,99.42,2019-08-07 09:00:00
596,38.84,2019-08-07 10:00:00
597,24.07,2019-08-07 11:00:00
598,33.33,2019-08-07 12:00:00
599,29.65,2019-08-07 13:00:00
600,25.34,2019-08-07 14:00:00
601,32.98,2019-08-07 15:00:00
602,28.35,2019-08-07 16:00:00
603,35.25,2019-08-07 17:00:00
604,33.04,2019-08-07 18:00:00
605,31.33,2019-08-07 19:00:00
606,33.75,2019-08-07 20:00:00
607,41.92,2019-08-07 21:00:00
608,46.96,2019-08-07 22:00:00
609,42.39,2019-08-07 23:00:00
610,47.15,2019-08-08 00:00:00
611,50.71,2019-08-08 01:00:00
612,55.35,2019-08-08 02:00:00
613,59.85,2019-08-08 03:00:00
614,58.56,2019-08-08 04:00:00
615,47.28,2019-08-08 05:00:00
616,40.74,2019-08-08 06:00:00
1801,,2019-08-08 07:00:00
1802,,2019-08-08 08:00:00
1803,,2019-08-08 09:00:00
1804,,2019-08-08 10:00:00
1805,,2019-08-08 11:00:00
1806,,2019-08-08 12:00:00
1807,,2019-08-08 13:00:00
1808,,2019-08-08 14:00:00
1809,,2019-08-08 15:00:00
1810,,2019-08-08 16:00:00
1811,,2019-08-08 17:00:00
1812,,2019-08-08 18:00:00
1813,,2019-08-08 19:00:00
1814,,2019-08-08 20:00:00
1815,,2019-08-08 21:00:00
1816,,2019-08-08 22:00:00
1817,,2019-08-08 23:00:00
1818,,2019-08-09 00:00:00
1819,,2019-08-09 01:00:00
1820,,2019-08-09 02:00:00
1821,,2019-08-09 03:00:00
617,81.78,2019-08-09 04:00:00
618,73.17,2019-08-09 05:00:00
619,46.54,2019-08-09 06:00:00
620,39.9,2019-08-09 07:00:00
621,33.69,2019-08-09 08:00:00
622,78.41,2019-08-09 09:00:00
623,52.91,2019-08-09 10:00:00
624,45.05,2019-08-09 11:00:00
625,38.73,2019-08-09 12:00:00
626,31.35,2019-08-09 13:00:00
627,26.52,2019-08-09 14:00:00
628,31.27,2019-08-09 15:00:00
629,32.35,2019-08-09 16:00:00
630,29.97,2019-08-09 17:00:00
631,25.35,2019-08-09 18:00:00
632,24.29,2019-08-09 19:00:00
633,21.68,2019-08-09 20:00:00
634,19.48,2019-08-09 21:00:00
635,24.79,2019-08-09 22:00:00
636,22.51,2019-08-09 23:00:00
637,23.58,2019-08-10 00:00:00
638,25.42,2019-08-10 01:00:00
639,25.53,2019-08-10 02:00:00
640,22.1,2019-08-10 03:00:00
641,20.61,2019-08-10 04:00:00
642,28.1,2019-08-10 05:00:00
1822,,2019-08-10 06:00:00
643,30.14,2019-08-10 07:00:00
644,28.97,2019-08-10 08:00:00
645,32.62,2019-08-10 09:00:00
646,27.79,2019-08-10 10:00:00
647,26.26,2019-08-10 11:00:00
648,33.77,2019-08-10 12:00:00
649,27.95,2019-08-10 13:00:00
650,33.43,2019-08-10 14:00:00
651,33.86,2019-08-10 15:00:00
652,32.38,2019-08-10 16:00:00
653,33.32,2019-08-10 17:00:00
654,29.6,2019-08-10 18:00:00
655,34.79,2019-08-10 19:00:00
656,37.06,2019-08-10 20:00:00
657,36.52,2019-08-10 21:00:00
658,37.31,2019-08-10 22:00:00
659,36.52,2019-08-10 23:00:00
660,39.76,2019-08-11 00:00:00
661,42.84,2019-08-11 01:00:00
662,44.73,2019-08-11 02:00:00
663,52.5,2019-08-11 03:00:00
664,46.73,2019-08-11 04:00:00
665,48.22,2019-08-11 05:00:00
666,38.14,2019-08-11 06:00:00
667,38.8,2019-08-11 07:00:00
668,41.57,2019-08-11 08:00:00
669,45.74,2019-08-11 09:00:00
670,40.9,2019-08-11 10:00:00
671,47.52,2019-08-11 11:00:00
672,45.86,2019-08-11 12:00:00
673,45.36,2019-08-11 13:00:00
674,45.33,2019-08-11 14:00:00
675,41.72,2019-08-11 15:00:00
676,43.06,2019-08-11 16:00:00
677,51.93,2019-08-11 17:00:00
678,40.94,2019-08-11 18:00:00
679,40.37,2019-08-11 19:00:00
680,36.74,2019-08-11 20:00:00
681,37.14,2019-08-11 21:00:00
682,33.45,2019-08-11 22:00:00
683,32.46,2019-08-11 23:00:00
684,32.97,2019-08-12 00:00:00
685,28.52,2019-08-12 01:00:00
686,30.65,2019-08-12 02:00:00
687,25.65,2019-08-12 03:00:00
688,22.16,2019-08-12 04:00:00
689,32.29,2019-08-12 05:00:00
690,27.44,2019-08-12 06:00:00
691,30.82,2019-08-12 07:00:00
692,27.24,2019-08-12 08:00:00
693,29.04,2019-08-12 09:00:00
694,25.09,2019-08-12 10:00:00
1823,,2019-08-12 11:00:00
1824,,2019-08-12 12:00:00
1825,,2019-08-12 13:00:00
695,27.19,2019-08-12 14:00:00
696,32.65,2019-08-12 15:00:00
697,42.88,2019-08-12 16:00:00
698,41.09,2019-08-12 17:00:00
699,43.68,2019-08-12 18:00:00
700,34.78,2019-08-12 19:00:00
701,32.35,2019-08-12 20:00:00
702,36.19,2019-08-12 21:00:00
703,39.69,2019-08-12 22:00:00
704,37.48,2019-08-12 23:00:00
705,31.11,2019-08-13 00:00:00
706,27.87,2019-08-13 01:00:00
707,26.46,2019-08-13 02:00:00
708,24.64,2019-08-13 03:00:00
709,29.91,2019-08-13 04:00:00
710,31.54,2019-08-13 05:00:00
711,30.56,2019-08-13 06:00:00
712,28.47,2019-08-13 07:00:00
713,25.41,2019-08-13 08:00:00
714,26.14,2019-08-13 09:00:00
715,34.71,2019-08-13 10:00:00
716,29.9,2019-08-13 11:00:00
717,26.65,2019-08-13 12:00:00
718,34.28,2019-08-13 13:00:00
719,40.6,2019-08-13 14:00:00
720,48.37,2019-08-13 15:00:00
721,50.29,2019-08-13 16:00:00
722,46.08,2019-08-13 17:00:00
723,41.74,2019-08-13 18:00:00
724,45.84,2019-08-13 19:00:00
725,41.68,2019-08-13 20:00:00
726,62.23,2019-08-13 21:00:00
727,77.0,2019-08-13 22:00:00
728,55.19,2019-08-13 23:00:00
729,43.27,2019-08-14 00:00:00
730,48.5,2019-08-14 01:00:00
731,39.09,2019-08-14 02:00:00
732,43.94,2019-08-14 03:00:00
733,37.09,2019-08-14 04:00:00
734,34.98,2019-08-14 05:00:00
735,28.97,2019-08-14 06:00:00
736,54.06,2019-08-14 07:00:00
737,55.45,2019-08-14 08:00:00
738,52.71,2019-08-14 09:00:00
739,50.68,2019-08-14 10:00:00
740,44.15,2019-08-14 11:00:00
741,45.14,2019-08-14 12:00:00
742,35.8,2019-08-14 13:00:00
743,32.19,2019-08-14 14:00:00
744,38.76,2019-08-14 15:00:00
745,38.55,2019-08-14 16:00:00
746,38.42,2019-08-14 17:00:00
747,42.14,2019-08-14 18:00:00
748,51.14,2019-08-14 19:00:00
749,60.29,2019-08-14 20:00:00
750,64.55,2019-08-14 21:00:00
751,60.38,2019-08-14 22:00:00
752,56.35,2019-08-14 23:00:00
753,60.7,2019-08-15 00:00:00
754,48.29,2019-08-15 01:00:00
755,38.0,2019-08-15 02:00:00
756,42.92,2019-08-15 03:00:00
757,38.78,2019-08-15 04:00:00
758,32.24,2019-08-15 05:00:00
759,34.37,2019-08-15 06:00:00
760,38.0,2019-08-15 07:00:00
761,31.79,2019-08-15 08:00:00
762,27.25,2019-08-15 09:00:00
763,31.6,2019-08-15 10:00:00
764,26.77,2019-08-15 11:00:00
765,28.11,2019-08-15 12:00:00
766,32.59,2019-08-15 13:00:00
767,32.81,2019-08-15 14:00:00
768,33.46,2019-08-15 15:00:00
769,32.47,2019-08-15 16:00:00
770,38.67,2019-08-15 17:00:00
771,33.71,2019-08-15 18:00:00
772,31.51,2019-08-15 19:00:00
773,34.85,2019-08-15 20:00:00
774,37.28,2019-08-15 21:00:00
775,31.52,2019-08-15 22:00:00
776,28.3,2019-08-15 23:00:00
777,34.29,2019-08-16 00:00:00
778,30.86,2019-08-16 01:00:00
779,36.85,2019-08-16 02:00:00
780,36.8,2019-08-16 03:00:00
781,33.48,2019-08-16 04:00:00
782,31.12,2019-08-16 05:00:00
783,31.64,2019-08-16 06:00:00
784,29.88,2019-08-16 07:00:00
785,31.9,2019-08-16 08:00:00
786,26.81,2019-08-16 09:00:00
787,28.29,2019-08-16 10:00:00
788,29.58,2019-08-16 11:00:00
789,24.91,2019-08-16 12:00:00
790,31.94,2019-08-16 13:00:00
791,29.66,2019-08-16 14:00:00
792,34.19,2019-08-16 15:00:00
793,28.45,2019-08-16 16:00:00
794,36.5,2019-08-16 17:00:00
795,32.9,2019-08-16 18:00:00
796,29.28,2019-08-16 19:00:00
797,25.41,2019-08-16 20:00:00
798,24.02,2019-08-16 21:00:00
799,22.18,2019-08-16 22:00:00
800,24.14,2019-08-16 23:00:00
801,21.38,2019-08-17 00:00:00
802,19.65,2019-08-17 01:00:00
1826,,2019-08-17 02:00:00
1827,,2019-08-17 03:00:00
1828,,2019-08-17 04:00:00
1829,,2019-08-17 05:00:00
1830,,2019-08-17 06:00:00
1831,,2019-08-17 07:00:00
1832,,2019-08-17 08:00:00
1833,,2019-08-17 09:00:00
1834,,2019-08-17 10:00:00
1835,,2019-08-17 11:00:00
1836,,2019-08-17 12:00:00
1837,,2019-08-17 13:00:00
1838,,2019-08-17 14:00:00
1839,,2019-08-17 15:00:00
1840,,2019-08-17 16:00:00
1841,,2019-08-17 17:00:00
1842,,2019-08-17 18:00:00
1843,,2019-08-17 19:00:00
1844,,2019-08-17 20:00:00
1845,,2019-08-17 21:00:00
1846,,2019-08-17 22:00:00
1847,,2019-08-17 23:00:00
1848,,2019-08-18 00:00:00
1849,,2019-08-18 01:00:00
1850,,2019-08-18 02:00:00
1851,,2019-08-18 03:00:00
1852,,2019-08-18 04:00:00
1853,,2019-08-18 05:00:00
1854,,2019-08-18 06:00:00
1855,,2019-08-18 07:00:00
1856,,2019-08-18 08:00:00
1857,,2019-08-18 09:00:00
1858,,2019-08-18 10:00:00
1859,,2019-08-18 11:00:00
1860,,2019-08-18 12:00:00
1861,,2019-08-18 13:00:00
1862,,2019-08-18 14:00:00
1863,,2019-08-18 15:00:00
1864,,2019-08-18 16:00:00
1865,,2019-08-18 17:00:00
1866,,2019-08-18 18:00:00
1867,,2019-08-18 19:00:00
1868,,2019-08-18 20:00:00
1869,,2019-08-18 21:00:00
1870,,2019-08-18 22:00:00
1871,,2019-08-18 23:00:00
1872,,2019-08-19 00:00:00
1873,,2019-08-19 01:00:00
1874,,2019-08-19 02:00:00
1875,,2019-08-19 03:00:00
1876,,2019-08-19 04:00:00
803,20.95,2019-08-19 05:00:00
804,19.56,2019-08-19 06:00:00
805,17.89,2019-08-19 07:00:00
806,16.72,2019-08-19 08:00:00
807,23.57,2019-08-19 09:00:00
808,29.56,2019-08-19 10:00:00
809,32.75,2019-08-19 11:00:00
810,33.76,2019-08-19 12:00:00
811,31.26,2019-08-19 13:00:00
812,28.13,2019-08-19 14:00:00
813,30.04,2019-08-19 15:00:00
814,37.72,2019-08-19 16:00:00
815,49.72,2019-08-19 17:00:00
816,50.33,2019-08-19 18:00:00
817,56.97,2019-08-19 19:00:00
818,64.52,2019-08-19 20:00:00
819,68.56,2019-08-19 21:00:00
820,63.37,2019-08-19 22:00:00
821,56.4,2019-08-19 23:00:00
822,50.29,2019-08-20 00:00:00
823,45.77,2019-08-20 01:00:00
824,47.26,2019-08-20 02:00:00
825,56.8,2019-08-20 03:00:00
826,53.82,2019-08-20 04:00:00
827,46.72,2019-08-20 05:00:00
828,43.16,2019-08-20 06:00:00
829,35.12,2019-08-20 07:00:00
830,31.48,2019-08-20 08:00:00
831,36.35,2019-08-20 09:00:00
832,32.37,2019-08-20 10:00:00
833,37.95,2019-08-20 11:00:00
834,34.33,2019-08-20 12:00:00
835,34.81,2019-08-20 13:00:00
836,31.5,2019-08-20 14:00:00
837,31.93,2019-08-20 15:00:00
838,43.86,2019-08-20 16:00:00
839,46.73,2019-08-20 17:00:00
840,47.32,2019-08-20 18:00:00
841,49.22,2019-08-20 19:00:00
842,55.86,2019-08-20 20:00:00
843,57.53,2019-08-20 21:00:00
844,58.98,2019-08-20 22:00:00
845,60.28,2019-08-20 23:00:00
846,56.91,2019-08-21 00:00:00
847,67.57,2019-08-21 01:00:00
848,71.01,2019-08-21 02:00:00
849,75.82,2019-08-21 03:00:00
850,68.91,2019-08-21 04:00:00
851,63.68,2019-08-21 05:00:00
852,57.07,2019-08-21 06:00:00
853,57.47,2019-08-21 07:00:00
854,50.9,2019-08-21 08:00:00
855,52.45,2019-08-21 09:00:00
856,49.12,2019-08-21 10:00:00
857,45.69,2019-08-21 11:00:00
858,49.59,2019-08-21 12:00:00
859,45.22,2019-08-21 13:00:00
860,52.1,2019-08-21 14:00:00
861,60.84,2019-08-21 15:00:00
862,60.49,2019-08-21 16:00:00
863,66.79,2019-08-21 17:00:00
864,69.09,2019-08-21 18:00:00
865,67.12,2019-08-21 19:00:00
866,64.3,2019-08-21 20:00:00
867,69.34,2019-08-21 21:00:00
868,57.91,2019-08-21 22:00:00
869,52.82,2019-08-21 23:00:00
870,44.89,2019-08-22 00:00:00
871,48.36,2019-08-22 01:00:00
872,45.26,2019-08-22 02:00:00
873,52.76,2019-08-22 03:00:00
874,50.49,2019-08-22 04:00:00
875,44.59,2019-08-22 05:00:00
876,50.66,2019-08-22 06:00:00
877,47.63,2019-08-22 07:00:00
878,43.74,2019-08-22 08:00:00
879,46.66,2019-08-22 09:00:00
880,51.5,2019-08-22 10:00:00
881,54.07,2019-08-22 11:00:00
882,54.94,2019-08-22 12:00:00
883,58.54,2019-08-22 13:00:00
884,61.76,2019-08-22 14:00:00
885,61.97,2019-08-22 15:00:00
886,61.02,2019-08-22 16:00:00
887,67.2,2019-08-22 17:00:00
888,74.98,2019-08-22 18:00:00
889,76.82,2019-08-22 19:00:00
890,88.19,2019-08-22 20:00:00
891,110.44,2019-08-22 21:00:00
892,99.43,2019-08-22 22:00:00
893,105.94,2019-08-22 23:00:00
894,100.53,2019-08-23 00:00:00
895,102.02,2019-08-23 01:00:00
896,100.81,2019-08-23 02:00:00
897,99.94,2019-08-23 03:00:00
898,92.3,2019-08-23 04:00:00
1877,,2019-08-23 05:00:00
1878,,2019-08-23 06:00:00
1879,,2019-08-23 07:00:00
1880,,2019-08-23 08:00:00
1881,,2019-08-23 09:00:00
1882,,2019-08-23 10:00:00
1883,,2019-08-23 11:00:00
1884,,2019-08-23 12:00:00
1885,,2019-08-23 13:00:00
1886,,2019-08-23 14:00:00
1887,,2019-08-23 15:00:00
1888,,2019-08-23 16:00:00
1889,,2019-08-23 17:00:00
1890,,2019-08-23 18:00:00
1891,,2019-08-23 19:00:00
1892,,2019-08-23 20:00:00
1893,,2019-08-23 21:00:00
1894,,2019-08-23 22:00:00
1895,,2019-08-23 23:00:00
1896,,2019-08-24 00:00:00
1897,,2019-08-24 01:00:00
1898,,2019-08-24 02:00:00
1899,,2019-08-24 03:00:00
1900,,2019-08-24 04:00:00
1901,,2019-08-24 05:00:00
1902,,2019-08-24 06:00:00
1903,,2019-08-24 07:00:00
1904,,2019-08-24 08:00:00
1905,,2019-08-24 09:00:00
1906,,2019-08-24 10:00:00
1907,,2019-08-24 11:00:00
1908,,2019-08-24 12:00:00
1909,,2019-08-24 13:00:00
899,68.75,2019-08-24 14:00:00
900,50.5,2019-08-24 15:00:00
901,57.07,2019-08-24 16:00:00
902,52.93,2019-08-24 17:00:00
903,52.94,2019-08-24 18:00:00
904,62.72,2019-08-24 19:00:00
905,60.19,2019-08-24 20:00:00
906,64.93,2019-08-24 21:00:00
907,67.52,2019-08-24 22:00:00
908,62.94,2019-08-24 23:00:00
909,62.56,2019-08-25 00:00:00
910,63.7,2019-08-25 01:00:00
911,49.71,2019-08-25 02:00:00
912,61.3,2019-08-25 03:00:00
1910,,2019-08-25 04:00:00
1911,,2019-08-25 05:00:00
1912,,2019-08-25 06:00:00
1913,,2019-08-25 07:00:00
1914,,2019-08-25 08:00:00
1915,,2019-08-25 09:00:00
1916,,2019-08-25 10:00:00
1917,,2019-08-25 11:00:00
1918,,2019-08-25 12:00:00
1919,,2019-08-25 13:00:00
1920,,2019-08-25 14:00:00
1921,,2019-08-25 15:00:00
1922,,2019-08-25 16:00:00
1923,,2019-08-25 17:00:00
1924,,2019-08-25 18:00:00
1925,,2019-08-25 19:00:00
1926,,2019-08-25 20:00:00
1927,,2019-08-25 21:00:00
1928,,2019-08-25 22:00:00
1929,,2019-08-25 23:00:00
1930,,2019-08-26 00:00:00
1931,,2019-08-26 01:00:00
1932,,2019-08-26 02:00:00
1933,,2019-08-26 03:00:00
1934,,2019-08-26 04:00:00
1935,,2019-08-26 05:00:00
1936,,2019-08-26 06:00:00
1937,,2019-08-26 07:00:00
1938,,2019-08-26 08:00:00
1939,,2019-08-26 09:00:00
1940,,2019-08-26 10:00:00
1941,,2019-08-26 11:00:00
1942,,2019-08-26 12:00:00
1943,,2019-08-26 13:00:00
1944,,2019-08-26 14:00:00
1945,,2019-08-26 15:00:00
1946,,2019-08-26 16:00:00
1947,,2019-08-26 17:00:00
1948,,2019-08-26 18:00:00
1949,,2019-08-26 19:00:00
1950,,2019-08-26 20:00:00
1951,,2019-08-26 21:00:00
1952,,2019-08-26 22:00:00
1953,,2019-08-26 23:00:00
1954,,2019-08-27 00:00:00
1955,,2019-08-27 01:00:00
913,59.93,2019-08-27 02:00:00
914,61.22,2019-08-27 03:00:00
915,51.7,2019-08-27 04:00:00
916,41.89,2019-08-27 05:00:00
917,42.25,2019-08-27 06:00:00
918,35.35,2019-08-27 07:00:00
919,36.1,2019-08-27 08:00:00
920,37.77,2019-08-27 09:00:00
921,36.6,2019-08-27 10:00:00
922,31.31,2019-08-27 11:00:00
923,30.11,2019-08-27 12:00:00
924,30.21,2019-08-27 13:00:00
925,32.35,2019-08-27 14:00:00
926,47.24,2019-08-27 15:00:00
927,44.19,2019-08-27 16:00:00
928,49.85,2019-08-27 17:00:00
929,47.94,2019-08-27 18:00:00
930,49.27,2019-08-27 19:00:00
931,48.85,2019-08-27 20:00:00
932,48.25,2019-08-27 21:00:00
933,54.03,2019-08-27 22:00:00
934,47.23,2019-08-27 23:00:00
935,55.09,2019-08-28 00:00:00
936,63.38,2019-08-28 01:00:00
937,60.91,2019-08-28 02:00:00
938,60.95,2019-08-28 03:00:00
939,59.44,2019-08-28 04:00:00
940,46.8,2019-08-28 05:00:00
941,46.6,2019-08-28 06:00:00
942,44.01,2019-08-28 07:00:00
943,35.18,2019-08-28 08:00:00
944,35.08,2019-08-28 09:00:00
945,38.34,2019-08-28 10:00:00
946,36.21,2019-08-28 11:00:00
947,37.52,2019-08-28 12:00:00
948,31.29,2019-08-28 13:00:00
949,37.66,2019-08-28 14:00:00
950,36.37,2019-08-28 15:00:00
951,39.67,2019-08-28 16:00:00
952,35.37,2019-08-28 17:00:00
953,36.71,2019-08-28 18:00:00
954,46.9,2019-08-28 19:00:00
955,50.77,2019-08-28 20:00:00
956,53.92,2019-08-28 21:00:00
957,56.97,2019-08-28 22:00:00
958,54.91,2019-08-28 23:00:00
959,60.14,2019-08-29 00:00:00
960,61.82,2019-08-29 01:00:00
961,68.28,2019-08-29 02:00:00
962,73.61,2019-08-29 03:00:00
963,70.02,2019-08-29 04:00:00
964,63.27,2019-08-29 05:00:00
965,51.19,2019-08-29 06:00:00
966,59.57,2019-08-29 07:00:00
967,58.29,2019-08-29 08:00:00
968,65.92,2019-08-29 09:00:00
969,51.06,2019-08-29 10:00:00
970,47.0,2019-08-29 11:00:00
971,48.73,2019-08-29 12:00:00
972,38.54,2019-08-29 13:00:00
973,33.94,2019-08-29 14:00:00
974,29.93,2019-08-29 15:00:00
975,43.96,2019-08-29 16:00:00
976,39.83,2019-08-29 17:00:00
977,41.33,2019-08-29 18:00:00
978,46.57,2019-08-29 19:00:00
979,54.1,2019-08-29 20:00:00
980,56.71,2019-08-29 21:00:00
981,57.03,2019-08-29 22:00:00
982,50.14,2019-08-29 23:00:00
983,50.09,2019-08-30 00:00:00
984,51.37,2019-08-30 01:00:00
985,50.78,2019-08-30 02:00:00
986,58.63,2019-08-30 03:00:00
987,58.0,2019-08-30 04:00:00
988,59.29,2019-08-30 05:00:00
989,60.35,2019-08-30 06:00:00
990,56.06,2019-08-30 07:00:00
991,51.54,2019-08-30 08:00:00
992,47.85,2019-08-30 09:00:00
993,46.39,2019-08-30 10:00:00
994,48.98,2019-08-30 11:00:00
995,45.56,2019-08-30 12:00:00
996,45.26,2019-08-30 13:00:00
997,48.96,2019-08-30 14:00:00
998,60.87,2019-08-30 15:00:00
999,56.98,2019-08-30 16:00:00
1000,64.41,2019-08-30 17:00:00
1001,64.5,2019-08-30 18:00:00
1002,75.8,2019-08-30 19:00:00
1003,69.55,2019-08-30 20:00:00
1004,77.0,2019-08-30 21:00:00
1005,71.81,2019-08-30 22:00:00
1006,73.84,2019-08-30 23:00:00
1007,75.18,2019-08-31 00:00:00
1008,78.07,2019-08-31 01:00:00
1009,74.94,2019-08-31 02:00:00
1010,77.21,2019-08-31 03:00:00
1011,85.01,2019-08-31 04:00:00
1012,73.15,2019-08-31 05:00:00
1013,63.23,2019-08-31 06:00:00
1014,60.2,2019-08-31 07:00:00
1015,64.92,2019-08-31 08:00:00
1016,57.61,2019-08-31 09:00:00
1017,62.85,2019-08-31 10:00:00
1018,61.37,2019-08-31 11:00:00
1019,63.14,2019-08-31 12:00:00
1020,67.58,2019-08-31 13:00:00
1021,70.02,2019-08-31 14:00:00
1022,74.28,2019-08-31 15:00:00
1023,97.77,2019-08-31 16:00:00
1024,90.63,2019-08-31 17:00:00
1025,96.42,2019-08-31 18:00:00
1026,95.56,2019-08-31 19:00:00
1027,93.63,2019-08-31 20:00:00
1028,92.74,2019-08-31 21:00:00
1029,87.84,2019-08-31 22:00:00
1030,83.13,2019-08-31 23:00:00
1031,82.4,2019-09-01 00:00:00
1032,58.84,2019-09-01 01:00:00
1033,46.38,2019-09-01 02:00:00
1956,,2019-09-01 03:00:00
1957,,2019-09-01 04:00:00
1958,,2019-09-01 05:00:00
1959,,2019-09-01 06:00:00
1960,,2019-09-01 07:00:00
1961,,2019-09-01 08:00:00
1962,,2019-09-01 09:00:00
1963,,2019-09-01 10:00:00
1964,,2019-09-01 11:00:00
1965,,2019-09-01 12:00:00
1966,,2019-09-01 13:00:00
1967,,2019-09-01 14:00:00
1968,,2019-09-01 15:00:00
1969,,2019-09-01 16:00:00
1970,,2019-09-01 17:00:00
1971,,2019-09-01 18:00:00
1972,,2019-09-01 19:00:00
1973,,2019-09-01 20:00:00
1974,,2019-09-01 21:00:00
1975,,2019-09-01 22:00:00
1976,,2019-09-01 23:00:00
1977,,2019-09-02 00:00:00
1978,,2019-09-02 01:00:00
1979,,2019-09-02 02:00:00
1034,53.01,2019-09-02 03:00:00
1035,53.01,2019-09-02 04:00:00
1036,53.01,2019-09-02 05:00:00
1037,14.0,2019-09-02 06:00:00
1038,55.04,2019-09-02 07:00:00
1039,23.44,2019-09-02 08:00:00
1040,34.48,2019-09-02 09:00:00
1041,37.67,2019-09-02 10:00:00
1042,31.29,2019-09-02 11:00:00
1043,55.92,2019-09-02 12:00:00
1044,57.33,2019-09-02 13:00:00
1045,52.84,2019-09-02 14:00:00
1046,53.43,2019-09-02 15:00:00
1047,50.99,2019-09-02 16:00:00
1048,42.39,2019-09-02 17:00:00
1049,46.38,2019-09-02 18:00:00
1050,54.05,2019-09-02 19:00:00
1051,48.39,2019-09-02 20:00:00
1052,56.94,2019-09-02 21:00:00
1053,58.94,2019-09-02 22:00:00
1054,57.87,2019-09-02 23:00:00
1055,57.88,2019-09-03 00:00:00
1056,60.57,2019-09-03 01:00:00
1057,68.75,2019-09-03 02:00:00
1058,72.92,2019-09-03 03:00:00
1059,66.48,2019-09-03 04:00:00
1060,68.13,2019-09-03 05:00:00
1061,69.53,2019-09-03 06:00:00
1062,81.1,2019-09-03 07:00:00
1063,77.3,2019-09-03 08:00:00
1064,73.96,2019-09-03 09:00:00
1065,81.66,2019-09-03 10:00:00
1066,80.31,2019-09-03 11:00:00
1067,77.56,2019-09-03 12:00:00
1068,74.78,2019-09-03 13:00:00
1069,69.72,2019-09-03 14:00:00
1070,59.78,2019-09-03 15:00:00
1071,65.69,2019-09-03 16:00:00
1072,66.49,2019-09-03 17:00:00
1073,70.34,2019-09-03 18:00:00
1074,80.51,2019-09-03 19:00:00
1075,77.97,2019-09-03 20:00:00
1076,73.43,2019-09-03 21:00:00
1077,77.9,2019-09-03 22:00:00
1078,74.77,2019-09-03 23:00:00
1079,68.24,2019-09-04 00:00:00
1080,76.44,2019-09-04 01:00:00
1081,73.14,2019-09-04 02:00:00
1980,,2019-09-04 03:00:00
1981,,2019-09-04 04:00:00
1982,,2019-09-04 05:00:00
1983,,2019-09-04 06:00:00
1984,,2019-09-04 07:00:00
1082,77.14,2019-09-04 08:00:00
1083,105.14,2019-09-04 09:00:00
1084,93.15,2019-09-04 10:00:00
1085,73.64,2019-09-04 11:00:00
1086,63.8,2019-09-04 12:00:00
1087,65.35,2019-09-04 13:00:00
1088,62.52,2019-09-04 14:00:00
1089,66.17,2019-09-04 15:00:00
1090,70.54,2019-09-04 16:00:00
1091,70.24,2019-09-04 17:00:00
1092,62.6,2019-09-04 18:00:00
1093,62.76,2019-09-04 19:00:00
1094,56.02,2019-09-04 20:00:00
1095,51.16,2019-09-04 21:00:00
1096,59.32,2019-09-04 22:00:00
1097,45.89,2019-09-04 23:00:00
1098,50.04,2019-09-05 00:00:00
1099,50.17,2019-09-05 01:00:00
1100,48.42,2019-09-05 02:00:00
1101,51.31,2019-09-05 03:00:00
1102,42.24,2019-09-05 04:00:00
1103,44.45,2019-09-05 05:00:00
1104,44.32,2019-09-05 06:00:00
1105,45.03,2019-09-05 07:00:00
1106,47.77,2019-09-05 08:00:00
1107,38.57,2019-09-05 09:00:00
1108,31.53,2019-09-05 10:00:00
1109,27.02,2019-09-05 11:00:00
1110,34.49,2019-09-05 12:00:00
1111,46.24,2019-09-05 13:00:00
1112,41.31,2019-09-05 14:00:00
1113,52.09,2019-09-05 15:00:00
1114,41.74,2019-09-05 16:00:00
1115,42.45,2019-09-05 17:00:00
1116,40.49,2019-09-05 18:00:00
1117,42.64,2019-09-05 19:00:00
1118,36.64,2019-09-05 20:00:00
1119,45.93,2019-09-05 21:00:00
1120,47.51,2019-09-05 22:00:00
1985,,2019-09-05 23:00:00
1986,,2019-09-06 00:00:00
1987,,2019-09-06 01:00:00
1988,,2019-09-06 02:00:00
1121,298.54,2019-09-06 03:00:00
1122,41.23,2019-09-06 04:00:00
1123,30.45,2019-09-06 05:00:00
1124,34.86,2019-09-06 06:00:00
1125,25.91,2019-09-06 07:00:00
1126,34.65,2019-09-06 08:00:00
1127,36.66,2019-09-06 09:00:00
1128,31.31,2019-09-06 10:00:00
1129,28.98,2019-09-06 11:00:00
1130,38.38,2019-09-06 12:00:00
1131,43.01,2019-09-06 13:00:00
1132,50.73,2019-09-06 14:00:00
1133,51.53,2019-09-06 15:00:00
1134,53.1,2019-09-06 16:00:00
1135,55.0,2019-09-06 17:00:00
1136,53.53,2019-09-06 18:00:00
1137,55.49,2019-09-06 19:00:00
1138,53.5,2019-09-06 20:00:00
1139,52.33,2019-09-06 21:00:00
1140,49.58,2019-09-06 22:00:00
1141,51.65,2019-09-06 23:00:00
1142,54.18,2019-09-07 00:00:00
1143,54.63,2019-09-07 01:00:00
1144,51.51,2019-09-07 02:00:00
1145,40.51,2019-09-07 03:00:00
1146,37.13,2019-09-07 04:00:00
1147,44.17,2019-09-07 05:00:00
1148,49.44,2019-09-07 06:00:00
1149,73.88,2019-09-07 07:00:00
1150,62.82,2019-09-07 08:00:00
1151,61.35,2019-09-07 09:00:00
1152,56.22,2019-09-07 10:00:00
1153,50.01,2019-09-07 11:00:00
1154,51.68,2019-09-07 12:00:00
1155,55.37,2019-09-07 13:00:00
1156,48.47,2019-09-07 14:00:00
1157,49.57,2019-09-07 15:00:00
1158,44.37,2019-09-07 16:00:00
1159,55.3,2019-09-07 17:00:00
1160,43.59,2019-09-07 18:00:00
1161,50.89,2019-09-07 19:00:00
1162,40.07,2019-09-07 20:00:00
1163,36.3,2019-09-07 21:00:00
1164,44.55,2019-09-07 22:00:00
1165,36.17,2019-09-07 23:00:00
1166,34.35,2019-09-08 00:00:00
1167,43.6,2019-09-08 01:00:00
1168,39.62,2019-09-08 02:00:00
1169,32.82,2019-09-08 03:00:00
1170,37.57,2019-09-08 04:00:00
1171,33.49,2019-09-08 05:00:00
1172,30.42,2019-09-08 06:00:00
1173,0.0,2019-09-08 07:00:00
1174,0.0,2019-09-08 08:00:00
1175,0.0,2019-09-08 09:00:00
1176,0.0,2019-09-08 10:00:00
1177,0.0,2019-09-08 11:00:00
1178,0.0,2019-09-08 12:00:00
1179,0.0,2019-09-08 13:00:00
1180,45.51,2019-09-08 14:00:00
1181,66.92,2019-09-08 15:00:00
1182,75.64,2019-09-08 16:00:00
1183,72.46,2019-09-08 17:00:00
1184,74.52,2019-09-08 18:00:00
1185,86.59,2019-09-08 19:00:00
1186,88.55,2019-09-08 20:00:00
1187,85.11,2019-09-08 21:00:00
1188,86.19,2019-09-08 22:00:00
1189,76.63,2019-09-08 23:00:00
1190,68.45,2019-09-09 00:00:00
1191,0.0,2019-09-09 01:00:00
1192,0.0,2019-09-09 02:00:00
1193,0.0,2019-09-09 03:00:00
1194,0.0,2019-09-09 04:00:00
1195,0.0,2019-09-09 05:00:00
1196,0.0,2019-09-09 06:00:00
1197,0.0,2019-09-09 07:00:00
1198,0.0,2019-09-09 08:00:00
1199,0.0,2019-09-09 09:00:00
1200,0.0,2019-09-09 10:00:00
1201,0.0,2019-09-09 11:00:00
1202,0.0,2019-09-09 12:00:00
1203,0.0,2019-09-09 13:00:00
1204,0.0,2019-09-09 14:00:00
1205,0.0,2019-09-09 15:00:00
1206,0.0,2019-09-09 16:00:00
1207,0.0,2019-09-09 17:00:00
1208,0.0,2019-09-09 18:00:00
1209,69.71,2019-09-09 19:00:00
1210,67.56,2019-09-09 20:00:00
1211,81.51,2019-09-09 21:00:00
1212,91.28,2019-09-09 22:00:00
1213,89.11,2019-09-09 23:00:00
1214,81.22,2019-09-10 00:00:00
1215,100.5,2019-09-10 01:00:00
1216,92.08,2019-09-10 02:00:00
1217,84.77,2019-09-10 03:00:00
1218,76.6,2019-09-10 04:00:00
1219,71.66,2019-09-10 05:00:00
1220,67.62,2019-09-10 06:00:00
1221,60.63,2019-09-10 07:00:00
1222,59.47,2019-09-10 08:00:00
1223,62.77,2019-09-10 09:00:00
1224,63.46,2019-09-10 10:00:00
1225,62.25,2019-09-10 11:00:00
1226,56.78,2019-09-10 12:00:00
1227,71.19,2019-09-10 13:00:00
1228,68.06,2019-09-10 14:00:00
1229,86.49,2019-09-10 15:00:00
1230,90.21,2019-09-10 16:00:00
1231,91.27,2019-09-10 17:00:00
1232,95.51,2019-09-10 18:00:00
1233,93.94,2019-09-10 19:00:00
1234,94.09,2019-09-10 20:00:00
1235,88.41,2019-09-10 21:00:00
1236,88.75,2019-09-10 22:00:00
1237,88.66,2019-09-10 23:00:00
1238,82.55,2019-09-11 00:00:00
1239,82.88,2019-09-11 01:00:00
1240,85.45,2019-09-11 02:00:00
1241,88.86,2019-09-11 03:00:00
1242,77.61,2019-09-11 04:00:00
1243,78.36,2019-09-11 05:00:00
1244,78.36,2019-09-11 06:00:00
1245,14.0,2019-09-11 07:00:00
1246,91.97,2019-09-11 08:00:00
1247,90.19,2019-09-11 09:00:00
1248,79.79,2019-09-11 10:00:00
1249,79.79,2019-09-11 11:00:00
1250,55.77,2019-09-11 12:00:00
1989,,2019-09-11 13:00:00
1990,,2019-09-11 14:00:00
1991,,2019-09-11 15:00:00
1992,,2019-09-11 16:00:00
1993,,2019-09-11 17:00:00
1251,82.13,2019-09-11 18:00:00
1252,82.38,2019-09-11 19:00:00
1253,79.11,2019-09-11 20:00:00
1254,83.63,2019-09-11 21:00:00
1255,86.5,2019-09-11 22:00:00
1256,80.59,2019-09-11 23:00:00
1257,87.47,2019-09-12 00:00:00
1258,78.14,2019-09-12 01:00:00
1259,96.04,2019-09-12 02:00:00
1260,96.16,2019-09-12 03:00:00
1261,94.98,2019-09-12 04:00:00
1262,86.49,2019-09-12 05:00:00
1263,86.57,2019-09-12 06:00:00
1264,75.78,2019-09-12 07:00:00
1265,73.39,2019-09-12 08:00:00
1266,70.98,2019-09-12 09:00:00
1267,63.11,2019-09-12 10:00:00
1268,60.21,2019-09-12 11:00:00
1269,46.24,2019-09-12 12:00:00
1270,39.78,2019-09-12 13:00:00
1271,38.34,2019-09-12 14:00:00
1272,41.48,2019-09-12 15:00:00
1273,41.12,2019-09-12 16:00:00
1274,41.94,2019-09-12 17:00:00
1275,46.33,2019-09-12 18:00:00
1276,39.26,2019-09-12 19:00:00
1277,44.05,2019-09-12 20:00:00
1278,40.87,2019-09-12 21:00:00
1279,43.63,2019-09-12 22:00:00
1280,40.58,2019-09-12 23:00:00
1281,40.2,2019-09-13 00:00:00
1282,30.62,2019-09-13 01:00:00
1283,37.19,2019-09-13 02:00:00
1284,37.48,2019-09-13 03:00:00
1285,37.83,2019-09-13 04:00:00
1286,39.3,2019-09-13 05:00:00
1287,31.01,2019-09-13 06:00:00
1288,34.6,2019-09-13 07:00:00
1289,32.98,2019-09-13 08:00:00
1290,30.59,2019-09-13 09:00:00
1291,21.79,2019-09-13 10:00:00
1292,21.89,2019-09-13 11:00:00
1293,19.66,2019-09-13 12:00:00
1294,19.94,2019-09-13 13:00:00
1295,25.95,2019-09-13 14:00:00
1296,18.88,2019-09-13 15:00:00
1297,33.55,2019-09-13 16:00:00
1298,40.85,2019-09-13 17:00:00
1299,29.89,2019-09-13 18:00:00
1300,32.24,2019-09-13 19:00:00
1301,35.43,2019-09-13 20:00:00
1302,31.99,2019-09-13 21:00:00
1303,35.51,2019-09-13 22:00:00
1304,39.46,2019-09-13 23:00:00
1305,34.08,2019-09-14 00:00:00
1306,35.58,2019-09-14 01:00:00
1307,42.24,2019-09-14 02:00:00
1308,33.75,2019-09-14 03:00:00
1309,32.61,2019-09-14 04:00:00
1994,,2019-09-14 05:00:00
1995,,2019-09-14 06:00:00
1996,,2019-09-14 07:00:00
1997,,2019-09-14 08:00:00
1998,,2019-09-14 09:00:00
1999,,2019-09-14 10:00:00
2000,,2019-09-14 11:00:00
2001,,2019-09-14 12:00:00
2002,,2019-09-14 13:00:00
2003,,2019-09-14 14:00:00
2004,,2019-09-14 15:00:00
2005,,2019-09-14 16:00:00
2006,,2019-09-14 17:00:00
2007,,2019-09-14 18:00:00
2008,,2019-09-14 19:00:00
2009,,2019-09-14 20:00:00
2010,,2019-09-14 21:00:00
2011,,2019-09-14 22:00:00
2012,,2019-09-14 23:00:00
2013,,2019-09-15 00:00:00
2014,,2019-09-15 01:00:00
2015,,2019-09-15 02:00:00
2016,,2019-09-15 03:00:00
2017,,2019-09-15 04:00:00
2018,,2019-09-15 05:00:00
2019,,2019-09-15 06:00:00
2020,,2019-09-15 07:00:00
2021,,2019-09-15 08:00:00
1310,40.83,2019-09-15 09:00:00
1311,43.81,2019-09-15 10:00:00
1312,38.6,2019-09-15 11:00:00
1313,28.73,2019-09-15 12:00:00
1314,25.95,2019-09-15 13:00:00
1315,37.24,2019-09-15 14:00:00
1316,30.27,2019-09-15 15:00:00
1317,41.07,2019-09-15 16:00:00
1318,38.98,2019-09-15 17:00:00
1319,37.68,2019-09-15 18:00:00
1320,50.03,2019-09-15 19:00:00
1321,59.36,2019-09-15 20:00:00
1322,60.62,2019-09-15 21:00:00
1323,59.16,2019-09-15 22:00:00
1324,57.28,2019-09-15 23:00:00
1325,54.01,2019-09-16 00:00:00
1326,53.93,2019-09-16 01:00:00
1327,57.02,2019-09-16 02:00:00
1328,66.6,2019-09-16 03:00:00
1329,64.71,2019-09-16 04:00:00
1330,53.49,2019-09-16 05:00:00
1331,47.96,2019-09-16 06:00:00
1332,48.61,2019-09-16 07:00:00
2022,,2019-09-16 08:00:00
1333,54.27,2019-09-16 09:00:00
1334,56.39,2019-09-16 10:00:00
1335,53.67,2019-09-16 11:00:00
1336,55.87,2019-09-16 12:00:00
1337,49.55,2019-09-16 13:00:00
1338,50.04,2019-09-16 14:00:00
1339,54.42,2019-09-16 15:00:00
1340,61.48,2019-09-16 16:00:00
1341,68.87,2019-09-16 17:00:00
1342,68.6,2019-09-16 18:00:00
1343,71.5,2019-09-16 19:00:00
1344,84.53,2019-09-16 20:00:00
1345,85.47,2019-09-16 21:00:00
1346,81.28,2019-09-16 22:00:00
1347,87.15,2019-09-16 23:00:00
1348,94.46,2019-09-17 00:00:00
1349,82.05,2019-09-17 01:00:00
1350,89.56,2019-09-17 02:00:00
1351,82.53,2019-09-17 03:00:00
1352,67.28,2019-09-17 04:00:00
1353,58.72,2019-09-17 05:00:00
1354,0.0,2019-09-17 06:00:00
1355,46.49,2019-09-17 07:00:00
1356,13.65,2019-09-17 08:00:00
1357,34.57,2019-09-17 09:00:00
1358,44.92,2019-09-17 10:00:00
1359,39.19,2019-09-17 11:00:00
1360,41.78,2019-09-17 12:00:00
1361,45.2,2019-09-17 13:00:00
1362,47.61,2019-09-17 14:00:00
1363,62.27,2019-09-17 15:00:00
1364,70.11,2019-09-17 16:00:00
1365,75.38,2019-09-17 17:00:00
1366,75.06,2019-09-17 18:00:00
1367,87.89,2019-09-17 19:00:00
1368,90.44,2019-09-17 20:00:00
1369,85.39,2019-09-17 21:00:00
1370,79.64,2019-09-17 22:00:00
1371,62.92,2019-09-17 23:00:00
1372,57.91,2019-09-18 00:00:00
1373,52.08,2019-09-18 01:00:00
1374,47.42,2019-09-18 02:00:00
1375,42.78,2019-09-18 03:00:00
1376,37.42,2019-09-18 04:00:00
1377,32.48,2019-09-18 05:00:00
1378,22.86,2019-09-18 06:00:00
1379,23.82,2019-09-18 07:00:00
1380,20.13,2019-09-18 08:00:00
1381,26.61,2019-09-18 09:00:00
1382,25.41,2019-09-18 10:00:00
1383,30.99,2019-09-18 11:00:00
1384,22.2,2019-09-18 12:00:00
1385,28.79,2019-09-18 13:00:00
1386,30.68,2019-09-18 14:00:00
1387,33.16,2019-09-18 15:00:00
1388,36.96,2019-09-18 16:00:00
1389,34.64,2019-09-18 17:00:00
1390,39.07,2019-09-18 18:00:00
1391,41.84,2019-09-18 19:00:00
1392,41.99,2019-09-18 20:00:00
1393,30.75,2019-09-18 21:00:00
1394,23.44,2019-09-18 22:00:00
1395,16.89,2019-09-18 23:00:00
1396,12.15,2019-09-19 00:00:00
1397,17.57,2019-09-19 01:00:00
1398,19.53,2019-09-19 02:00:00
1399,13.83,2019-09-19 03:00:00
1400,14.09,2019-09-19 04:00:00
2023,,2019-09-19 05:00:00
1401,17.97,2019-09-19 06:00:00
1402,14.34,2019-09-19 07:00:00
1403,22.02,2019-09-19 08:00:00
1404,15.75,2019-09-19 09:00:00
1405,13.92,2019-09-19 10:00:00
1406,11.78,2019-09-19 11:00:00
1407,11.85,2019-09-19 12:00:00
1408,9.74,2019-09-19 13:00:00
1409,17.83,2019-09-19 14:00:00
1410,20.34,2019-09-19 15:00:00
1411,29.97,2019-09-19 16:00:00
1412,31.76,2019-09-19 17:00:00
1413,29.1,2019-09-19 18:00:00
1414,35.52,2019-09-19 19:00:00
1415,31.56,2019-09-19 20:00:00
1416,26.22,2019-09-19 21:00:00
1417,34.97,2019-09-19 22:00:00
1418,33.08,2019-09-19 23:00:00
1419,32.53,2019-09-20 00:00:00
1420,35.03,2019-09-20 01:00:00
1421,32.11,2019-09-20 02:00:00
1422,42.6,2019-09-20 03:00:00
1423,34.6,2019-09-20 04:00:00
1424,30.28,2019-09-20 05:00:00
1425,22.74,2019-09-20 06:00:00
1426,16.53,2019-09-20 07:00:00
1427,17.13,2019-09-20 08:00:00
1428,27.89,2019-09-20 09:00:00
1429,34.31,2019-09-20 10:00:00
1430,26.74,2019-09-20 11:00:00
1431,26.87,2019-09-20 12:00:00
1432,31.51,2019-09-20 13:00:00
1433,31.49,2019-09-20 14:00:00
1434,31.13,2019-09-20 15:00:00
1435,37.8,2019-09-20 16:00:00
1436,41.54,2019-09-20 17:00:00
1437,42.23,2019-09-20 18:00:00
1438,50.93,2019-09-20 19:00:00
1439,45.34,2019-09-20 20:00:00
1440,56.42,2019-09-20 21:00:00
1441,54.32,2019-09-20 22:00:00
1442,60.18,2019-09-20 23:00:00
1443,52.69,2019-09-21 00:00:00
1444,72.13,2019-09-21 01:00:00
1445,49.44,2019-09-21 02:00:00
1446,61.55,2019-09-21 03:00:00
1447,57.39,2019-09-21 04:00:00
2024,,2019-09-21 05:00:00
1448,39.06,2019-09-21 06:00:00
1449,43.83,2019-09-21 07:00:00
1450,38.37,2019-09-21 08:00:00
1451,37.25,2019-09-21 09:00:00
1452,46.78,2019-09-21 10:00:00
2025,,2019-09-21 11:00:00
1453,40.66,2019-09-21 12:00:00
1454,37.52,2019-09-21 13:00:00
1455,28.9,2019-09-21 14:00:00
1456,25.77,2019-09-21 15:00:00
1457,33.14,2019-09-21 16:00:00
2026,,2019-09-21 17:00:00
2027,,2019-09-21 18:00:00
2028,,2019-09-21 19:00:00
2029,,2019-09-21 20:00:00
2030,,2019-09-21 21:00:00
2031,,2019-09-21 22:00:00
2032,,2019-09-21 23:00:00
1458,43.43,2019-09-22 00:00:00
1459,46.75,2019-09-22 01:00:00
1460,44.4,2019-09-22 02:00:00
1461,51.03,2019-09-22 03:00:00
1462,44.02,2019-09-22 04:00:00
1463,31.28,2019-09-22 05:00:00
1464,28.44,2019-09-22 06:00:00
1465,22.97,2019-09-22 07:00:00
1466,21.27,2019-09-22 08:00:00
1467,14.94,2019-09-22 09:00:00
1468,18.2,2019-09-22 10:00:00
1469,13.4,2019-09-22 11:00:00
2033,,2019-09-22 12:00:00
1470,8.84,2019-09-22 13:00:00
1471,15.06,2019-09-22 14:00:00
1472,14.51,2019-09-22 15:00:00
1473,15.66,2019-09-22 16:00:00
1474,19.0,2019-09-22 17:00:00
1475,19.74,2019-09-22 18:00:00
1476,18.88,2019-09-22 19:00:00
1477,18.96,2019-09-22 20:00:00
1478,19.1,2019-09-22 21:00:00
1479,16.97,2019-09-22 22:00:00
1480,15.54,2019-09-22 23:00:00
1481,11.41,2019-09-23 00:00:00
1482,9.06,2019-09-23 01:00:00
1483,11.29,2019-09-23 02:00:00
1484,15.75,2019-09-23 03:00:00
1485,0.0,2019-09-23 04:00:00
2034,,2019-09-23 05:00:00
2035,,2019-09-23 06:00:00
2036,,2019-09-23 07:00:00
2037,,2019-09-23 08:00:00
2038,,2019-09-23 09:00:00
2039,,2019-09-23 10:00:00
2040,,2019-09-23 11:00:00
2041,,2019-09-23 12:00:00
2042,,2019-09-23 13:00:00
2043,,2019-09-23 14:00:00
2044,,2019-09-23 15:00:00
2045,,2019-09-23 16:00:00
2046,,2019-09-23 17:00:00
2047,,2019-09-23 18:00:00
2048,,2019-09-23 19:00:00
2049,,2019-09-23 20:00:00
2050,,2019-09-23 21:00:00
2051,,2019-09-23 22:00:00
2052,,2019-09-23 23:00:00
2053,,2019-09-24 00:00:00
2054,,2019-09-24 01:00:00
2055,,2019-09-24 02:00:00
2056,,2019-09-24 03:00:00
1486,146.73,2019-09-24 04:00:00
1487,0.0,2019-09-24 05:00:00
1488,59.49,2019-09-24 06:00:00
1489,16.71,2019-09-24 07:00:00
1490,24.22,2019-09-24 08:00:00
1491,12.4,2019-09-24 09:00:00
1492,22.93,2019-09-24 10:00:00
1493,18.37,2019-09-24 11:00:00
1494,18.74,2019-09-24 12:00:00
1495,14.2,2019-09-24 13:00:00
1496,19.24,2019-09-24 14:00:00
1497,31.83,2019-09-24 15:00:00
1498,31.62,2019-09-24 16:00:00
1499,32.31,2019-09-24 17:00:00
1500,36.45,2019-09-24 18:00:00
1501,32.5,2019-09-24 19:00:00
1502,38.42,2019-09-24 20:00:00
1503,37.45,2019-09-24 21:00:00
1504,44.82,2019-09-24 22:00:00
1505,41.58,2019-09-24 23:00:00
1506,38.86,2019-09-25 00:00:00
1507,37.99,2019-09-25 01:00:00
1508,40.44,2019-09-25 02:00:00
1509,47.56,2019-09-25 03:00:00
1510,47.17,2019-09-25 04:00:00
1511,33.64,2019-09-25 05:00:00
1512,32.97,2019-09-25 06:00:00
1513,28.91,2019-09-25 07:00:00
1514,26.82,2019-09-25 08:00:00
1515,23.28,2019-09-25 09:00:00
1516,23.43,2019-09-25 10:00:00
1517,16.56,2019-09-25 11:00:00
1518,15.86,2019-09-25 12:00:00
1519,15.77,2019-09-25 13:00:00
1520,19.74,2019-09-25 14:00:00
1521,23.46,2019-09-25 15:00:00
1522,24.79,2019-09-25 16:00:00
1523,35.33,2019-09-25 17:00:00
1524,37.62,2019-09-25 18:00:00
1525,28.36,2019-09-25 19:00:00
1526,28.72,2019-09-25 20:00:00
1527,30.01,2019-09-25 21:00:00
1528,28.76,2019-09-25 22:00:00
1529,28.76,2019-09-25 23:00:00
1530,31.29,2019-09-26 00:00:00
1531,29.38,2019-09-26 01:00:00
1532,30.26,2019-09-26 02:00:00
1533,30.48,2019-09-26 03:00:00
1534,25.15,2019-09-26 04:00:00
1535,21.4,2019-09-26 05:00:00
1536,19.8,2019-09-26 06:00:00
1537,14.58,2019-09-26 07:00:00
1538,11.02,2019-09-26 08:00:00
1539,15.01,2019-09-26 09:00:00
1540,15.01,2019-09-26 10:00:00
1541,10.83,2019-09-26 11:00:00
1542,7.62,2019-09-26 12:00:00
1543,10.3,2019-09-26 13:00:00
1544,7.47,2019-09-26 14:00:00
1545,12.93,2019-09-26 15:00:00
1546,21.41,2019-09-26 16:00:00
1547,22.89,2019-09-26 17:00:00
1548,31.43,2019-09-26 18:00:00
1549,25.77,2019-09-26 19:00:00
1550,18.38,2019-09-26 20:00:00
2057,,2019-09-26 21:00:00
1551,15.84,2019-09-26 22:00:00
1552,14.48,2019-09-26 23:00:00
1553,20.51,2019-09-27 00:00:00
1554,14.88,2019-09-27 01:00:00
1555,12.34,2019-09-27 02:00:00
1556,19.55,2019-09-27 03:00:00
1557,18.46,2019-09-27 04:00:00
1558,13.11,2019-09-27 05:00:00
1559,12.33,2019-09-27 06:00:00
1560,9.32,2019-09-27 07:00:00
2058,,2019-09-27 08:00:00
1561,8.56,2019-09-27 09:00:00
1562,9.76,2019-09-27 10:00:00
1563,7.82,2019-09-27 11:00:00
1564,6.48,2019-09-27 12:00:00
1565,4.85,2019-09-27 13:00:00
1566,4.31,2019-09-27 14:00:00
1567,9.57,2019-09-27 15:00:00
1568,19.3,2019-09-27 16:00:00
1569,16.38,2019-09-27 17:00:00
1570,15.19,2019-09-27 18:00:00
1571,19.48,2019-09-27 19:00:00
1572,19.02,2019-09-27 20:00:00
1573,20.83,2019-09-27 21:00:00
1574,29.52,2019-09-27 22:00:00
1575,21.39,2019-09-27 23:00:00
1576,31.6,2019-09-28 00:00:00
1577,27.7,2019-09-28 01:00:00
1578,31.4,2019-09-28 02:00:00
1579,38.2,2019-09-28 03:00:00
1580,27.8,2019-09-28 04:00:00
1581,20.08,2019-09-28 05:00:00
1582,26.44,2019-09-28 06:00:00
1583,20.78,2019-09-28 07:00:00
1584,23.02,2019-09-28 08:00:00
1585,16.5,2019-09-28 09:00:00
1586,13.09,2019-09-28 10:00:00
1587,9.44,2019-09-28 11:00:00
1588,14.69,2019-09-28 12:00:00
1589,10.72,2019-09-28 13:00:00
1590,13.45,2019-09-28 14:00:00
1591,12.3,2019-09-28 15:00:00
1592,13.52,2019-09-28 16:00:00
1593,10.57,2019-09-28 17:00:00
1594,12.99,2019-09-28 18:00:00
1595,14.45,2019-09-28 19:00:00
1596,10.18,2019-09-28 20:00:00
1597,10.27,2019-09-28 21:00:00
1598,10.83,2019-09-28 22:00:00
1599,8.43,2019-09-28 23:00:00
1600,6.66,2019-09-29 00:00:00
1601,11.78,2019-09-29 01:00:00
1602,14.94,2019-09-29 02:00:00
1603,12.61,2019-09-29 03:00:00
1604,9.2,2019-09-29 04:00:00
1605,17.3,2019-09-29 05:00:00
1606,17.32,2019-09-29 06:00:00
1607,14.3,2019-09-29 07:00:00
1608,10.44,2019-09-29 08:00:00
1609,9.55,2019-09-29 09:00:00
1610,7.79,2019-09-29 10:00:00
1611,16.07,2019-09-29 11:00:00
1612,16.07,2019-09-29 12:00:00
1613,11.46,2019-09-29 13:00:00
1614,8.19,2019-09-29 14:00:00
1615,13.04,2019-09-29 15:00:00
1616,9.74,2019-09-29 16:00:00
1617,10.97,2019-09-29 17:00:00
1618,8.85,2019-09-29 18:00:00
2059,,2019-09-29 19:00:00
2060,,2019-09-29 20:00:00
2061,,2019-09-29 21:00:00
2062,,2019-09-29 22:00:00
2063,,2019-09-29 23:00:00
2064,,2019-09-30 00:00:00
2065,,2019-09-30 01:00:00
2066,,2019-09-30 02:00:00
2067,,2019-09-30 03:00:00
2068,,2019-09-30 04:00:00
2069,,2019-09-30 05:00:00
2070,,2019-09-30 06:00:00
2071,,2019-09-30 07:00:00
2072,,2019-09-30 08:00:00
2073,,2019-09-30 09:00:00
2074,,2019-09-30 10:00:00
2075,,2019-09-30 11:00:00
2076,,2019-09-30 12:00:00
2077,,2019-09-30 13:00:00
2078,,2019-09-30 14:00:00
2079,,2019-09-30 15:00:00
2080,,2019-09-30 16:00:00
2081,,2019-09-30 17:00:00
2082,,2019-09-30 18:00:00
2083,,2019-09-30 19:00:00
2084,,2019-09-30 20:00:00
2085,,2019-09-30 21:00:00
2086,,2019-09-30 22:00:00
2087,,2019-09-30 23:00:00
2088,,2019-10-01 00:00:00
2089,,2019-10-01 01:00:00
2090,,2019-10-01 02:00:00
2091,,2019-10-01 03:00:00
2092,,2019-10-01 04:00:00
2093,,2019-10-01 05:00:00
2094,,2019-10-01 06:00:00
2095,,2019-10-01 07:00:00
2096,,2019-10-01 08:00:00
2097,,2019-10-01 09:00:00
2098,,2019-10-01 10:00:00
2099,,2019-10-01 11:00:00
2100,,2019-10-01 12:00:00
2101,,2019-10-01 13:00:00
2102,,2019-10-01 14:00:00
2103,,2019-10-01 15:00:00
2104,,2019-10-01 16:00:00
2105,,2019-10-01 17:00:00
2106,,2019-10-01 18:00:00
2107,,2019-10-01 19:00:00
2108,,2019-10-01 20:00:00
2109,,2019-10-01 21:00:00
2110,,2019-10-01 22:00:00
2111,,2019-10-01 23:00:00
2112,,2019-10-02 00:00:00
2113,,2019-10-02 01:00:00
2114,,2019-10-02 02:00:00
2115,,2019-10-02 03:00:00
2116,,2019-10-02 04:00:00
2117,,2019-10-02 05:00:00
2118,,2019-10-02 06:00:00
2119,,2019-10-02 07:00:00
2120,,2019-10-02 08:00:00
2121,,2019-10-02 09:00:00
2122,,2019-10-02 10:00:00
2123,,2019-10-02 11:00:00
2124,,2019-10-02 12:00:00
2125,,2019-10-02 13:00:00
2126,,2019-10-02 14:00:00
2127,,2019-10-02 15:00:00
2128,,2019-10-02 16:00:00
2129,,2019-10-02 17:00:00
2130,,2019-10-02 18:00:00
2131,,2019-10-02 19:00:00
2132,,2019-10-02 20:00:00
2133,,2019-10-02 21:00:00
2134,,2019-10-02 22:00:00
2135,,2019-10-02 23:00:00
2136,,2019-10-03 00:00:00
2137,,2019-10-03 01:00:00
2138,,2019-10-03 02:00:00
2139,,2019-10-03 03:00:00
2140,,2019-10-03 04:00:00
2141,,2019-10-03 05:00:00
2142,,2019-10-03 06:00:00
2143,,2019-10-03 07:00:00
2144,,2019-10-03 08:00:00
2145,,2019-10-03 09:00:00
2146,,2019-10-03 10:00:00
2147,,2019-10-03 11:00:00
2148,,2019-10-03 12:00:00
2149,,2019-10-03 13:00:00
2150,,2019-10-03 14:00:00
2151,,2019-10-03 15:00:00
2152,,2019-10-03 16:00:00
2153,,2019-10-03 17:00:00
2154,,2019-10-03 18:00:00
2155,,2019-10-03 19:00:00
2156,,2019-10-03 20:00:00
2157,,2019-10-03 21:00:00
2158,,2019-10-03 22:00:00
2159,,2019-10-03 23:00:00
2160,,2019-10-04 00:00:00
2161,,2019-10-04 01:00:00
2162,,2019-10-04 02:00:00
2163,,2019-10-04 03:00:00
2164,,2019-10-04 04:00:00
2165,,2019-10-04 05:00:00
2166,,2019-10-04 06:00:00
2167,,2019-10-04 07:00:00
2168,,2019-10-04 08:00:00
