,pm10,local_time
0,69.0,2019-08-02 00:00:00
1,62.0,2019-08-02 01:00:00
2,77.0,2019-08-02 02:00:00
3,47.0,2019-08-02 03:00:00
4,48.0,2019-08-02 04:00:00
5,66.0,2019-08-02 05:00:00
6,55.0,2019-08-02 06:00:00
7,62.0,2019-08-02 07:00:00
8,75.0,2019-08-02 08:00:00
9,88.0,2019-08-02 09:00:00
10,79.0,2019-08-02 10:00:00
11,62.0,2019-08-02 11:00:00
12,122.0,2019-08-02 12:00:00
13,113.0,2019-08-02 13:00:00
14,46.0,2019-08-02 14:00:00
15,35.0,2019-08-02 15:00:00
16,36.0,2019-08-02 16:00:00
17,48.0,2019-08-02 17:00:00
18,80.0,2019-08-02 18:00:00
19,86.0,2019-08-02 19:00:00
20,74.0,2019-08-02 20:00:00
21,95.0,2019-08-02 21:00:00
22,107.0,2019-08-02 22:00:00
23,103.0,2019-08-02 23:00:00
24,90.0,2019-08-03 00:00:00
25,84.0,2019-08-03 01:00:00
26,112.0,2019-08-03 02:00:00
27,108.0,2019-08-03 03:00:00
28,106.0,2019-08-03 04:00:00
29,163.0,2019-08-03 05:00:00
30,118.0,2019-08-03 06:00:00
31,158.0,2019-08-03 07:00:00
32,133.0,2019-08-03 08:00:00
33,124.0,2019-08-03 09:00:00
34,107.0,2019-08-03 10:00:00
35,34.0,2019-08-03 11:00:00
36,52.0,2019-08-03 12:00:00
37,63.0,2019-08-03 13:00:00
38,59.0,2019-08-03 14:00:00
39,50.0,2019-08-03 15:00:00
40,31.0,2019-08-03 16:00:00
41,36.0,2019-08-03 17:00:00
42,79.0,2019-08-03 18:00:00
43,69.0,2019-08-03 19:00:00
44,64.0,2019-08-03 20:00:00
45,103.0,2019-08-03 21:00:00
46,92.0,2019-08-03 22:00:00
47,117.0,2019-08-03 23:00:00
48,81.0,2019-08-04 00:00:00
49,161.0,2019-08-04 01:00:00
50,136.0,2019-08-04 02:00:00
51,113.0,2019-08-04 03:00:00
52,64.0,2019-08-04 04:00:00
53,75.0,2019-08-04 05:00:00
54,96.0,2019-08-04 06:00:00
55,89.0,2019-08-04 07:00:00
56,105.0,2019-08-04 08:00:00
57,77.0,2019-08-04 09:00:00
58,75.0,2019-08-04 10:00:00
59,92.0,2019-08-04 11:00:00
60,80.0,2019-08-04 12:00:00
61,83.0,2019-08-04 13:00:00
62,92.0,2019-08-04 14:00:00
63,62.0,2019-08-04 15:00:00
64,80.0,2019-08-04 16:00:00
65,81.0,2019-08-04 17:00:00
66,89.0,2019-08-04 18:00:00
67,101.0,2019-08-04 19:00:00
68,127.0,2019-08-04 20:00:00
69,210.0,2019-08-04 21:00:00
70,186.0,2019-08-04 22:00:00
71,206.0,2019-08-04 23:00:00
72,252.0,2019-08-05 00:00:00
73,188.0,2019-08-05 01:00:00
74,130.0,2019-08-05 02:00:00
75,90.0,2019-08-05 03:00:00
76,91.0,2019-08-05 04:00:00
77,130.0,2019-08-05 05:00:00
78,141.0,2019-08-05 06:00:00
79,139.0,2019-08-05 07:00:00
80,152.0,2019-08-05 08:00:00
81,150.0,2019-08-05 09:00:00
82,139.0,2019-08-05 10:00:00
83,111.0,2019-08-05 11:00:00
84,119.0,2019-08-05 12:00:00
85,125.0,2019-08-05 13:00:00
86,114.0,2019-08-05 14:00:00
87,66.0,2019-08-05 15:00:00
88,51.0,2019-08-05 16:00:00
89,86.0,2019-08-05 17:00:00
90,138.0,2019-08-05 18:00:00
91,136.0,2019-08-05 19:00:00
92,134.0,2019-08-05 20:00:00
93,152.0,2019-08-05 21:00:00
94,157.0,2019-08-05 22:00:00
95,130.0,2019-08-05 23:00:00
96,99.0,2019-08-06 00:00:00
97,89.0,2019-08-06 01:00:00
98,79.0,2019-08-06 02:00:00
99,80.0,2019-08-06 03:00:00
100,95.0,2019-08-06 04:00:00
101,101.0,2019-08-06 05:00:00
102,121.0,2019-08-06 06:00:00
103,118.0,2019-08-06 07:00:00
104,36.0,2019-08-06 08:00:00
105,36.0,2019-08-06 09:00:00
106,29.0,2019-08-06 10:00:00
107,14.0,2019-08-06 11:00:00
108,13.0,2019-08-06 12:00:00
109,30.0,2019-08-06 13:00:00
110,41.0,2019-08-06 14:00:00
111,42.0,2019-08-06 15:00:00
112,67.0,2019-08-06 16:00:00
113,36.0,2019-08-06 17:00:00
114,44.0,2019-08-06 18:00:00
115,78.0,2019-08-06 19:00:00
116,81.0,2019-08-06 20:00:00
117,83.0,2019-08-06 21:00:00
118,78.0,2019-08-06 22:00:00
119,75.0,2019-08-06 23:00:00
120,90.0,2019-08-07 00:00:00
121,50.0,2019-08-07 01:00:00
122,67.0,2019-08-07 02:00:00
123,57.0,2019-08-07 03:00:00
124,69.0,2019-08-07 04:00:00
125,64.0,2019-08-07 05:00:00
126,48.0,2019-08-07 06:00:00
127,116.0,2019-08-07 07:00:00
128,91.0,2019-08-07 08:00:00
129,124.0,2019-08-07 09:00:00
130,63.0,2019-08-07 10:00:00
131,83.0,2019-08-07 11:00:00
132,80.0,2019-08-07 12:00:00
133,56.0,2019-08-07 13:00:00
134,34.0,2019-08-07 14:00:00
135,34.0,2019-08-07 15:00:00
136,28.0,2019-08-07 16:00:00
137,27.0,2019-08-07 17:00:00
138,24.0,2019-08-07 18:00:00
139,45.0,2019-08-07 19:00:00
140,85.0,2019-08-07 20:00:00
141,74.0,2019-08-07 21:00:00
142,78.0,2019-08-07 22:00:00
143,94.0,2019-08-07 23:00:00
144,72.0,2019-08-08 00:00:00
145,83.0,2019-08-08 01:00:00
146,91.0,2019-08-08 02:00:00
147,70.0,2019-08-08 03:00:00
148,75.0,2019-08-08 04:00:00
149,108.0,2019-08-08 05:00:00
150,81.0,2019-08-08 06:00:00
151,127.0,2019-08-08 07:00:00
152,169.0,2019-08-08 08:00:00
153,130.0,2019-08-08 09:00:00
154,66.0,2019-08-08 10:00:00
155,83.0,2019-08-08 11:00:00
156,67.0,2019-08-08 12:00:00
157,61.0,2019-08-08 13:00:00
158,46.0,2019-08-08 14:00:00
159,42.0,2019-08-08 15:00:00
160,57.0,2019-08-08 16:00:00
161,63.0,2019-08-08 17:00:00
162,64.0,2019-08-08 18:00:00
163,79.0,2019-08-08 19:00:00
164,132.0,2019-08-08 20:00:00
165,213.0,2019-08-08 21:00:00
166,166.0,2019-08-08 22:00:00
167,160.0,2019-08-08 23:00:00
168,97.0,2019-08-09 00:00:00
169,67.0,2019-08-09 01:00:00
170,39.0,2019-08-09 02:00:00
171,33.0,2019-08-09 03:00:00
172,39.0,2019-08-09 04:00:00
173,55.0,2019-08-09 05:00:00
174,40.0,2019-08-09 06:00:00
175,45.0,2019-08-09 07:00:00
176,40.0,2019-08-09 08:00:00
177,59.0,2019-08-09 09:00:00
178,56.0,2019-08-09 10:00:00
179,55.0,2019-08-09 11:00:00
180,62.0,2019-08-09 12:00:00
181,46.0,2019-08-09 13:00:00
182,44.0,2019-08-09 14:00:00
183,40.0,2019-08-09 15:00:00
184,39.0,2019-08-09 16:00:00
185,40.0,2019-08-09 17:00:00
186,42.0,2019-08-09 18:00:00
187,44.0,2019-08-09 19:00:00
188,58.0,2019-08-09 20:00:00
189,66.0,2019-08-09 21:00:00
190,53.0,2019-08-09 22:00:00
191,46.0,2019-08-09 23:00:00
192,41.0,2019-08-10 00:00:00
193,35.0,2019-08-10 01:00:00
194,48.0,2019-08-10 02:00:00
195,42.0,2019-08-10 03:00:00
196,44.0,2019-08-10 04:00:00
197,42.0,2019-08-10 05:00:00
198,42.0,2019-08-10 06:00:00
199,38.0,2019-08-10 07:00:00
200,30.0,2019-08-10 08:00:00
201,39.0,2019-08-10 09:00:00
202,38.0,2019-08-10 10:00:00
203,48.0,2019-08-10 11:00:00
204,41.0,2019-08-10 12:00:00
205,42.0,2019-08-10 13:00:00
206,28.0,2019-08-10 14:00:00
207,22.0,2019-08-10 15:00:00
208,19.0,2019-08-10 16:00:00
209,17.0,2019-08-10 17:00:00
210,30.0,2019-08-10 18:00:00
211,39.0,2019-08-10 19:00:00
212,45.0,2019-08-10 20:00:00
213,64.0,2019-08-10 21:00:00
214,48.0,2019-08-10 22:00:00
215,58.0,2019-08-10 23:00:00
216,57.0,2019-08-11 00:00:00
217,62.0,2019-08-11 01:00:00
218,68.0,2019-08-11 02:00:00
219,124.0,2019-08-11 03:00:00
220,125.0,2019-08-11 04:00:00
221,140.0,2019-08-11 05:00:00
222,106.0,2019-08-11 06:00:00
1894,,2019-08-11 07:00:00
223,68.0,2019-08-11 08:00:00
224,48.0,2019-08-11 09:00:00
225,39.0,2019-08-11 10:00:00
226,41.0,2019-08-11 11:00:00
227,50.0,2019-08-11 12:00:00
228,56.0,2019-08-11 13:00:00
229,48.0,2019-08-11 14:00:00
230,55.0,2019-08-11 15:00:00
231,50.0,2019-08-11 16:00:00
232,40.0,2019-08-11 17:00:00
233,59.0,2019-08-11 18:00:00
234,77.0,2019-08-11 19:00:00
235,41.0,2019-08-11 20:00:00
236,96.0,2019-08-11 21:00:00
237,108.0,2019-08-11 22:00:00
238,70.0,2019-08-11 23:00:00
239,56.0,2019-08-12 00:00:00
240,46.0,2019-08-12 01:00:00
241,44.0,2019-08-12 02:00:00
242,34.0,2019-08-12 03:00:00
243,33.0,2019-08-12 04:00:00
244,25.0,2019-08-12 05:00:00
245,16.0,2019-08-12 06:00:00
246,17.0,2019-08-12 07:00:00
247,25.0,2019-08-12 08:00:00
248,47.0,2019-08-12 09:00:00
249,62.0,2019-08-12 10:00:00
250,30.0,2019-08-12 11:00:00
251,83.0,2019-08-12 12:00:00
252,56.0,2019-08-12 13:00:00
253,45.0,2019-08-12 14:00:00
254,31.0,2019-08-12 15:00:00
1895,,2019-08-12 16:00:00
1896,,2019-08-12 17:00:00
1897,,2019-08-12 18:00:00
255,124.0,2019-08-12 19:00:00
256,124.0,2019-08-12 20:00:00
257,164.0,2019-08-12 21:00:00
258,51.0,2019-08-12 22:00:00
259,46.0,2019-08-12 23:00:00
260,53.0,2019-08-13 00:00:00
261,39.0,2019-08-13 01:00:00
262,20.0,2019-08-13 02:00:00
263,46.0,2019-08-13 03:00:00
264,105.0,2019-08-13 04:00:00
265,57.0,2019-08-13 05:00:00
266,33.0,2019-08-13 06:00:00
267,42.0,2019-08-13 07:00:00
268,70.0,2019-08-13 08:00:00
269,57.0,2019-08-13 09:00:00
270,58.0,2019-08-13 10:00:00
271,57.0,2019-08-13 11:00:00
272,57.0,2019-08-13 12:00:00
273,58.0,2019-08-13 13:00:00
274,46.0,2019-08-13 14:00:00
275,34.0,2019-08-13 15:00:00
276,46.0,2019-08-13 16:00:00
277,35.0,2019-08-13 17:00:00
278,36.0,2019-08-13 18:00:00
279,63.0,2019-08-13 19:00:00
280,85.0,2019-08-13 20:00:00
281,105.0,2019-08-13 21:00:00
282,66.0,2019-08-13 22:00:00
283,55.0,2019-08-13 23:00:00
284,66.0,2019-08-14 00:00:00
285,42.0,2019-08-14 01:00:00
286,27.0,2019-08-14 02:00:00
287,6.0,2019-08-14 03:00:00
288,3.0,2019-08-14 04:00:00
289,8.0,2019-08-14 05:00:00
290,22.0,2019-08-14 06:00:00
291,30.0,2019-08-14 07:00:00
292,106.0,2019-08-14 08:00:00
293,83.0,2019-08-14 09:00:00
294,34.0,2019-08-14 10:00:00
295,69.0,2019-08-14 11:00:00
296,85.0,2019-08-14 12:00:00
297,95.0,2019-08-14 13:00:00
298,73.0,2019-08-14 14:00:00
299,41.0,2019-08-14 15:00:00
300,39.0,2019-08-14 16:00:00
301,46.0,2019-08-14 17:00:00
302,64.0,2019-08-14 18:00:00
303,88.0,2019-08-14 19:00:00
304,97.0,2019-08-14 20:00:00
305,119.0,2019-08-14 21:00:00
306,141.0,2019-08-14 22:00:00
307,167.0,2019-08-14 23:00:00
308,91.0,2019-08-15 00:00:00
309,88.0,2019-08-15 01:00:00
310,96.0,2019-08-15 02:00:00
311,156.0,2019-08-15 03:00:00
312,121.0,2019-08-15 04:00:00
313,96.0,2019-08-15 05:00:00
314,29.0,2019-08-15 06:00:00
315,9.0,2019-08-15 07:00:00
316,128.0,2019-08-15 08:00:00
317,38.0,2019-08-15 09:00:00
318,33.0,2019-08-15 10:00:00
319,27.0,2019-08-15 11:00:00
320,33.0,2019-08-15 12:00:00
321,40.0,2019-08-15 13:00:00
322,40.0,2019-08-15 14:00:00
323,30.0,2019-08-15 15:00:00
324,25.0,2019-08-15 16:00:00
325,34.0,2019-08-15 17:00:00
326,29.0,2019-08-15 18:00:00
327,56.0,2019-08-15 19:00:00
328,69.0,2019-08-15 20:00:00
329,47.0,2019-08-15 21:00:00
330,44.0,2019-08-15 22:00:00
331,36.0,2019-08-15 23:00:00
332,45.0,2019-08-16 00:00:00
333,33.0,2019-08-16 01:00:00
334,30.0,2019-08-16 02:00:00
335,29.0,2019-08-16 03:00:00
336,19.0,2019-08-16 04:00:00
337,24.0,2019-08-16 05:00:00
338,34.0,2019-08-16 06:00:00
339,38.0,2019-08-16 07:00:00
340,56.0,2019-08-16 08:00:00
341,45.0,2019-08-16 09:00:00
342,36.0,2019-08-16 10:00:00
343,33.0,2019-08-16 11:00:00
344,33.0,2019-08-16 12:00:00
345,36.0,2019-08-16 13:00:00
346,24.0,2019-08-16 14:00:00
347,31.0,2019-08-16 15:00:00
348,28.0,2019-08-16 16:00:00
349,20.0,2019-08-16 17:00:00
350,55.0,2019-08-16 18:00:00
351,28.0,2019-08-16 19:00:00
352,31.0,2019-08-16 20:00:00
353,44.0,2019-08-16 21:00:00
354,46.0,2019-08-16 22:00:00
355,38.0,2019-08-16 23:00:00
356,45.0,2019-08-17 00:00:00
357,33.0,2019-08-17 01:00:00
358,28.0,2019-08-17 02:00:00
359,14.0,2019-08-17 03:00:00
360,12.0,2019-08-17 04:00:00
361,20.0,2019-08-17 05:00:00
362,2.0,2019-08-17 06:00:00
363,18.0,2019-08-17 07:00:00
364,30.0,2019-08-17 08:00:00
365,8.0,2019-08-17 09:00:00
366,8.0,2019-08-17 10:00:00
367,7.0,2019-08-17 11:00:00
368,8.0,2019-08-17 12:00:00
369,24.0,2019-08-17 13:00:00
370,24.0,2019-08-17 14:00:00
371,25.0,2019-08-17 15:00:00
372,20.0,2019-08-17 16:00:00
373,20.0,2019-08-17 17:00:00
374,13.0,2019-08-17 18:00:00
375,16.0,2019-08-17 19:00:00
376,20.0,2019-08-17 20:00:00
377,11.0,2019-08-17 21:00:00
378,17.0,2019-08-17 22:00:00
379,7.0,2019-08-17 23:00:00
380,11.0,2019-08-18 00:00:00
381,8.0,2019-08-18 01:00:00
382,3.0,2019-08-18 02:00:00
383,6.0,2019-08-18 03:00:00
384,9.0,2019-08-18 04:00:00
385,7.0,2019-08-18 05:00:00
386,8.0,2019-08-18 06:00:00
387,9.0,2019-08-18 07:00:00
388,12.0,2019-08-18 08:00:00
389,18.0,2019-08-18 09:00:00
390,14.0,2019-08-18 10:00:00
391,11.0,2019-08-18 11:00:00
392,8.0,2019-08-18 12:00:00
393,18.0,2019-08-18 13:00:00
394,9.0,2019-08-18 14:00:00
395,17.0,2019-08-18 15:00:00
396,27.0,2019-08-18 16:00:00
397,20.0,2019-08-18 17:00:00
398,31.0,2019-08-18 18:00:00
399,149.0,2019-08-18 19:00:00
400,195.0,2019-08-18 20:00:00
401,124.0,2019-08-18 21:00:00
402,114.0,2019-08-18 22:00:00
403,101.0,2019-08-18 23:00:00
404,99.0,2019-08-19 00:00:00
405,141.0,2019-08-19 01:00:00
406,141.0,2019-08-19 02:00:00
407,114.0,2019-08-19 03:00:00
408,110.0,2019-08-19 04:00:00
409,95.0,2019-08-19 05:00:00
410,111.0,2019-08-19 06:00:00
411,140.0,2019-08-19 07:00:00
412,143.0,2019-08-19 08:00:00
413,132.0,2019-08-19 09:00:00
414,80.0,2019-08-19 10:00:00
415,47.0,2019-08-19 11:00:00
416,34.0,2019-08-19 12:00:00
417,29.0,2019-08-19 13:00:00
418,42.0,2019-08-19 14:00:00
419,34.0,2019-08-19 15:00:00
420,47.0,2019-08-19 16:00:00
421,39.0,2019-08-19 17:00:00
422,31.0,2019-08-19 18:00:00
423,80.0,2019-08-19 19:00:00
424,147.0,2019-08-19 20:00:00
425,208.0,2019-08-19 21:00:00
426,130.0,2019-08-19 22:00:00
427,140.0,2019-08-19 23:00:00
428,163.0,2019-08-20 00:00:00
429,207.0,2019-08-20 01:00:00
430,143.0,2019-08-20 02:00:00
431,100.0,2019-08-20 03:00:00
432,92.0,2019-08-20 04:00:00
433,100.0,2019-08-20 05:00:00
434,94.0,2019-08-20 06:00:00
435,100.0,2019-08-20 07:00:00
436,84.0,2019-08-20 08:00:00
437,94.0,2019-08-20 09:00:00
438,105.0,2019-08-20 10:00:00
439,62.0,2019-08-20 11:00:00
440,47.0,2019-08-20 12:00:00
441,28.0,2019-08-20 13:00:00
442,34.0,2019-08-20 14:00:00
443,29.0,2019-08-20 15:00:00
444,41.0,2019-08-20 16:00:00
445,52.0,2019-08-20 17:00:00
446,63.0,2019-08-20 18:00:00
447,83.0,2019-08-20 19:00:00
448,103.0,2019-08-20 20:00:00
449,122.0,2019-08-20 21:00:00
450,139.0,2019-08-20 22:00:00
451,136.0,2019-08-20 23:00:00
452,128.0,2019-08-21 00:00:00
453,132.0,2019-08-21 01:00:00
454,95.0,2019-08-21 02:00:00
455,133.0,2019-08-21 03:00:00
456,155.0,2019-08-21 04:00:00
457,139.0,2019-08-21 05:00:00
458,129.0,2019-08-21 06:00:00
459,227.0,2019-08-21 07:00:00
460,160.0,2019-08-21 08:00:00
461,130.0,2019-08-21 09:00:00
462,111.0,2019-08-21 10:00:00
463,128.0,2019-08-21 11:00:00
464,128.0,2019-08-21 12:00:00
465,116.0,2019-08-21 13:00:00
466,125.0,2019-08-21 14:00:00
467,121.0,2019-08-21 15:00:00
468,122.0,2019-08-21 16:00:00
469,100.0,2019-08-21 17:00:00
470,97.0,2019-08-21 18:00:00
471,103.0,2019-08-21 19:00:00
472,151.0,2019-08-21 20:00:00
473,222.0,2019-08-21 21:00:00
474,205.0,2019-08-21 22:00:00
475,245.0,2019-08-21 23:00:00
476,107.0,2019-08-22 00:00:00
477,89.0,2019-08-22 01:00:00
478,132.0,2019-08-22 02:00:00
479,138.0,2019-08-22 03:00:00
480,140.0,2019-08-22 04:00:00
481,91.0,2019-08-22 05:00:00
482,118.0,2019-08-22 06:00:00
483,179.0,2019-08-22 07:00:00
484,136.0,2019-08-22 08:00:00
485,122.0,2019-08-22 09:00:00
486,107.0,2019-08-22 10:00:00
487,100.0,2019-08-22 11:00:00
488,102.0,2019-08-22 12:00:00
489,73.0,2019-08-22 13:00:00
490,85.0,2019-08-22 14:00:00
491,74.0,2019-08-22 15:00:00
492,77.0,2019-08-22 16:00:00
493,129.0,2019-08-22 17:00:00
494,151.0,2019-08-22 18:00:00
495,189.0,2019-08-22 19:00:00
496,191.0,2019-08-22 20:00:00
497,227.0,2019-08-22 21:00:00
498,277.0,2019-08-22 22:00:00
499,262.0,2019-08-22 23:00:00
500,238.0,2019-08-23 00:00:00
501,238.0,2019-08-23 01:00:00
502,246.0,2019-08-23 02:00:00
503,191.0,2019-08-23 03:00:00
504,186.0,2019-08-23 04:00:00
505,139.0,2019-08-23 05:00:00
506,132.0,2019-08-23 06:00:00
507,246.0,2019-08-23 07:00:00
508,188.0,2019-08-23 08:00:00
509,152.0,2019-08-23 09:00:00
510,129.0,2019-08-23 10:00:00
511,116.0,2019-08-23 11:00:00
512,121.0,2019-08-23 12:00:00
513,123.0,2019-08-23 13:00:00
514,113.0,2019-08-23 14:00:00
515,112.0,2019-08-23 15:00:00
516,99.0,2019-08-23 16:00:00
517,103.0,2019-08-23 17:00:00
518,86.0,2019-08-23 18:00:00
519,107.0,2019-08-23 19:00:00
520,149.0,2019-08-23 20:00:00
521,199.0,2019-08-23 21:00:00
522,331.0,2019-08-23 22:00:00
523,332.0,2019-08-23 23:00:00
524,417.0,2019-08-24 00:00:00
525,458.0,2019-08-24 01:00:00
526,250.0,2019-08-24 02:00:00
527,241.0,2019-08-24 03:00:00
528,207.0,2019-08-24 04:00:00
529,173.0,2019-08-24 05:00:00
530,234.0,2019-08-24 06:00:00
531,260.0,2019-08-24 07:00:00
532,251.0,2019-08-24 08:00:00
533,257.0,2019-08-24 09:00:00
534,210.0,2019-08-24 10:00:00
535,164.0,2019-08-24 11:00:00
536,116.0,2019-08-24 12:00:00
537,92.0,2019-08-24 13:00:00
538,113.0,2019-08-24 14:00:00
539,110.0,2019-08-24 15:00:00
540,79.0,2019-08-24 16:00:00
541,66.0,2019-08-24 17:00:00
542,108.0,2019-08-24 18:00:00
543,119.0,2019-08-24 19:00:00
544,116.0,2019-08-24 20:00:00
545,136.0,2019-08-24 21:00:00
546,162.0,2019-08-24 22:00:00
547,158.0,2019-08-24 23:00:00
548,119.0,2019-08-25 00:00:00
549,86.0,2019-08-25 01:00:00
550,95.0,2019-08-25 02:00:00
551,69.0,2019-08-25 03:00:00
552,83.0,2019-08-25 04:00:00
553,75.0,2019-08-25 05:00:00
554,75.0,2019-08-25 06:00:00
555,80.0,2019-08-25 07:00:00
556,70.0,2019-08-25 08:00:00
557,66.0,2019-08-25 09:00:00
558,66.0,2019-08-25 10:00:00
559,68.0,2019-08-25 11:00:00
560,63.0,2019-08-25 12:00:00
561,64.0,2019-08-25 13:00:00
562,64.0,2019-08-25 14:00:00
563,66.0,2019-08-25 15:00:00
564,108.0,2019-08-25 16:00:00
565,27.0,2019-08-25 17:00:00
566,31.0,2019-08-25 18:00:00
567,27.0,2019-08-25 19:00:00
568,125.0,2019-08-25 20:00:00
569,53.0,2019-08-25 21:00:00
570,64.0,2019-08-25 22:00:00
571,58.0,2019-08-25 23:00:00
572,79.0,2019-08-26 00:00:00
573,92.0,2019-08-26 01:00:00
574,45.0,2019-08-26 02:00:00
575,48.0,2019-08-26 03:00:00
576,47.0,2019-08-26 04:00:00
577,41.0,2019-08-26 05:00:00
578,48.0,2019-08-26 06:00:00
579,66.0,2019-08-26 07:00:00
1898,,2019-08-26 08:00:00
1899,,2019-08-26 09:00:00
1900,,2019-08-26 10:00:00
1901,,2019-08-26 11:00:00
1902,,2019-08-26 12:00:00
1903,,2019-08-26 13:00:00
1904,,2019-08-26 14:00:00
1905,,2019-08-26 15:00:00
1906,,2019-08-26 16:00:00
1907,,2019-08-26 17:00:00
1908,,2019-08-26 18:00:00
1909,,2019-08-26 19:00:00
1910,,2019-08-26 20:00:00
1911,,2019-08-26 21:00:00
1912,,2019-08-26 22:00:00
1913,,2019-08-26 23:00:00
1914,,2019-08-27 00:00:00
1915,,2019-08-27 01:00:00
1916,,2019-08-27 02:00:00
1917,,2019-08-27 03:00:00
1918,,2019-08-27 04:00:00
1919,,2019-08-27 05:00:00
1920,,2019-08-27 06:00:00
580,221.0,2019-08-27 07:00:00
581,345.0,2019-08-27 08:00:00
582,188.0,2019-08-27 09:00:00
583,100.0,2019-08-27 10:00:00
584,75.0,2019-08-27 11:00:00
585,75.0,2019-08-27 12:00:00
586,80.0,2019-08-27 13:00:00
587,84.0,2019-08-27 14:00:00
588,41.0,2019-08-27 15:00:00
589,35.0,2019-08-27 16:00:00
590,36.0,2019-08-27 17:00:00
591,36.0,2019-08-27 18:00:00
592,84.0,2019-08-27 19:00:00
593,130.0,2019-08-27 20:00:00
594,449.0,2019-08-27 21:00:00
595,182.0,2019-08-27 22:00:00
596,161.0,2019-08-27 23:00:00
597,238.0,2019-08-28 00:00:00
598,206.0,2019-08-28 01:00:00
599,182.0,2019-08-28 02:00:00
600,147.0,2019-08-28 03:00:00
601,152.0,2019-08-28 04:00:00
602,175.0,2019-08-28 05:00:00
603,190.0,2019-08-28 06:00:00
604,246.0,2019-08-28 07:00:00
605,266.0,2019-08-28 08:00:00
606,112.0,2019-08-28 09:00:00
607,57.0,2019-08-28 10:00:00
608,62.0,2019-08-28 11:00:00
609,66.0,2019-08-28 12:00:00
610,84.0,2019-08-28 13:00:00
611,84.0,2019-08-28 14:00:00
612,56.0,2019-08-28 15:00:00
613,53.0,2019-08-28 16:00:00
614,51.0,2019-08-28 17:00:00
615,91.0,2019-08-28 18:00:00
616,121.0,2019-08-28 19:00:00
617,92.0,2019-08-28 20:00:00
618,106.0,2019-08-28 21:00:00
619,269.0,2019-08-28 22:00:00
620,111.0,2019-08-28 23:00:00
621,121.0,2019-08-29 00:00:00
622,140.0,2019-08-29 01:00:00
623,153.0,2019-08-29 02:00:00
624,56.0,2019-08-29 03:00:00
625,58.0,2019-08-29 04:00:00
626,55.0,2019-08-29 05:00:00
627,74.0,2019-08-29 06:00:00
628,162.0,2019-08-29 07:00:00
629,103.0,2019-08-29 08:00:00
630,79.0,2019-08-29 09:00:00
631,56.0,2019-08-29 10:00:00
632,50.0,2019-08-29 11:00:00
633,52.0,2019-08-29 12:00:00
634,57.0,2019-08-29 13:00:00
635,64.0,2019-08-29 14:00:00
636,83.0,2019-08-29 15:00:00
637,79.0,2019-08-29 16:00:00
638,70.0,2019-08-29 17:00:00
639,62.0,2019-08-29 18:00:00
640,160.0,2019-08-29 19:00:00
641,99.0,2019-08-29 20:00:00
642,124.0,2019-08-29 21:00:00
643,91.0,2019-08-29 22:00:00
644,75.0,2019-08-29 23:00:00
645,50.0,2019-08-30 00:00:00
646,59.0,2019-08-30 01:00:00
647,62.0,2019-08-30 02:00:00
648,92.0,2019-08-30 03:00:00
649,125.0,2019-08-30 04:00:00
650,89.0,2019-08-30 05:00:00
651,135.0,2019-08-30 06:00:00
652,171.0,2019-08-30 07:00:00
653,217.0,2019-08-30 08:00:00
1921,,2019-08-30 09:00:00
1922,,2019-08-30 10:00:00
654,146.0,2019-08-30 11:00:00
655,125.0,2019-08-30 12:00:00
656,111.0,2019-08-30 13:00:00
657,138.0,2019-08-30 14:00:00
658,116.0,2019-08-30 15:00:00
659,117.0,2019-08-30 16:00:00
660,108.0,2019-08-30 17:00:00
661,135.0,2019-08-30 18:00:00
662,151.0,2019-08-30 19:00:00
663,229.0,2019-08-30 20:00:00
664,196.0,2019-08-30 21:00:00
665,226.0,2019-08-30 22:00:00
666,179.0,2019-08-30 23:00:00
667,190.0,2019-08-31 00:00:00
668,171.0,2019-08-31 01:00:00
669,163.0,2019-08-31 02:00:00
670,153.0,2019-08-31 03:00:00
671,182.0,2019-08-31 04:00:00
672,168.0,2019-08-31 05:00:00
673,161.0,2019-08-31 06:00:00
674,185.0,2019-08-31 07:00:00
675,143.0,2019-08-31 08:00:00
676,114.0,2019-08-31 09:00:00
677,156.0,2019-08-31 10:00:00
678,94.0,2019-08-31 11:00:00
679,119.0,2019-08-31 12:00:00
680,108.0,2019-08-31 13:00:00
681,75.0,2019-08-31 14:00:00
682,50.0,2019-08-31 15:00:00
683,118.0,2019-08-31 16:00:00
684,127.0,2019-08-31 17:00:00
685,156.0,2019-08-31 18:00:00
686,190.0,2019-08-31 19:00:00
687,274.0,2019-08-31 20:00:00
688,235.0,2019-08-31 21:00:00
689,252.0,2019-08-31 22:00:00
690,282.0,2019-08-31 23:00:00
691,343.0,2019-09-01 00:00:00
692,384.0,2019-09-01 01:00:00
693,185.0,2019-09-01 02:00:00
694,96.0,2019-09-01 03:00:00
695,86.0,2019-09-01 04:00:00
696,83.0,2019-09-01 05:00:00
697,78.0,2019-09-01 06:00:00
698,50.0,2019-09-01 07:00:00
699,33.0,2019-09-01 08:00:00
700,28.0,2019-09-01 09:00:00
701,27.0,2019-09-01 10:00:00
702,40.0,2019-09-01 11:00:00
703,46.0,2019-09-01 12:00:00
704,52.0,2019-09-01 13:00:00
705,44.0,2019-09-01 14:00:00
706,41.0,2019-09-01 15:00:00
707,53.0,2019-09-01 16:00:00
708,28.0,2019-09-01 17:00:00
709,45.0,2019-09-01 18:00:00
710,72.0,2019-09-01 19:00:00
711,381.0,2019-09-01 20:00:00
712,73.0,2019-09-01 21:00:00
713,67.0,2019-09-01 22:00:00
714,58.0,2019-09-01 23:00:00
715,67.0,2019-09-02 00:00:00
716,78.0,2019-09-02 01:00:00
717,51.0,2019-09-02 02:00:00
718,67.0,2019-09-02 03:00:00
719,110.0,2019-09-02 04:00:00
720,79.0,2019-09-02 05:00:00
721,48.0,2019-09-02 06:00:00
722,84.0,2019-09-02 07:00:00
723,134.0,2019-09-02 08:00:00
724,117.0,2019-09-02 09:00:00
725,111.0,2019-09-02 10:00:00
726,88.0,2019-09-02 11:00:00
727,108.0,2019-09-02 12:00:00
728,112.0,2019-09-02 13:00:00
729,88.0,2019-09-02 14:00:00
730,59.0,2019-09-02 15:00:00
731,51.0,2019-09-02 16:00:00
732,67.0,2019-09-02 17:00:00
733,72.0,2019-09-02 18:00:00
734,91.0,2019-09-02 19:00:00
735,158.0,2019-09-02 20:00:00
736,136.0,2019-09-02 21:00:00
737,123.0,2019-09-02 22:00:00
738,164.0,2019-09-02 23:00:00
739,139.0,2019-09-03 00:00:00
740,124.0,2019-09-03 01:00:00
741,127.0,2019-09-03 02:00:00
742,117.0,2019-09-03 03:00:00
743,153.0,2019-09-03 04:00:00
744,149.0,2019-09-03 05:00:00
745,156.0,2019-09-03 06:00:00
746,157.0,2019-09-03 07:00:00
747,229.0,2019-09-03 08:00:00
748,167.0,2019-09-03 09:00:00
749,90.0,2019-09-03 10:00:00
750,100.0,2019-09-03 11:00:00
751,112.0,2019-09-03 12:00:00
752,103.0,2019-09-03 13:00:00
753,102.0,2019-09-03 14:00:00
754,106.0,2019-09-03 15:00:00
755,114.0,2019-09-03 16:00:00
756,108.0,2019-09-03 17:00:00
757,135.0,2019-09-03 18:00:00
758,282.0,2019-09-03 19:00:00
759,323.0,2019-09-03 20:00:00
760,285.0,2019-09-03 21:00:00
761,265.0,2019-09-03 22:00:00
762,197.0,2019-09-03 23:00:00
763,172.0,2019-09-04 00:00:00
764,167.0,2019-09-04 01:00:00
765,134.0,2019-09-04 02:00:00
766,125.0,2019-09-04 03:00:00
767,177.0,2019-09-04 04:00:00
768,172.0,2019-09-04 05:00:00
769,174.0,2019-09-04 06:00:00
770,199.0,2019-09-04 07:00:00
771,141.0,2019-09-04 08:00:00
772,163.0,2019-09-04 09:00:00
773,163.0,2019-09-04 10:00:00
774,183.0,2019-09-04 11:00:00
775,188.0,2019-09-04 12:00:00
776,145.0,2019-09-04 13:00:00
777,146.0,2019-09-04 14:00:00
778,136.0,2019-09-04 15:00:00
779,106.0,2019-09-04 16:00:00
780,100.0,2019-09-04 17:00:00
781,107.0,2019-09-04 18:00:00
782,134.0,2019-09-04 19:00:00
783,201.0,2019-09-04 20:00:00
784,133.0,2019-09-04 21:00:00
785,114.0,2019-09-04 22:00:00
786,81.0,2019-09-04 23:00:00
787,62.0,2019-09-05 00:00:00
788,63.0,2019-09-05 01:00:00
789,63.0,2019-09-05 02:00:00
790,57.0,2019-09-05 03:00:00
791,51.0,2019-09-05 04:00:00
792,55.0,2019-09-05 05:00:00
793,38.0,2019-09-05 06:00:00
794,156.0,2019-09-05 07:00:00
795,127.0,2019-09-05 08:00:00
796,94.0,2019-09-05 09:00:00
797,70.0,2019-09-05 10:00:00
798,129.0,2019-09-05 11:00:00
799,110.0,2019-09-05 12:00:00
800,55.0,2019-09-05 13:00:00
801,48.0,2019-09-05 14:00:00
802,80.0,2019-09-05 15:00:00
803,63.0,2019-09-05 16:00:00
804,86.0,2019-09-05 17:00:00
805,74.0,2019-09-05 18:00:00
806,119.0,2019-09-05 19:00:00
807,149.0,2019-09-05 20:00:00
808,152.0,2019-09-05 21:00:00
809,85.0,2019-09-05 22:00:00
810,94.0,2019-09-05 23:00:00
811,89.0,2019-09-06 00:00:00
812,66.0,2019-09-06 01:00:00
813,66.0,2019-09-06 02:00:00
814,101.0,2019-09-06 03:00:00
815,91.0,2019-09-06 04:00:00
816,106.0,2019-09-06 05:00:00
817,100.0,2019-09-06 06:00:00
818,200.0,2019-09-06 07:00:00
819,147.0,2019-09-06 08:00:00
820,134.0,2019-09-06 09:00:00
821,75.0,2019-09-06 10:00:00
822,64.0,2019-09-06 11:00:00
1923,,2019-09-06 12:00:00
1924,,2019-09-06 13:00:00
1925,,2019-09-06 14:00:00
1926,,2019-09-06 15:00:00
823,95.0,2019-09-06 16:00:00
824,78.0,2019-09-06 17:00:00
825,,2019-09-06 18:00:00
826,86.0,2019-09-06 19:00:00
1927,,2019-09-06 20:00:00
1928,,2019-09-06 21:00:00
1929,,2019-09-06 22:00:00
1930,,2019-09-06 23:00:00
1931,,2019-09-07 00:00:00
1932,,2019-09-07 01:00:00
1933,,2019-09-07 02:00:00
1934,,2019-09-07 03:00:00
1935,,2019-09-07 04:00:00
1936,,2019-09-07 05:00:00
827,117.0,2019-09-07 06:00:00
828,185.0,2019-09-07 07:00:00
829,145.0,2019-09-07 08:00:00
830,118.0,2019-09-07 09:00:00
831,79.0,2019-09-07 10:00:00
832,79.0,2019-09-07 11:00:00
833,78.0,2019-09-07 12:00:00
834,73.0,2019-09-07 13:00:00
835,78.0,2019-09-07 14:00:00
836,62.0,2019-09-07 15:00:00
837,85.0,2019-09-07 16:00:00
838,57.0,2019-09-07 17:00:00
839,113.0,2019-09-07 18:00:00
840,135.0,2019-09-07 19:00:00
841,106.0,2019-09-07 20:00:00
842,92.0,2019-09-07 21:00:00
843,67.0,2019-09-07 22:00:00
844,74.0,2019-09-07 23:00:00
845,110.0,2019-09-08 00:00:00
846,44.0,2019-09-08 01:00:00
847,41.0,2019-09-08 02:00:00
848,41.0,2019-09-08 03:00:00
849,91.0,2019-09-08 04:00:00
850,75.0,2019-09-08 05:00:00
851,81.0,2019-09-08 06:00:00
852,84.0,2019-09-08 07:00:00
853,133.0,2019-09-08 08:00:00
854,102.0,2019-09-08 09:00:00
855,75.0,2019-09-08 10:00:00
856,64.0,2019-09-08 11:00:00
857,64.0,2019-09-08 12:00:00
858,44.0,2019-09-08 13:00:00
859,50.0,2019-09-08 14:00:00
860,55.0,2019-09-08 15:00:00
861,45.0,2019-09-08 16:00:00
862,45.0,2019-09-08 17:00:00
863,46.0,2019-09-08 18:00:00
864,68.0,2019-09-08 19:00:00
865,110.0,2019-09-08 20:00:00
866,199.0,2019-09-08 21:00:00
867,141.0,2019-09-08 22:00:00
868,172.0,2019-09-08 23:00:00
869,116.0,2019-09-09 00:00:00
870,96.0,2019-09-09 01:00:00
871,99.0,2019-09-09 02:00:00
872,79.0,2019-09-09 03:00:00
873,102.0,2019-09-09 04:00:00
874,113.0,2019-09-09 05:00:00
875,135.0,2019-09-09 06:00:00
876,146.0,2019-09-09 07:00:00
877,189.0,2019-09-09 08:00:00
878,103.0,2019-09-09 09:00:00
879,79.0,2019-09-09 10:00:00
880,106.0,2019-09-09 11:00:00
881,86.0,2019-09-09 12:00:00
882,100.0,2019-09-09 13:00:00
883,100.0,2019-09-09 14:00:00
884,96.0,2019-09-09 15:00:00
885,94.0,2019-09-09 16:00:00
886,95.0,2019-09-09 17:00:00
887,105.0,2019-09-09 18:00:00
888,133.0,2019-09-09 19:00:00
889,184.0,2019-09-09 20:00:00
890,173.0,2019-09-09 21:00:00
891,204.0,2019-09-09 22:00:00
892,135.0,2019-09-09 23:00:00
893,172.0,2019-09-10 00:00:00
894,229.0,2019-09-10 01:00:00
895,147.0,2019-09-10 02:00:00
896,128.0,2019-09-10 03:00:00
897,136.0,2019-09-10 04:00:00
898,127.0,2019-09-10 05:00:00
899,139.0,2019-09-10 06:00:00
900,190.0,2019-09-10 07:00:00
901,217.0,2019-09-10 08:00:00
902,134.0,2019-09-10 09:00:00
903,94.0,2019-09-10 10:00:00
904,75.0,2019-09-10 11:00:00
905,92.0,2019-09-10 12:00:00
906,77.0,2019-09-10 13:00:00
907,91.0,2019-09-10 14:00:00
908,97.0,2019-09-10 15:00:00
909,103.0,2019-09-10 16:00:00
910,89.0,2019-09-10 17:00:00
911,112.0,2019-09-10 18:00:00
912,211.0,2019-09-10 19:00:00
913,186.0,2019-09-10 20:00:00
914,238.0,2019-09-10 21:00:00
915,261.0,2019-09-10 22:00:00
916,215.0,2019-09-10 23:00:00
917,199.0,2019-09-11 00:00:00
918,166.0,2019-09-11 01:00:00
919,174.0,2019-09-11 02:00:00
920,175.0,2019-09-11 03:00:00
921,156.0,2019-09-11 04:00:00
922,143.0,2019-09-11 05:00:00
923,138.0,2019-09-11 06:00:00
924,226.0,2019-09-11 07:00:00
925,163.0,2019-09-11 08:00:00
926,150.0,2019-09-11 09:00:00
927,147.0,2019-09-11 10:00:00
928,116.0,2019-09-11 11:00:00
929,122.0,2019-09-11 12:00:00
930,121.0,2019-09-11 13:00:00
931,121.0,2019-09-11 14:00:00
932,141.0,2019-09-11 15:00:00
933,146.0,2019-09-11 16:00:00
934,157.0,2019-09-11 17:00:00
935,178.0,2019-09-11 18:00:00
1937,,2019-09-11 19:00:00
1938,,2019-09-11 20:00:00
1939,,2019-09-11 21:00:00
1940,,2019-09-11 22:00:00
1941,,2019-09-11 23:00:00
936,200.0,2019-09-12 00:00:00
937,182.0,2019-09-12 01:00:00
938,112.0,2019-09-12 02:00:00
939,102.0,2019-09-12 03:00:00
940,117.0,2019-09-12 04:00:00
941,103.0,2019-09-12 05:00:00
942,97.0,2019-09-12 06:00:00
943,105.0,2019-09-12 07:00:00
944,119.0,2019-09-12 08:00:00
945,130.0,2019-09-12 09:00:00
946,113.0,2019-09-12 10:00:00
1942,,2019-09-12 11:00:00
947,116.0,2019-09-12 12:00:00
948,124.0,2019-09-12 13:00:00
949,112.0,2019-09-12 14:00:00
950,138.0,2019-09-12 15:00:00
951,113.0,2019-09-12 16:00:00
952,96.0,2019-09-12 17:00:00
953,113.0,2019-09-12 18:00:00
954,138.0,2019-09-12 19:00:00
955,130.0,2019-09-12 20:00:00
956,95.0,2019-09-12 21:00:00
957,86.0,2019-09-12 22:00:00
958,74.0,2019-09-12 23:00:00
959,68.0,2019-09-13 00:00:00
960,68.0,2019-09-13 01:00:00
961,50.0,2019-09-13 02:00:00
962,40.0,2019-09-13 03:00:00
963,48.0,2019-09-13 04:00:00
964,47.0,2019-09-13 05:00:00
965,66.0,2019-09-13 06:00:00
966,136.0,2019-09-13 07:00:00
967,119.0,2019-09-13 08:00:00
968,125.0,2019-09-13 09:00:00
969,81.0,2019-09-13 10:00:00
970,73.0,2019-09-13 11:00:00
971,68.0,2019-09-13 12:00:00
972,63.0,2019-09-13 13:00:00
973,66.0,2019-09-13 14:00:00
974,64.0,2019-09-13 15:00:00
975,70.0,2019-09-13 16:00:00
976,70.0,2019-09-13 17:00:00
977,77.0,2019-09-13 18:00:00
978,85.0,2019-09-13 19:00:00
979,96.0,2019-09-13 20:00:00
980,100.0,2019-09-13 21:00:00
981,103.0,2019-09-13 22:00:00
982,58.0,2019-09-13 23:00:00
983,64.0,2019-09-14 00:00:00
984,47.0,2019-09-14 01:00:00
985,34.0,2019-09-14 02:00:00
986,40.0,2019-09-14 03:00:00
987,36.0,2019-09-14 04:00:00
988,28.0,2019-09-14 05:00:00
989,38.0,2019-09-14 06:00:00
990,61.0,2019-09-14 07:00:00
991,51.0,2019-09-14 08:00:00
992,69.0,2019-09-14 09:00:00
993,77.0,2019-09-14 10:00:00
994,89.0,2019-09-14 11:00:00
995,103.0,2019-09-14 12:00:00
996,70.0,2019-09-14 13:00:00
997,42.0,2019-09-14 14:00:00
998,45.0,2019-09-14 15:00:00
999,40.0,2019-09-14 16:00:00
1000,42.0,2019-09-14 17:00:00
1001,47.0,2019-09-14 18:00:00
1002,74.0,2019-09-14 19:00:00
1003,91.0,2019-09-14 20:00:00
1004,106.0,2019-09-14 21:00:00
1005,83.0,2019-09-14 22:00:00
1006,79.0,2019-09-14 23:00:00
1007,59.0,2019-09-15 00:00:00
1008,58.0,2019-09-15 01:00:00
1009,51.0,2019-09-15 02:00:00
1010,50.0,2019-09-15 03:00:00
1011,29.0,2019-09-15 04:00:00
1012,36.0,2019-09-15 05:00:00
1013,41.0,2019-09-15 06:00:00
1014,68.0,2019-09-15 07:00:00
1015,113.0,2019-09-15 08:00:00
1016,69.0,2019-09-15 09:00:00
1017,66.0,2019-09-15 10:00:00
1018,47.0,2019-09-15 11:00:00
1019,51.0,2019-09-15 12:00:00
1020,91.0,2019-09-15 13:00:00
1021,74.0,2019-09-15 14:00:00
1022,57.0,2019-09-15 15:00:00
1023,46.0,2019-09-15 16:00:00
1024,51.0,2019-09-15 17:00:00
1025,96.0,2019-09-15 18:00:00
1026,69.0,2019-09-15 19:00:00
1027,111.0,2019-09-15 20:00:00
1028,129.0,2019-09-15 21:00:00
1029,125.0,2019-09-15 22:00:00
1030,105.0,2019-09-15 23:00:00
1031,116.0,2019-09-16 00:00:00
1032,108.0,2019-09-16 01:00:00
1033,101.0,2019-09-16 02:00:00
1034,112.0,2019-09-16 03:00:00
1035,161.0,2019-09-16 04:00:00
1036,155.0,2019-09-16 05:00:00
1037,150.0,2019-09-16 06:00:00
1038,252.0,2019-09-16 07:00:00
1039,251.0,2019-09-16 08:00:00
1040,173.0,2019-09-16 09:00:00
1041,133.0,2019-09-16 10:00:00
1042,127.0,2019-09-16 11:00:00
1043,86.0,2019-09-16 12:00:00
1943,,2019-09-16 13:00:00
1044,89.0,2019-09-16 14:00:00
1045,84.0,2019-09-16 15:00:00
1046,96.0,2019-09-16 16:00:00
1047,103.0,2019-09-16 17:00:00
1048,130.0,2019-09-16 18:00:00
1049,172.0,2019-09-16 19:00:00
1050,174.0,2019-09-16 20:00:00
1051,230.0,2019-09-16 21:00:00
1052,156.0,2019-09-16 22:00:00
1053,147.0,2019-09-16 23:00:00
1054,190.0,2019-09-17 00:00:00
1055,201.0,2019-09-17 01:00:00
1056,167.0,2019-09-17 02:00:00
1057,153.0,2019-09-17 03:00:00
1058,135.0,2019-09-17 04:00:00
1059,96.0,2019-09-17 05:00:00
1060,94.0,2019-09-17 06:00:00
1061,130.0,2019-09-17 07:00:00
1062,103.0,2019-09-17 08:00:00
1063,90.0,2019-09-17 09:00:00
1064,64.0,2019-09-17 10:00:00
1065,86.0,2019-09-17 11:00:00
1066,114.0,2019-09-17 12:00:00
1067,107.0,2019-09-17 13:00:00
1068,100.0,2019-09-17 14:00:00
1069,130.0,2019-09-17 15:00:00
1070,105.0,2019-09-17 16:00:00
1071,125.0,2019-09-17 17:00:00
1072,99.0,2019-09-17 18:00:00
1073,226.0,2019-09-17 19:00:00
1074,171.0,2019-09-17 20:00:00
1075,188.0,2019-09-17 21:00:00
1076,166.0,2019-09-17 22:00:00
1077,110.0,2019-09-17 23:00:00
1078,97.0,2019-09-18 00:00:00
1079,74.0,2019-09-18 01:00:00
1080,67.0,2019-09-18 02:00:00
1081,78.0,2019-09-18 03:00:00
1082,57.0,2019-09-18 04:00:00
1083,68.0,2019-09-18 05:00:00
1084,79.0,2019-09-18 06:00:00
1085,84.0,2019-09-18 07:00:00
1086,69.0,2019-09-18 08:00:00
1087,78.0,2019-09-18 09:00:00
1088,123.0,2019-09-18 10:00:00
1089,102.0,2019-09-18 11:00:00
1090,94.0,2019-09-18 12:00:00
1091,135.0,2019-09-18 13:00:00
1092,106.0,2019-09-18 14:00:00
1093,143.0,2019-09-18 15:00:00
1094,103.0,2019-09-18 16:00:00
1095,92.0,2019-09-18 17:00:00
1096,97.0,2019-09-18 18:00:00
1097,122.0,2019-09-18 19:00:00
1098,107.0,2019-09-18 20:00:00
1099,85.0,2019-09-18 21:00:00
1100,62.0,2019-09-18 22:00:00
1101,51.0,2019-09-18 23:00:00
1102,53.0,2019-09-19 00:00:00
1103,41.0,2019-09-19 01:00:00
1104,31.0,2019-09-19 02:00:00
1105,27.0,2019-09-19 03:00:00
1106,12.0,2019-09-19 04:00:00
1107,18.0,2019-09-19 05:00:00
1108,25.0,2019-09-19 06:00:00
1109,51.0,2019-09-19 07:00:00
1110,67.0,2019-09-19 08:00:00
1111,70.0,2019-09-19 09:00:00
1112,83.0,2019-09-19 10:00:00
1944,,2019-09-19 11:00:00
1113,66.0,2019-09-19 12:00:00
1114,77.0,2019-09-19 13:00:00
1115,50.0,2019-09-19 14:00:00
1116,66.0,2019-09-19 15:00:00
1945,,2019-09-19 16:00:00
1117,,2019-09-19 17:00:00
1118,85.0,2019-09-19 18:00:00
1119,113.0,2019-09-19 19:00:00
1120,133.0,2019-09-19 20:00:00
1121,117.0,2019-09-19 21:00:00
1122,77.0,2019-09-19 22:00:00
1123,68.0,2019-09-19 23:00:00
1124,56.0,2019-09-20 00:00:00
1125,66.0,2019-09-20 01:00:00
1126,106.0,2019-09-20 02:00:00
1127,138.0,2019-09-20 03:00:00
1128,138.0,2019-09-20 04:00:00
1129,146.0,2019-09-20 05:00:00
1130,155.0,2019-09-20 06:00:00
1131,370.0,2019-09-20 07:00:00
1132,266.0,2019-09-20 08:00:00
1133,121.0,2019-09-20 09:00:00
1134,149.0,2019-09-20 10:00:00
1135,121.0,2019-09-20 11:00:00
1136,74.0,2019-09-20 12:00:00
1137,68.0,2019-09-20 13:00:00
1138,53.0,2019-09-20 14:00:00
1139,58.0,2019-09-20 15:00:00
1140,72.0,2019-09-20 16:00:00
1141,95.0,2019-09-20 17:00:00
1142,119.0,2019-09-20 18:00:00
1143,184.0,2019-09-20 19:00:00
1144,177.0,2019-09-20 20:00:00
1145,164.0,2019-09-20 21:00:00
1146,216.0,2019-09-20 22:00:00
1147,202.0,2019-09-20 23:00:00
1148,157.0,2019-09-21 00:00:00
1149,99.0,2019-09-21 01:00:00
1150,61.0,2019-09-21 02:00:00
1151,61.0,2019-09-21 03:00:00
1152,57.0,2019-09-21 04:00:00
1153,68.0,2019-09-21 05:00:00
1154,73.0,2019-09-21 06:00:00
1155,129.0,2019-09-21 07:00:00
1156,103.0,2019-09-21 08:00:00
1157,86.0,2019-09-21 09:00:00
1158,91.0,2019-09-21 10:00:00
1159,83.0,2019-09-21 11:00:00
1160,77.0,2019-09-21 12:00:00
1161,166.0,2019-09-21 13:00:00
1162,139.0,2019-09-21 14:00:00
1163,116.0,2019-09-21 15:00:00
1164,105.0,2019-09-21 16:00:00
1165,86.0,2019-09-21 17:00:00
1946,,2019-09-21 18:00:00
1947,,2019-09-21 19:00:00
1948,,2019-09-21 20:00:00
1949,,2019-09-21 21:00:00
1950,,2019-09-21 22:00:00
1951,,2019-09-21 23:00:00
1952,,2019-09-22 00:00:00
1953,,2019-09-22 01:00:00
1954,,2019-09-22 02:00:00
1955,,2019-09-22 03:00:00
1956,,2019-09-22 04:00:00
1166,42.0,2019-09-22 05:00:00
1167,52.0,2019-09-22 06:00:00
1168,97.0,2019-09-22 07:00:00
1169,141.0,2019-09-22 08:00:00
1170,141.0,2019-09-22 09:00:00
1171,90.0,2019-09-22 10:00:00
1172,78.0,2019-09-22 11:00:00
1173,58.0,2019-09-22 12:00:00
1174,59.0,2019-09-22 13:00:00
1175,56.0,2019-09-22 14:00:00
1176,59.0,2019-09-22 15:00:00
1177,50.0,2019-09-22 16:00:00
1178,79.0,2019-09-22 17:00:00
1179,57.0,2019-09-22 18:00:00
1180,96.0,2019-09-22 19:00:00
1181,117.0,2019-09-22 20:00:00
1182,94.0,2019-09-22 21:00:00
1183,84.0,2019-09-22 22:00:00
1184,67.0,2019-09-22 23:00:00
1185,72.0,2019-09-23 00:00:00
1186,79.0,2019-09-23 01:00:00
1187,116.0,2019-09-23 02:00:00
1188,52.0,2019-09-23 03:00:00
1189,34.0,2019-09-23 04:00:00
1190,35.0,2019-09-23 05:00:00
1191,46.0,2019-09-23 06:00:00
1192,133.0,2019-09-23 07:00:00
1193,134.0,2019-09-23 08:00:00
1194,121.0,2019-09-23 09:00:00
1195,95.0,2019-09-23 10:00:00
1196,110.0,2019-09-23 11:00:00
1197,110.0,2019-09-23 12:00:00
1198,117.0,2019-09-23 13:00:00
1199,107.0,2019-09-23 14:00:00
1200,90.0,2019-09-23 15:00:00
1201,106.0,2019-09-23 16:00:00
1202,99.0,2019-09-23 17:00:00
1203,103.0,2019-09-23 18:00:00
1204,193.0,2019-09-23 19:00:00
1205,141.0,2019-09-23 20:00:00
1206,113.0,2019-09-23 21:00:00
1207,92.0,2019-09-23 22:00:00
1208,75.0,2019-09-23 23:00:00
1209,70.0,2019-09-24 00:00:00
1210,58.0,2019-09-24 01:00:00
1211,48.0,2019-09-24 02:00:00
1212,45.0,2019-09-24 03:00:00
1213,41.0,2019-09-24 04:00:00
1214,41.0,2019-09-24 05:00:00
1215,58.0,2019-09-24 06:00:00
1216,221.0,2019-09-24 07:00:00
1217,179.0,2019-09-24 08:00:00
1218,177.0,2019-09-24 09:00:00
1219,133.0,2019-09-24 10:00:00
1220,102.0,2019-09-24 11:00:00
1221,123.0,2019-09-24 12:00:00
1222,122.0,2019-09-24 13:00:00
1223,100.0,2019-09-24 14:00:00
1224,56.0,2019-09-24 15:00:00
1225,56.0,2019-09-24 16:00:00
1226,57.0,2019-09-24 17:00:00
1227,113.0,2019-09-24 18:00:00
1228,133.0,2019-09-24 19:00:00
1229,96.0,2019-09-24 20:00:00
1230,119.0,2019-09-24 21:00:00
1231,112.0,2019-09-24 22:00:00
1232,78.0,2019-09-24 23:00:00
1233,66.0,2019-09-25 00:00:00
1234,59.0,2019-09-25 01:00:00
1235,44.0,2019-09-25 02:00:00
1236,47.0,2019-09-25 03:00:00
1237,39.0,2019-09-25 04:00:00
1238,46.0,2019-09-25 05:00:00
1239,63.0,2019-09-25 06:00:00
1240,223.0,2019-09-25 07:00:00
1241,168.0,2019-09-25 08:00:00
1242,111.0,2019-09-25 09:00:00
1243,73.0,2019-09-25 10:00:00
1244,88.0,2019-09-25 11:00:00
1245,74.0,2019-09-25 12:00:00
1246,75.0,2019-09-25 13:00:00
1247,70.0,2019-09-25 14:00:00
1248,52.0,2019-09-25 15:00:00
1249,40.0,2019-09-25 16:00:00
1250,47.0,2019-09-25 17:00:00
1251,215.0,2019-09-25 18:00:00
1252,88.0,2019-09-25 19:00:00
1253,78.0,2019-09-25 20:00:00
1254,96.0,2019-09-25 21:00:00
1255,84.0,2019-09-25 22:00:00
1256,92.0,2019-09-25 23:00:00
1257,96.0,2019-09-26 00:00:00
1258,90.0,2019-09-26 01:00:00
1259,75.0,2019-09-26 02:00:00
1260,105.0,2019-09-26 03:00:00
1261,72.0,2019-09-26 04:00:00
1262,80.0,2019-09-26 05:00:00
1263,46.0,2019-09-26 06:00:00
1264,83.0,2019-09-26 07:00:00
1265,79.0,2019-09-26 08:00:00
1266,64.0,2019-09-26 09:00:00
1957,,2019-09-26 10:00:00
1958,,2019-09-26 11:00:00
1959,,2019-09-26 12:00:00
1267,55.0,2019-09-26 13:00:00
1268,48.0,2019-09-26 14:00:00
1269,52.0,2019-09-26 15:00:00
1270,40.0,2019-09-26 16:00:00
1271,51.0,2019-09-26 17:00:00
1272,57.0,2019-09-26 18:00:00
1273,77.0,2019-09-26 19:00:00
1274,88.0,2019-09-26 20:00:00
1275,95.0,2019-09-26 21:00:00
1276,118.0,2019-09-26 22:00:00
1277,102.0,2019-09-26 23:00:00
1278,53.0,2019-09-27 00:00:00
1279,34.0,2019-09-27 01:00:00
1280,24.0,2019-09-27 02:00:00
1281,23.0,2019-09-27 03:00:00
1282,25.0,2019-09-27 04:00:00
1283,28.0,2019-09-27 05:00:00
1284,35.0,2019-09-27 06:00:00
1285,75.0,2019-09-27 07:00:00
1286,53.0,2019-09-27 08:00:00
1287,36.0,2019-09-27 09:00:00
1288,41.0,2019-09-27 10:00:00
1289,48.0,2019-09-27 11:00:00
1290,38.0,2019-09-27 12:00:00
1291,47.0,2019-09-27 13:00:00
1292,40.0,2019-09-27 14:00:00
1293,40.0,2019-09-27 15:00:00
1294,45.0,2019-09-27 16:00:00
1295,48.0,2019-09-27 17:00:00
1296,58.0,2019-09-27 18:00:00
1297,101.0,2019-09-27 19:00:00
1298,95.0,2019-09-27 20:00:00
1299,64.0,2019-09-27 21:00:00
1300,69.0,2019-09-27 22:00:00
1301,56.0,2019-09-27 23:00:00
1302,40.0,2019-09-28 00:00:00
1303,48.0,2019-09-28 01:00:00
1304,44.0,2019-09-28 02:00:00
1305,45.0,2019-09-28 03:00:00
1306,69.0,2019-09-28 04:00:00
1307,61.0,2019-09-28 05:00:00
1308,45.0,2019-09-28 06:00:00
1309,83.0,2019-09-28 07:00:00
1310,105.0,2019-09-28 08:00:00
1311,107.0,2019-09-28 09:00:00
1312,64.0,2019-09-28 10:00:00
1313,78.0,2019-09-28 11:00:00
1314,68.0,2019-09-28 12:00:00
1315,58.0,2019-09-28 13:00:00
1316,56.0,2019-09-28 14:00:00
1317,40.0,2019-09-28 15:00:00
1318,52.0,2019-09-28 16:00:00
1319,66.0,2019-09-28 17:00:00
1320,52.0,2019-09-28 18:00:00
1321,73.0,2019-09-28 19:00:00
1322,177.0,2019-09-28 20:00:00
1323,122.0,2019-09-28 21:00:00
1324,70.0,2019-09-28 22:00:00
1325,57.0,2019-09-28 23:00:00
1326,35.0,2019-09-29 00:00:00
1327,28.0,2019-09-29 01:00:00
1328,16.0,2019-09-29 02:00:00
1329,19.0,2019-09-29 03:00:00
1330,16.0,2019-09-29 04:00:00
1331,25.0,2019-09-29 05:00:00
1332,36.0,2019-09-29 06:00:00
1333,28.0,2019-09-29 07:00:00
1334,47.0,2019-09-29 08:00:00
1335,72.0,2019-09-29 09:00:00
1336,33.0,2019-09-29 10:00:00
1337,58.0,2019-09-29 11:00:00
1338,55.0,2019-09-29 12:00:00
1339,64.0,2019-09-29 13:00:00
1340,73.0,2019-09-29 14:00:00
1341,72.0,2019-09-29 15:00:00
1342,74.0,2019-09-29 16:00:00
1343,56.0,2019-09-29 17:00:00
1344,62.0,2019-09-29 18:00:00
1345,86.0,2019-09-29 19:00:00
1346,114.0,2019-09-29 20:00:00
1347,79.0,2019-09-29 21:00:00
1348,62.0,2019-09-29 22:00:00
1349,46.0,2019-09-29 23:00:00
1350,39.0,2019-09-30 00:00:00
1351,34.0,2019-09-30 01:00:00
1352,29.0,2019-09-30 02:00:00
1353,27.0,2019-09-30 03:00:00
1354,18.0,2019-09-30 04:00:00
1355,20.0,2019-09-30 05:00:00
1356,23.0,2019-09-30 06:00:00
1357,34.0,2019-09-30 07:00:00
1358,42.0,2019-09-30 08:00:00
1359,48.0,2019-09-30 09:00:00
1360,68.0,2019-09-30 10:00:00
1361,63.0,2019-09-30 11:00:00
1362,79.0,2019-09-30 12:00:00
1363,99.0,2019-09-30 13:00:00
1364,123.0,2019-09-30 14:00:00
1960,,2019-09-30 15:00:00
1961,,2019-09-30 16:00:00
1365,114.0,2019-09-30 17:00:00
1366,127.0,2019-09-30 18:00:00
1367,188.0,2019-09-30 19:00:00
1368,229.0,2019-09-30 20:00:00
1369,163.0,2019-09-30 21:00:00
1370,124.0,2019-09-30 22:00:00
1371,110.0,2019-09-30 23:00:00
1372,85.0,2019-10-01 00:00:00
1373,69.0,2019-10-01 01:00:00
1374,66.0,2019-10-01 02:00:00
1375,51.0,2019-10-01 03:00:00
1376,46.0,2019-10-01 04:00:00
1377,35.0,2019-10-01 05:00:00
1378,42.0,2019-10-01 06:00:00
1379,92.0,2019-10-01 07:00:00
1380,97.0,2019-10-01 08:00:00
1381,86.0,2019-10-01 09:00:00
1382,75.0,2019-10-01 10:00:00
1383,59.0,2019-10-01 11:00:00
1384,79.0,2019-10-01 12:00:00
1385,92.0,2019-10-01 13:00:00
1386,118.0,2019-10-01 14:00:00
1387,121.0,2019-10-01 15:00:00
1962,,2019-10-01 16:00:00
1388,90.0,2019-10-01 17:00:00
1389,116.0,2019-10-01 18:00:00
1390,111.0,2019-10-01 19:00:00
1391,94.0,2019-10-01 20:00:00
1392,117.0,2019-10-01 21:00:00
1963,,2019-10-01 22:00:00
1393,134.0,2019-10-01 23:00:00
1964,,2019-10-02 00:00:00
1965,,2019-10-02 01:00:00
1966,,2019-10-02 02:00:00
1967,,2019-10-02 03:00:00
1968,,2019-10-02 04:00:00
1969,,2019-10-02 05:00:00
1970,,2019-10-02 06:00:00
1971,,2019-10-02 07:00:00
1972,,2019-10-02 08:00:00
1973,,2019-10-02 09:00:00
1394,88.0,2019-10-02 10:00:00
1974,,2019-10-02 11:00:00
1395,123.0,2019-10-02 12:00:00
1975,,2019-10-02 13:00:00
1396,86.0,2019-10-02 14:00:00
1397,55.0,2019-10-02 15:00:00
1398,46.0,2019-10-02 16:00:00
1399,52.0,2019-10-02 17:00:00
1400,197.0,2019-10-02 18:00:00
1401,196.0,2019-10-02 19:00:00
1402,222.0,2019-10-02 20:00:00
1403,191.0,2019-10-02 21:00:00
1404,173.0,2019-10-02 22:00:00
1405,161.0,2019-10-02 23:00:00
1406,323.0,2019-10-03 00:00:00
1407,138.0,2019-10-03 01:00:00
1408,263.0,2019-10-03 02:00:00
1409,155.0,2019-10-03 03:00:00
1410,178.0,2019-10-03 04:00:00
1411,122.0,2019-10-03 05:00:00
1412,108.0,2019-10-03 06:00:00
1413,196.0,2019-10-03 07:00:00
1414,465.0,2019-10-03 08:00:00
1976,,2019-10-03 09:00:00
1415,150.0,2019-10-03 10:00:00
1416,195.0,2019-10-03 11:00:00
1417,155.0,2019-10-03 12:00:00
1418,161.0,2019-10-03 13:00:00
1419,145.0,2019-10-03 14:00:00
1420,116.0,2019-10-03 15:00:00
1421,102.0,2019-10-03 16:00:00
1422,94.0,2019-10-03 17:00:00
1423,212.0,2019-10-03 18:00:00
1424,241.0,2019-10-03 19:00:00
1425,280.0,2019-10-03 20:00:00
1426,443.0,2019-10-03 21:00:00
1427,55.0,2019-10-03 22:00:00
1428,53.0,2019-10-03 23:00:00
1429,88.0,2019-10-04 00:00:00
1430,51.0,2019-10-04 01:00:00
1431,61.0,2019-10-04 02:00:00
1432,47.0,2019-10-04 03:00:00
1433,46.0,2019-10-04 04:00:00
1434,50.0,2019-10-04 05:00:00
1435,74.0,2019-10-04 06:00:00
1436,110.0,2019-10-04 07:00:00
1437,112.0,2019-10-04 08:00:00
1438,90.0,2019-10-04 09:00:00
1439,78.0,2019-10-04 10:00:00
1440,89.0,2019-10-04 11:00:00
1441,83.0,2019-10-04 12:00:00
1442,94.0,2019-10-04 13:00:00
1443,89.0,2019-10-04 14:00:00
1444,91.0,2019-10-04 15:00:00
1445,91.0,2019-10-04 16:00:00
1446,94.0,2019-10-04 17:00:00
1447,100.0,2019-10-04 18:00:00
1448,128.0,2019-10-04 19:00:00
1449,124.0,2019-10-04 20:00:00
1450,145.0,2019-10-04 21:00:00
1451,250.0,2019-10-04 22:00:00
1452,152.0,2019-10-04 23:00:00
1453,122.0,2019-10-05 00:00:00
1454,136.0,2019-10-05 01:00:00
1455,106.0,2019-10-05 02:00:00
1456,101.0,2019-10-05 03:00:00
1457,78.0,2019-10-05 04:00:00
1458,66.0,2019-10-05 05:00:00
1977,,2019-10-05 06:00:00
1459,90.0,2019-10-05 07:00:00
1460,102.0,2019-10-05 08:00:00
1461,78.0,2019-10-05 09:00:00
1462,58.0,2019-10-05 10:00:00
1978,,2019-10-05 11:00:00
1979,,2019-10-05 12:00:00
1980,,2019-10-05 13:00:00
1463,53.0,2019-10-05 14:00:00
1464,53.0,2019-10-05 15:00:00
1465,61.0,2019-10-05 16:00:00
1466,62.0,2019-10-05 17:00:00
1467,77.0,2019-10-05 18:00:00
1468,128.0,2019-10-05 19:00:00
1469,182.0,2019-10-05 20:00:00
1470,195.0,2019-10-05 21:00:00
1471,156.0,2019-10-05 22:00:00
1472,179.0,2019-10-05 23:00:00
1473,177.0,2019-10-06 00:00:00
1474,134.0,2019-10-06 01:00:00
1475,102.0,2019-10-06 02:00:00
1476,101.0,2019-10-06 03:00:00
1477,100.0,2019-10-06 04:00:00
1478,144.0,2019-10-06 05:00:00
1479,121.0,2019-10-06 06:00:00
1480,216.0,2019-10-06 07:00:00
1481,167.0,2019-10-06 08:00:00
1482,163.0,2019-10-06 09:00:00
1483,145.0,2019-10-06 10:00:00
1484,134.0,2019-10-06 11:00:00
1485,114.0,2019-10-06 12:00:00
1486,100.0,2019-10-06 13:00:00
1487,105.0,2019-10-06 14:00:00
1488,114.0,2019-10-06 15:00:00
1489,122.0,2019-10-06 16:00:00
1490,124.0,2019-10-06 17:00:00
1491,136.0,2019-10-06 18:00:00
1492,183.0,2019-10-06 19:00:00
1493,249.0,2019-10-06 20:00:00
1494,193.0,2019-10-06 21:00:00
1981,,2019-10-06 22:00:00
1495,147.0,2019-10-06 23:00:00
1496,127.0,2019-10-07 00:00:00
1497,134.0,2019-10-07 01:00:00
1498,140.0,2019-10-07 02:00:00
1499,129.0,2019-10-07 03:00:00
1500,135.0,2019-10-07 04:00:00
1501,146.0,2019-10-07 05:00:00
1502,191.0,2019-10-07 06:00:00
1503,138.0,2019-10-07 07:00:00
1504,152.0,2019-10-07 08:00:00
1505,155.0,2019-10-07 09:00:00
1506,118.0,2019-10-07 10:00:00
1507,122.0,2019-10-07 11:00:00
1508,113.0,2019-10-07 12:00:00
1509,107.0,2019-10-07 13:00:00
1510,103.0,2019-10-07 14:00:00
1511,106.0,2019-10-07 15:00:00
1512,111.0,2019-10-07 16:00:00
1513,124.0,2019-10-07 17:00:00
1514,139.0,2019-10-07 18:00:00
1515,191.0,2019-10-07 19:00:00
1516,178.0,2019-10-07 20:00:00
1517,164.0,2019-10-07 21:00:00
1518,121.0,2019-10-07 22:00:00
1519,118.0,2019-10-07 23:00:00
1520,111.0,2019-10-08 00:00:00
1521,105.0,2019-10-08 01:00:00
1522,91.0,2019-10-08 02:00:00
1523,91.0,2019-10-08 03:00:00
1524,89.0,2019-10-08 04:00:00
1525,95.0,2019-10-08 05:00:00
1526,80.0,2019-10-08 06:00:00
1527,116.0,2019-10-08 07:00:00
1528,130.0,2019-10-08 08:00:00
1529,136.0,2019-10-08 09:00:00
1530,122.0,2019-10-08 10:00:00
1531,112.0,2019-10-08 11:00:00
1532,88.0,2019-10-08 12:00:00
1533,79.0,2019-10-08 13:00:00
1534,66.0,2019-10-08 14:00:00
1535,62.0,2019-10-08 15:00:00
1536,63.0,2019-10-08 16:00:00
1537,73.0,2019-10-08 17:00:00
1538,90.0,2019-10-08 18:00:00
1539,140.0,2019-10-08 19:00:00
1540,238.0,2019-10-08 20:00:00
1541,168.0,2019-10-08 21:00:00
1542,273.0,2019-10-08 22:00:00
1543,287.0,2019-10-08 23:00:00
1544,410.0,2019-10-09 00:00:00
1545,340.0,2019-10-09 01:00:00
1546,285.0,2019-10-09 02:00:00
1547,271.0,2019-10-09 03:00:00
1548,239.0,2019-10-09 04:00:00
1549,257.0,2019-10-09 05:00:00
1550,267.0,2019-10-09 06:00:00
1551,284.0,2019-10-09 07:00:00
1552,373.0,2019-10-09 08:00:00
1553,232.0,2019-10-09 09:00:00
1554,204.0,2019-10-09 10:00:00
1555,179.0,2019-10-09 11:00:00
1556,124.0,2019-10-09 12:00:00
1557,122.0,2019-10-09 13:00:00
1558,113.0,2019-10-09 14:00:00
1559,97.0,2019-10-09 15:00:00
1560,130.0,2019-10-09 16:00:00
1561,161.0,2019-10-09 17:00:00
1562,190.0,2019-10-09 18:00:00
1563,272.0,2019-10-09 19:00:00
1564,289.0,2019-10-09 20:00:00
1565,312.0,2019-10-09 21:00:00
1566,323.0,2019-10-09 22:00:00
1567,335.0,2019-10-09 23:00:00
1568,199.0,2019-10-10 00:00:00
1569,329.0,2019-10-10 01:00:00
1570,277.0,2019-10-10 02:00:00
1571,237.0,2019-10-10 03:00:00
1572,221.0,2019-10-10 04:00:00
1573,216.0,2019-10-10 05:00:00
1574,215.0,2019-10-10 06:00:00
1575,372.0,2019-10-10 07:00:00
1576,364.0,2019-10-10 08:00:00
1577,360.0,2019-10-10 09:00:00
1578,409.0,2019-10-10 10:00:00
1579,372.0,2019-10-10 11:00:00
1580,294.0,2019-10-10 12:00:00
1581,248.0,2019-10-10 13:00:00
1582,259.0,2019-10-10 14:00:00
1583,234.0,2019-10-10 15:00:00
1584,196.0,2019-10-10 16:00:00
1585,194.0,2019-10-10 17:00:00
1586,233.0,2019-10-10 18:00:00
1587,273.0,2019-10-10 19:00:00
1588,417.0,2019-10-10 20:00:00
1589,356.0,2019-10-10 21:00:00
1982,,2019-10-10 22:00:00
1983,,2019-10-10 23:00:00
1984,,2019-10-11 00:00:00
1985,,2019-10-11 01:00:00
1986,,2019-10-11 02:00:00
1987,,2019-10-11 03:00:00
1988,,2019-10-11 04:00:00
1590,239.0,2019-10-11 05:00:00
1591,271.0,2019-10-11 06:00:00
1592,317.0,2019-10-11 07:00:00
1593,288.0,2019-10-11 08:00:00
1594,208.0,2019-10-11 09:00:00
1595,185.0,2019-10-11 10:00:00
1596,166.0,2019-10-11 11:00:00
1597,143.0,2019-10-11 12:00:00
1598,161.0,2019-10-11 13:00:00
1599,149.0,2019-10-11 14:00:00
1600,117.0,2019-10-11 15:00:00
1601,116.0,2019-10-11 16:00:00
1602,118.0,2019-10-11 17:00:00
1603,186.0,2019-10-11 18:00:00
1604,213.0,2019-10-11 19:00:00
1605,246.0,2019-10-11 20:00:00
1606,527.0,2019-10-11 21:00:00
1607,379.0,2019-10-11 22:00:00
1608,289.0,2019-10-11 23:00:00
1609,245.0,2019-10-12 00:00:00
1610,204.0,2019-10-12 01:00:00
1611,201.0,2019-10-12 02:00:00
1612,238.0,2019-10-12 03:00:00
1613,252.0,2019-10-12 04:00:00
1614,255.0,2019-10-12 05:00:00
1615,256.0,2019-10-12 06:00:00
1616,357.0,2019-10-12 07:00:00
1617,337.0,2019-10-12 08:00:00
1618,332.0,2019-10-12 09:00:00
1619,309.0,2019-10-12 10:00:00
1620,182.0,2019-10-12 11:00:00
1621,133.0,2019-10-12 12:00:00
1622,136.0,2019-10-12 13:00:00
1623,136.0,2019-10-12 14:00:00
1624,132.0,2019-10-12 15:00:00
1625,106.0,2019-10-12 16:00:00
1626,119.0,2019-10-12 17:00:00
1627,175.0,2019-10-12 18:00:00
1628,254.0,2019-10-12 19:00:00
1629,381.0,2019-10-12 20:00:00
1630,458.0,2019-10-12 21:00:00
1631,360.0,2019-10-12 22:00:00
1632,283.0,2019-10-12 23:00:00
1633,311.0,2019-10-13 00:00:00
1634,345.0,2019-10-13 01:00:00
1635,345.0,2019-10-13 02:00:00
1636,340.0,2019-10-13 03:00:00
1637,365.0,2019-10-13 04:00:00
1638,472.0,2019-10-13 05:00:00
1639,451.0,2019-10-13 06:00:00
1640,418.0,2019-10-13 07:00:00
1641,476.0,2019-10-13 08:00:00
1642,505.0,2019-10-13 09:00:00
1643,256.0,2019-10-13 10:00:00
1644,230.0,2019-10-13 11:00:00
1645,257.0,2019-10-13 12:00:00
1646,200.0,2019-10-13 13:00:00
1647,164.0,2019-10-13 14:00:00
1648,163.0,2019-10-13 15:00:00
1649,135.0,2019-10-13 16:00:00
1650,127.0,2019-10-13 17:00:00
1651,177.0,2019-10-13 18:00:00
1652,269.0,2019-10-13 19:00:00
1653,355.0,2019-10-13 20:00:00
1654,449.0,2019-10-13 21:00:00
1655,405.0,2019-10-13 22:00:00
1656,334.0,2019-10-13 23:00:00
1657,361.0,2019-10-14 00:00:00
1658,389.0,2019-10-14 01:00:00
1659,327.0,2019-10-14 02:00:00
1660,262.0,2019-10-14 03:00:00
1661,287.0,2019-10-14 04:00:00
1662,269.0,2019-10-14 05:00:00
1663,284.0,2019-10-14 06:00:00
1664,320.0,2019-10-14 07:00:00
1665,394.0,2019-10-14 08:00:00
1666,481.0,2019-10-14 09:00:00
1667,310.0,2019-10-14 10:00:00
1668,208.0,2019-10-14 11:00:00
1669,200.0,2019-10-14 12:00:00
1670,167.0,2019-10-14 13:00:00
1671,134.0,2019-10-14 14:00:00
1672,135.0,2019-10-14 15:00:00
1673,169.0,2019-10-14 16:00:00
1674,155.0,2019-10-14 17:00:00
1675,235.0,2019-10-14 18:00:00
1676,318.0,2019-10-14 19:00:00
1677,356.0,2019-10-14 20:00:00
1678,409.0,2019-10-14 21:00:00
1679,487.0,2019-10-14 22:00:00
1680,553.0,2019-10-14 23:00:00
1681,395.0,2019-10-15 00:00:00
1682,475.0,2019-10-15 01:00:00
1683,763.0,2019-10-15 02:00:00
1684,635.0,2019-10-15 03:00:00
1685,360.0,2019-10-15 04:00:00
1686,401.0,2019-10-15 05:00:00
1687,399.0,2019-10-15 06:00:00
1688,421.0,2019-10-15 07:00:00
1689,458.0,2019-10-15 08:00:00
1690,404.0,2019-10-15 09:00:00
1691,294.0,2019-10-15 10:00:00
1692,276.0,2019-10-15 11:00:00
1693,267.0,2019-10-15 12:00:00
1694,241.0,2019-10-15 13:00:00
1695,229.0,2019-10-15 14:00:00
1696,221.0,2019-10-15 15:00:00
1697,162.0,2019-10-15 16:00:00
1698,219.0,2019-10-15 17:00:00
1699,259.0,2019-10-15 18:00:00
1700,377.0,2019-10-15 19:00:00
1701,575.0,2019-10-15 20:00:00
1702,461.0,2019-10-15 21:00:00
1703,414.0,2019-10-15 22:00:00
1704,447.0,2019-10-15 23:00:00
1705,427.0,2019-10-16 00:00:00
1706,508.0,2019-10-16 01:00:00
1707,426.0,2019-10-16 02:00:00
1708,345.0,2019-10-16 03:00:00
1709,300.0,2019-10-16 04:00:00
1710,263.0,2019-10-16 05:00:00
1711,254.0,2019-10-16 06:00:00
1712,271.0,2019-10-16 07:00:00
1713,296.0,2019-10-16 08:00:00
1714,283.0,2019-10-16 09:00:00
1715,261.0,2019-10-16 10:00:00
1716,252.0,2019-10-16 11:00:00
1717,219.0,2019-10-16 12:00:00
1718,222.0,2019-10-16 13:00:00
1719,234.0,2019-10-16 14:00:00
1720,246.0,2019-10-16 15:00:00
1721,302.0,2019-10-16 16:00:00
1722,248.0,2019-10-16 17:00:00
1723,311.0,2019-10-16 18:00:00
1724,389.0,2019-10-16 19:00:00
1725,547.0,2019-10-16 20:00:00
1726,434.0,2019-10-16 21:00:00
1727,356.0,2019-10-16 22:00:00
1728,357.0,2019-10-16 23:00:00
1729,356.0,2019-10-17 00:00:00
1730,327.0,2019-10-17 01:00:00
1731,279.0,2019-10-17 02:00:00
1732,254.0,2019-10-17 03:00:00
1733,252.0,2019-10-17 04:00:00
1734,213.0,2019-10-17 05:00:00
1735,246.0,2019-10-17 06:00:00
1736,420.0,2019-10-17 07:00:00
1737,395.0,2019-10-17 08:00:00
1738,407.0,2019-10-17 09:00:00
1739,374.0,2019-10-17 10:00:00
1740,293.0,2019-10-17 11:00:00
1741,230.0,2019-10-17 12:00:00
1742,199.0,2019-10-17 13:00:00
1743,188.0,2019-10-17 14:00:00
1744,182.0,2019-10-17 15:00:00
1745,186.0,2019-10-17 16:00:00
1746,222.0,2019-10-17 17:00:00
1747,296.0,2019-10-17 18:00:00
1748,378.0,2019-10-17 19:00:00
1749,459.0,2019-10-17 20:00:00
1750,394.0,2019-10-17 21:00:00
1751,462.0,2019-10-17 22:00:00
1752,250.0,2019-10-17 23:00:00
1753,221.0,2019-10-18 00:00:00
1754,219.0,2019-10-18 01:00:00
1755,204.0,2019-10-18 02:00:00
1756,201.0,2019-10-18 03:00:00
1757,204.0,2019-10-18 04:00:00
1758,184.0,2019-10-18 05:00:00
1759,179.0,2019-10-18 06:00:00
1760,208.0,2019-10-18 07:00:00
1761,235.0,2019-10-18 08:00:00
1762,249.0,2019-10-18 09:00:00
1763,243.0,2019-10-18 10:00:00
1764,191.0,2019-10-18 11:00:00
1765,200.0,2019-10-18 12:00:00
1766,196.0,2019-10-18 13:00:00
1767,158.0,2019-10-18 14:00:00
1768,133.0,2019-10-18 15:00:00
1769,143.0,2019-10-18 16:00:00
1770,167.0,2019-10-18 17:00:00
1771,212.0,2019-10-18 18:00:00
1772,212.0,2019-10-18 19:00:00
1773,52.0,2019-10-18 20:00:00
1774,38.0,2019-10-18 21:00:00
1775,39.0,2019-10-18 22:00:00
1776,50.0,2019-10-18 23:00:00
1777,118.0,2019-10-19 00:00:00
1778,133.0,2019-10-19 01:00:00
1779,83.0,2019-10-19 02:00:00
1780,56.0,2019-10-19 03:00:00
1781,105.0,2019-10-19 04:00:00
1782,169.0,2019-10-19 05:00:00
1783,171.0,2019-10-19 06:00:00
1784,136.0,2019-10-19 07:00:00
1785,149.0,2019-10-19 08:00:00
1786,204.0,2019-10-19 09:00:00
1787,265.0,2019-10-19 10:00:00
1788,230.0,2019-10-19 11:00:00
1789,196.0,2019-10-19 12:00:00
1790,124.0,2019-10-19 13:00:00
1791,133.0,2019-10-19 14:00:00
1792,162.0,2019-10-19 15:00:00
1793,140.0,2019-10-19 16:00:00
1794,139.0,2019-10-19 17:00:00
1795,207.0,2019-10-19 18:00:00
1796,284.0,2019-10-19 19:00:00
1797,523.0,2019-10-19 20:00:00
1798,395.0,2019-10-19 21:00:00
1799,349.0,2019-10-19 22:00:00
1800,348.0,2019-10-19 23:00:00
1801,257.0,2019-10-20 00:00:00
1802,216.0,2019-10-20 01:00:00
1803,174.0,2019-10-20 02:00:00
1804,180.0,2019-10-20 03:00:00
1805,215.0,2019-10-20 04:00:00
1806,241.0,2019-10-20 05:00:00
1807,224.0,2019-10-20 06:00:00
1808,294.0,2019-10-20 07:00:00
1809,268.0,2019-10-20 08:00:00
1810,259.0,2019-10-20 09:00:00
1811,261.0,2019-10-20 10:00:00
1812,185.0,2019-10-20 11:00:00
1813,121.0,2019-10-20 12:00:00
1814,111.0,2019-10-20 13:00:00
1815,89.0,2019-10-20 14:00:00
1816,81.0,2019-10-20 15:00:00
1817,89.0,2019-10-20 16:00:00
1818,102.0,2019-10-20 17:00:00
1819,145.0,2019-10-20 18:00:00
1820,230.0,2019-10-20 19:00:00
1821,439.0,2019-10-20 20:00:00
1822,443.0,2019-10-20 21:00:00
1823,362.0,2019-10-20 22:00:00
1824,312.0,2019-10-20 23:00:00
1825,250.0,2019-10-21 00:00:00
1826,228.0,2019-10-21 01:00:00
1827,208.0,2019-10-21 02:00:00
1828,228.0,2019-10-21 03:00:00
1829,244.0,2019-10-21 04:00:00
1830,298.0,2019-10-21 05:00:00
1831,290.0,2019-10-21 06:00:00
1832,305.0,2019-10-21 07:00:00
1833,344.0,2019-10-21 08:00:00
1834,313.0,2019-10-21 09:00:00
1835,268.0,2019-10-21 10:00:00
1836,248.0,2019-10-21 11:00:00
1837,217.0,2019-10-21 12:00:00
1838,173.0,2019-10-21 13:00:00
1839,147.0,2019-10-21 14:00:00
1840,143.0,2019-10-21 15:00:00
1841,132.0,2019-10-21 16:00:00
1842,124.0,2019-10-21 17:00:00
1843,145.0,2019-10-21 18:00:00
1844,237.0,2019-10-21 19:00:00
1845,426.0,2019-10-21 20:00:00
1846,462.0,2019-10-21 21:00:00
1847,367.0,2019-10-21 22:00:00
1848,313.0,2019-10-21 23:00:00
1849,302.0,2019-10-22 00:00:00
1850,239.0,2019-10-22 01:00:00
1851,229.0,2019-10-22 02:00:00
1852,294.0,2019-10-22 03:00:00
1853,249.0,2019-10-22 04:00:00
1854,207.0,2019-10-22 05:00:00
1855,195.0,2019-10-22 06:00:00
1856,226.0,2019-10-22 07:00:00
1857,257.0,2019-10-22 08:00:00
1858,251.0,2019-10-22 09:00:00
1859,211.0,2019-10-22 10:00:00
1860,169.0,2019-10-22 11:00:00
1861,127.0,2019-10-22 12:00:00
1862,122.0,2019-10-22 13:00:00
1863,107.0,2019-10-22 14:00:00
1864,108.0,2019-10-22 15:00:00
1865,102.0,2019-10-22 16:00:00
1866,110.0,2019-10-22 17:00:00
1867,168.0,2019-10-22 18:00:00
1868,294.0,2019-10-22 19:00:00
1869,394.0,2019-10-22 20:00:00
1870,509.0,2019-10-22 21:00:00
1871,364.0,2019-10-22 22:00:00
1872,394.0,2019-10-22 23:00:00
1873,345.0,2019-10-23 00:00:00
1874,290.0,2019-10-23 01:00:00
1875,276.0,2019-10-23 02:00:00
1876,306.0,2019-10-23 03:00:00
1877,291.0,2019-10-23 04:00:00
1878,287.0,2019-10-23 05:00:00
1879,276.0,2019-10-23 06:00:00
1880,294.0,2019-10-23 07:00:00
1881,379.0,2019-10-23 08:00:00
1882,436.0,2019-10-23 09:00:00
1883,343.0,2019-10-23 10:00:00
1884,356.0,2019-10-23 11:00:00
1885,238.0,2019-10-23 12:00:00
1886,189.0,2019-10-23 13:00:00
1887,184.0,2019-10-23 14:00:00
1888,155.0,2019-10-23 15:00:00
1889,151.0,2019-10-23 16:00:00
1890,168.0,2019-10-23 17:00:00
1891,229.0,2019-10-23 18:00:00
1892,376.0,2019-10-23 19:00:00
1893,528.0,2019-10-23 20:00:00
1989,,2019-10-23 21:00:00
1990,,2019-10-23 22:00:00
1991,,2019-10-23 23:00:00
