,no2,local_time
0,32.2,2019-08-02 00:00:00
1,30.2,2019-08-02 01:00:00
2,14.1,2019-08-02 02:00:00
3,14.1,2019-08-02 03:00:00
4,21.9,2019-08-02 04:00:00
5,18.9,2019-08-02 05:00:00
6,20.7,2019-08-02 06:00:00
7,22.3,2019-08-02 07:00:00
8,26.1,2019-08-02 08:00:00
9,14.9,2019-08-02 09:00:00
10,14.6,2019-08-02 10:00:00
11,11.9,2019-08-02 11:00:00
12,13.7,2019-08-02 12:00:00
13,7.2,2019-08-02 13:00:00
14,9.9,2019-08-02 14:00:00
15,11.3,2019-08-02 15:00:00
16,5.8,2019-08-02 16:00:00
17,21.4,2019-08-02 17:00:00
18,16.0,2019-08-02 18:00:00
19,21.5,2019-08-02 19:00:00
20,17.3,2019-08-02 20:00:00
21,18.9,2019-08-02 21:00:00
22,18.6,2019-08-02 22:00:00
23,16.7,2019-08-02 23:00:00
24,17.2,2019-08-03 00:00:00
25,20.8,2019-08-03 01:00:00
26,19.2,2019-08-03 02:00:00
27,15.6,2019-08-03 03:00:00
28,16.5,2019-08-03 04:00:00
29,17.8,2019-08-03 05:00:00
30,16.5,2019-08-03 06:00:00
31,15.9,2019-08-03 07:00:00
32,13.0,2019-08-03 08:00:00
33,15.9,2019-08-03 09:00:00
34,5.5,2019-08-03 10:00:00
35,20.3,2019-08-03 11:00:00
36,13.0,2019-08-03 12:00:00
37,9.0,2019-08-03 13:00:00
38,5.3,2019-08-03 14:00:00
39,7.0,2019-08-03 15:00:00
40,8.3,2019-08-03 16:00:00
41,20.4,2019-08-03 17:00:00
42,17.3,2019-08-03 18:00:00
43,17.8,2019-08-03 19:00:00
44,27.4,2019-08-03 20:00:00
45,27.2,2019-08-03 21:00:00
46,27.8,2019-08-03 22:00:00
47,21.5,2019-08-03 23:00:00
48,24.8,2019-08-04 00:00:00
49,23.4,2019-08-04 01:00:00
50,16.6,2019-08-04 02:00:00
51,15.4,2019-08-04 03:00:00
52,12.9,2019-08-04 04:00:00
53,12.5,2019-08-04 05:00:00
54,10.2,2019-08-04 06:00:00
55,9.8,2019-08-04 07:00:00
56,5.1,2019-08-04 08:00:00
57,5.3,2019-08-04 09:00:00
58,5.9,2019-08-04 10:00:00
59,5.3,2019-08-04 11:00:00
60,5.6,2019-08-04 12:00:00
61,7.4,2019-08-04 13:00:00
62,8.6,2019-08-04 14:00:00
63,11.6,2019-08-04 15:00:00
64,27.9,2019-08-04 16:00:00
65,23.3,2019-08-04 17:00:00
66,22.4,2019-08-04 18:00:00
67,40.7,2019-08-04 19:00:00
68,42.4,2019-08-04 20:00:00
69,29.0,2019-08-04 21:00:00
70,30.4,2019-08-04 22:00:00
71,26.5,2019-08-04 23:00:00
72,28.3,2019-08-05 00:00:00
73,29.0,2019-08-05 01:00:00
74,23.0,2019-08-05 02:00:00
75,24.2,2019-08-05 03:00:00
76,21.4,2019-08-05 04:00:00
77,20.6,2019-08-05 05:00:00
78,20.6,2019-08-05 06:00:00
79,24.8,2019-08-05 07:00:00
80,32.1,2019-08-05 08:00:00
81,21.1,2019-08-05 09:00:00
82,13.2,2019-08-05 10:00:00
83,13.7,2019-08-05 11:00:00
84,20.4,2019-08-05 12:00:00
85,21.6,2019-08-05 13:00:00
86,20.9,2019-08-05 14:00:00
87,11.4,2019-08-05 15:00:00
88,37.4,2019-08-05 16:00:00
89,40.2,2019-08-05 17:00:00
90,32.0,2019-08-05 18:00:00
91,32.6,2019-08-05 19:00:00
92,35.1,2019-08-05 20:00:00
93,34.6,2019-08-05 21:00:00
94,26.9,2019-08-05 22:00:00
95,21.1,2019-08-05 23:00:00
96,41.7,2019-08-06 00:00:00
97,16.4,2019-08-06 01:00:00
98,15.1,2019-08-06 02:00:00
99,15.5,2019-08-06 03:00:00
100,15.9,2019-08-06 04:00:00
101,17.7,2019-08-06 05:00:00
102,15.4,2019-08-06 06:00:00
103,6.5,2019-08-06 07:00:00
104,23.3,2019-08-06 08:00:00
105,22.8,2019-08-06 09:00:00
106,5.7,2019-08-06 10:00:00
107,10.4,2019-08-06 11:00:00
108,18.3,2019-08-06 12:00:00
109,22.7,2019-08-06 13:00:00
110,18.7,2019-08-06 14:00:00
111,20.7,2019-08-06 15:00:00
112,38.1,2019-08-06 16:00:00
113,86.2,2019-08-06 17:00:00
114,24.0,2019-08-06 18:00:00
115,16.3,2019-08-06 19:00:00
116,26.6,2019-08-06 20:00:00
117,31.4,2019-08-06 21:00:00
118,28.8,2019-08-06 22:00:00
119,26.0,2019-08-06 23:00:00
120,18.9,2019-08-07 00:00:00
121,18.1,2019-08-07 01:00:00
122,17.9,2019-08-07 02:00:00
123,19.9,2019-08-07 03:00:00
124,18.4,2019-08-07 04:00:00
125,19.3,2019-08-07 05:00:00
126,20.5,2019-08-07 06:00:00
127,16.4,2019-08-07 07:00:00
128,23.1,2019-08-07 08:00:00
129,12.5,2019-08-07 09:00:00
130,7.7,2019-08-07 10:00:00
131,9.5,2019-08-07 11:00:00
132,6.8,2019-08-07 12:00:00
133,5.3,2019-08-07 13:00:00
134,6.1,2019-08-07 14:00:00
135,6.7,2019-08-07 15:00:00
136,5.1,2019-08-07 16:00:00
137,6.4,2019-08-07 17:00:00
138,5.3,2019-08-07 18:00:00
139,12.8,2019-08-07 19:00:00
140,17.9,2019-08-07 20:00:00
141,23.8,2019-08-07 21:00:00
142,25.6,2019-08-07 22:00:00
143,18.6,2019-08-07 23:00:00
144,22.7,2019-08-08 00:00:00
145,18.9,2019-08-08 01:00:00
1863,,2019-08-08 02:00:00
146,17.1,2019-08-08 03:00:00
147,14.0,2019-08-08 04:00:00
148,13.7,2019-08-08 05:00:00
149,13.4,2019-08-08 06:00:00
150,20.6,2019-08-08 07:00:00
151,21.1,2019-08-08 08:00:00
152,19.4,2019-08-08 09:00:00
153,14.7,2019-08-08 10:00:00
154,14.2,2019-08-08 11:00:00
155,11.0,2019-08-08 12:00:00
156,9.2,2019-08-08 13:00:00
157,10.5,2019-08-08 14:00:00
158,11.9,2019-08-08 15:00:00
159,9.1,2019-08-08 16:00:00
160,18.8,2019-08-08 17:00:00
161,20.3,2019-08-08 18:00:00
162,24.0,2019-08-08 19:00:00
163,30.4,2019-08-08 20:00:00
164,28.0,2019-08-08 21:00:00
165,27.9,2019-08-08 22:00:00
166,25.8,2019-08-08 23:00:00
167,21.3,2019-08-09 00:00:00
168,15.2,2019-08-09 01:00:00
169,6.4,2019-08-09 02:00:00
170,6.1,2019-08-09 03:00:00
171,6.4,2019-08-09 04:00:00
172,7.7,2019-08-09 05:00:00
173,5.6,2019-08-09 06:00:00
174,8.7,2019-08-09 07:00:00
175,7.6,2019-08-09 08:00:00
176,6.1,2019-08-09 09:00:00
177,5.5,2019-08-09 10:00:00
178,5.7,2019-08-09 11:00:00
179,5.7,2019-08-09 12:00:00
180,5.8,2019-08-09 13:00:00
181,5.6,2019-08-09 14:00:00
182,5.9,2019-08-09 15:00:00
183,5.7,2019-08-09 16:00:00
184,7.5,2019-08-09 17:00:00
185,7.6,2019-08-09 18:00:00
186,10.7,2019-08-09 19:00:00
187,15.4,2019-08-09 20:00:00
188,12.4,2019-08-09 21:00:00
189,12.8,2019-08-09 22:00:00
190,12.7,2019-08-09 23:00:00
191,12.0,2019-08-10 00:00:00
192,12.8,2019-08-10 01:00:00
193,10.4,2019-08-10 02:00:00
194,9.2,2019-08-10 03:00:00
195,10.0,2019-08-10 04:00:00
196,9.7,2019-08-10 05:00:00
197,12.0,2019-08-10 06:00:00
198,11.6,2019-08-10 07:00:00
199,9.5,2019-08-10 08:00:00
200,7.2,2019-08-10 09:00:00
201,8.5,2019-08-10 10:00:00
202,9.0,2019-08-10 11:00:00
203,9.4,2019-08-10 12:00:00
204,10.7,2019-08-10 13:00:00
205,13.5,2019-08-10 14:00:00
206,12.9,2019-08-10 15:00:00
207,11.4,2019-08-10 16:00:00
208,16.8,2019-08-10 17:00:00
209,17.0,2019-08-10 18:00:00
210,20.4,2019-08-10 19:00:00
211,30.2,2019-08-10 20:00:00
212,26.3,2019-08-10 21:00:00
213,27.6,2019-08-10 22:00:00
214,24.5,2019-08-10 23:00:00
215,24.3,2019-08-11 00:00:00
216,24.0,2019-08-11 01:00:00
217,20.7,2019-08-11 02:00:00
218,20.0,2019-08-11 03:00:00
219,18.7,2019-08-11 04:00:00
220,19.5,2019-08-11 05:00:00
221,19.6,2019-08-11 06:00:00
1864,,2019-08-11 07:00:00
222,10.5,2019-08-11 08:00:00
223,7.6,2019-08-11 09:00:00
224,7.9,2019-08-11 10:00:00
225,10.6,2019-08-11 11:00:00
226,9.1,2019-08-11 12:00:00
227,8.1,2019-08-11 13:00:00
228,10.0,2019-08-11 14:00:00
229,9.1,2019-08-11 15:00:00
230,8.2,2019-08-11 16:00:00
231,14.7,2019-08-11 17:00:00
232,12.7,2019-08-11 18:00:00
233,11.5,2019-08-11 19:00:00
234,29.0,2019-08-11 20:00:00
235,27.5,2019-08-11 21:00:00
236,25.6,2019-08-11 22:00:00
237,17.7,2019-08-11 23:00:00
238,14.4,2019-08-12 00:00:00
239,8.8,2019-08-12 01:00:00
240,8.5,2019-08-12 02:00:00
241,8.0,2019-08-12 03:00:00
242,7.7,2019-08-12 04:00:00
243,8.4,2019-08-12 05:00:00
244,10.4,2019-08-12 06:00:00
245,7.4,2019-08-12 07:00:00
246,15.2,2019-08-12 08:00:00
247,13.8,2019-08-12 09:00:00
248,11.2,2019-08-12 10:00:00
249,14.5,2019-08-12 11:00:00
250,10.5,2019-08-12 12:00:00
251,8.2,2019-08-12 13:00:00
252,5.7,2019-08-12 14:00:00
253,6.2,2019-08-12 15:00:00
1865,,2019-08-12 16:00:00
1866,,2019-08-12 17:00:00
1867,,2019-08-12 18:00:00
254,48.2,2019-08-12 19:00:00
255,46.9,2019-08-12 20:00:00
256,20.8,2019-08-12 21:00:00
257,15.5,2019-08-12 22:00:00
258,22.6,2019-08-12 23:00:00
259,18.8,2019-08-13 00:00:00
260,7.4,2019-08-13 01:00:00
261,8.9,2019-08-13 02:00:00
262,8.8,2019-08-13 03:00:00
263,6.7,2019-08-13 04:00:00
264,5.5,2019-08-13 05:00:00
265,6.6,2019-08-13 06:00:00
266,11.7,2019-08-13 07:00:00
267,8.2,2019-08-13 08:00:00
268,6.0,2019-08-13 09:00:00
269,4.3,2019-08-13 10:00:00
270,4.5,2019-08-13 11:00:00
271,4.3,2019-08-13 12:00:00
272,3.7,2019-08-13 13:00:00
273,5.8,2019-08-13 14:00:00
274,5.3,2019-08-13 15:00:00
275,11.2,2019-08-13 16:00:00
276,22.2,2019-08-13 17:00:00
277,29.3,2019-08-13 18:00:00
278,33.5,2019-08-13 19:00:00
279,33.0,2019-08-13 20:00:00
280,32.5,2019-08-13 21:00:00
281,23.4,2019-08-13 22:00:00
282,17.7,2019-08-13 23:00:00
283,13.4,2019-08-14 00:00:00
284,16.4,2019-08-14 01:00:00
285,12.9,2019-08-14 02:00:00
286,15.9,2019-08-14 03:00:00
287,15.7,2019-08-14 04:00:00
288,18.9,2019-08-14 05:00:00
289,8.8,2019-08-14 06:00:00
290,16.6,2019-08-14 07:00:00
291,12.3,2019-08-14 08:00:00
292,7.5,2019-08-14 09:00:00
293,7.5,2019-08-14 10:00:00
294,12.4,2019-08-14 11:00:00
295,12.7,2019-08-14 12:00:00
296,10.7,2019-08-14 13:00:00
297,10.9,2019-08-14 14:00:00
298,11.0,2019-08-14 15:00:00
299,9.0,2019-08-14 16:00:00
300,6.9,2019-08-14 17:00:00
301,11.3,2019-08-14 18:00:00
302,20.2,2019-08-14 19:00:00
303,20.7,2019-08-14 20:00:00
304,20.5,2019-08-14 21:00:00
305,29.4,2019-08-14 22:00:00
306,16.2,2019-08-14 23:00:00
307,21.2,2019-08-15 00:00:00
308,11.0,2019-08-15 01:00:00
1868,,2019-08-15 02:00:00
309,18.0,2019-08-15 03:00:00
310,14.5,2019-08-15 04:00:00
311,12.7,2019-08-15 05:00:00
312,4.9,2019-08-15 06:00:00
313,5.0,2019-08-15 07:00:00
314,10.5,2019-08-15 08:00:00
315,6.7,2019-08-15 09:00:00
316,5.1,2019-08-15 10:00:00
317,4.5,2019-08-15 11:00:00
318,7.2,2019-08-15 12:00:00
319,7.4,2019-08-15 13:00:00
320,6.2,2019-08-15 14:00:00
321,5.0,2019-08-15 15:00:00
322,4.5,2019-08-15 16:00:00
323,5.0,2019-08-15 17:00:00
324,7.8,2019-08-15 18:00:00
325,11.5,2019-08-15 19:00:00
326,12.4,2019-08-15 20:00:00
327,9.4,2019-08-15 21:00:00
328,7.5,2019-08-15 22:00:00
329,7.2,2019-08-15 23:00:00
330,10.7,2019-08-16 00:00:00
331,8.8,2019-08-16 01:00:00
332,4.5,2019-08-16 02:00:00
333,5.1,2019-08-16 03:00:00
334,4.7,2019-08-16 04:00:00
335,4.6,2019-08-16 05:00:00
336,6.8,2019-08-16 06:00:00
337,17.2,2019-08-16 07:00:00
338,10.1,2019-08-16 08:00:00
339,6.4,2019-08-16 09:00:00
340,4.8,2019-08-16 10:00:00
341,5.4,2019-08-16 11:00:00
342,6.5,2019-08-16 12:00:00
343,7.7,2019-08-16 13:00:00
344,7.8,2019-08-16 14:00:00
345,9.8,2019-08-16 15:00:00
346,16.0,2019-08-16 16:00:00
347,26.0,2019-08-16 17:00:00
348,23.3,2019-08-16 18:00:00
349,17.0,2019-08-16 19:00:00
350,18.7,2019-08-16 20:00:00
351,16.3,2019-08-16 21:00:00
352,11.8,2019-08-16 22:00:00
353,15.6,2019-08-16 23:00:00
354,14.7,2019-08-17 00:00:00
355,7.4,2019-08-17 01:00:00
356,6.6,2019-08-17 02:00:00
357,6.5,2019-08-17 03:00:00
358,6.5,2019-08-17 04:00:00
359,7.1,2019-08-17 05:00:00
360,6.3,2019-08-17 06:00:00
361,9.9,2019-08-17 07:00:00
362,8.7,2019-08-17 08:00:00
363,8.7,2019-08-17 09:00:00
364,7.6,2019-08-17 10:00:00
365,7.2,2019-08-17 11:00:00
366,8.6,2019-08-17 12:00:00
367,11.9,2019-08-17 13:00:00
368,11.9,2019-08-17 14:00:00
369,13.8,2019-08-17 15:00:00
370,16.7,2019-08-17 16:00:00
371,12.4,2019-08-17 17:00:00
372,12.9,2019-08-17 18:00:00
373,15.3,2019-08-17 19:00:00
374,14.4,2019-08-17 20:00:00
375,15.7,2019-08-17 21:00:00
376,14.1,2019-08-17 22:00:00
377,12.9,2019-08-17 23:00:00
378,11.5,2019-08-18 00:00:00
379,9.7,2019-08-18 01:00:00
380,9.7,2019-08-18 02:00:00
381,9.9,2019-08-18 03:00:00
382,10.6,2019-08-18 04:00:00
383,6.0,2019-08-18 05:00:00
384,6.1,2019-08-18 06:00:00
385,10.1,2019-08-18 07:00:00
386,13.6,2019-08-18 08:00:00
387,7.0,2019-08-18 09:00:00
388,4.2,2019-08-18 10:00:00
389,4.0,2019-08-18 11:00:00
390,3.4,2019-08-18 12:00:00
391,4.0,2019-08-18 13:00:00
392,3.4,2019-08-18 14:00:00
393,4.9,2019-08-18 15:00:00
394,4.5,2019-08-18 16:00:00
395,3.3,2019-08-18 17:00:00
396,7.1,2019-08-18 18:00:00
397,8.1,2019-08-18 19:00:00
398,30.9,2019-08-18 20:00:00
399,25.5,2019-08-18 21:00:00
400,31.1,2019-08-18 22:00:00
401,30.5,2019-08-18 23:00:00
402,35.0,2019-08-19 00:00:00
403,29.5,2019-08-19 01:00:00
404,27.2,2019-08-19 02:00:00
405,26.5,2019-08-19 03:00:00
406,28.7,2019-08-19 04:00:00
407,21.9,2019-08-19 05:00:00
408,22.5,2019-08-19 06:00:00
409,26.4,2019-08-19 07:00:00
410,24.9,2019-08-19 08:00:00
411,9.4,2019-08-19 09:00:00
412,5.5,2019-08-19 10:00:00
413,3.5,2019-08-19 11:00:00
414,3.1,2019-08-19 12:00:00
415,5.0,2019-08-19 13:00:00
416,3.4,2019-08-19 14:00:00
417,4.2,2019-08-19 15:00:00
418,4.8,2019-08-19 16:00:00
419,4.5,2019-08-19 17:00:00
420,5.7,2019-08-19 18:00:00
421,12.4,2019-08-19 19:00:00
422,18.9,2019-08-19 20:00:00
423,29.7,2019-08-19 21:00:00
424,19.6,2019-08-19 22:00:00
425,27.2,2019-08-19 23:00:00
426,20.4,2019-08-20 00:00:00
427,18.3,2019-08-20 01:00:00
428,9.7,2019-08-20 02:00:00
429,9.5,2019-08-20 03:00:00
430,9.1,2019-08-20 04:00:00
431,10.2,2019-08-20 05:00:00
432,10.3,2019-08-20 06:00:00
433,9.2,2019-08-20 07:00:00
434,8.6,2019-08-20 08:00:00
435,9.3,2019-08-20 09:00:00
436,7.8,2019-08-20 10:00:00
437,5.3,2019-08-20 11:00:00
438,4.1,2019-08-20 12:00:00
439,4.3,2019-08-20 13:00:00
440,3.4,2019-08-20 14:00:00
441,5.4,2019-08-20 15:00:00
442,4.1,2019-08-20 16:00:00
443,4.9,2019-08-20 17:00:00
444,7.6,2019-08-20 18:00:00
445,10.4,2019-08-20 19:00:00
446,14.0,2019-08-20 20:00:00
447,16.0,2019-08-20 21:00:00
448,19.2,2019-08-20 22:00:00
449,15.5,2019-08-20 23:00:00
450,11.5,2019-08-21 00:00:00
451,10.8,2019-08-21 01:00:00
452,15.3,2019-08-21 02:00:00
453,14.6,2019-08-21 03:00:00
454,19.8,2019-08-21 04:00:00
455,14.6,2019-08-21 05:00:00
456,20.0,2019-08-21 06:00:00
457,15.3,2019-08-21 07:00:00
458,11.0,2019-08-21 08:00:00
459,5.7,2019-08-21 09:00:00
460,4.6,2019-08-21 10:00:00
461,3.6,2019-08-21 11:00:00
462,3.5,2019-08-21 12:00:00
463,4.1,2019-08-21 13:00:00
464,4.7,2019-08-21 14:00:00
465,4.9,2019-08-21 15:00:00
466,4.9,2019-08-21 16:00:00
467,5.4,2019-08-21 17:00:00
468,7.3,2019-08-21 18:00:00
469,13.0,2019-08-21 19:00:00
470,24.5,2019-08-21 20:00:00
471,23.4,2019-08-21 21:00:00
472,25.9,2019-08-21 22:00:00
473,20.7,2019-08-21 23:00:00
474,9.0,2019-08-22 00:00:00
475,11.9,2019-08-22 01:00:00
1869,,2019-08-22 02:00:00
476,14.4,2019-08-22 03:00:00
477,18.7,2019-08-22 04:00:00
478,16.6,2019-08-22 05:00:00
479,27.1,2019-08-22 06:00:00
480,17.0,2019-08-22 07:00:00
481,14.7,2019-08-22 08:00:00
482,7.8,2019-08-22 09:00:00
483,7.6,2019-08-22 10:00:00
484,5.8,2019-08-22 11:00:00
485,4.4,2019-08-22 12:00:00
486,4.1,2019-08-22 13:00:00
487,5.1,2019-08-22 14:00:00
488,11.1,2019-08-22 15:00:00
489,44.4,2019-08-22 16:00:00
490,39.8,2019-08-22 17:00:00
491,28.5,2019-08-22 18:00:00
492,53.8,2019-08-22 19:00:00
493,54.8,2019-08-22 20:00:00
494,56.6,2019-08-22 21:00:00
495,55.7,2019-08-22 22:00:00
496,49.1,2019-08-22 23:00:00
497,48.1,2019-08-23 00:00:00
498,40.2,2019-08-23 01:00:00
1870,,2019-08-23 02:00:00
499,26.8,2019-08-23 03:00:00
500,21.8,2019-08-23 04:00:00
501,23.1,2019-08-23 05:00:00
502,23.8,2019-08-23 06:00:00
503,25.8,2019-08-23 07:00:00
504,17.4,2019-08-23 08:00:00
505,7.4,2019-08-23 09:00:00
506,6.1,2019-08-23 10:00:00
507,4.1,2019-08-23 11:00:00
508,5.1,2019-08-23 12:00:00
509,4.7,2019-08-23 13:00:00
510,5.9,2019-08-23 14:00:00
511,5.9,2019-08-23 15:00:00
512,6.9,2019-08-23 16:00:00
513,6.7,2019-08-23 17:00:00
514,8.0,2019-08-23 18:00:00
515,16.1,2019-08-23 19:00:00
516,27.5,2019-08-23 20:00:00
517,55.7,2019-08-23 21:00:00
518,49.1,2019-08-23 22:00:00
519,63.3,2019-08-23 23:00:00
520,52.6,2019-08-24 00:00:00
521,46.4,2019-08-24 01:00:00
522,20.8,2019-08-24 02:00:00
523,21.6,2019-08-24 03:00:00
524,16.1,2019-08-24 04:00:00
525,23.0,2019-08-24 05:00:00
526,25.1,2019-08-24 06:00:00
527,27.1,2019-08-24 07:00:00
528,28.9,2019-08-24 08:00:00
529,23.7,2019-08-24 09:00:00
530,18.1,2019-08-24 10:00:00
531,24.9,2019-08-24 11:00:00
532,11.6,2019-08-24 12:00:00
533,8.5,2019-08-24 13:00:00
534,13.4,2019-08-24 14:00:00
535,8.4,2019-08-24 15:00:00
536,6.3,2019-08-24 16:00:00
537,14.9,2019-08-24 17:00:00
538,28.4,2019-08-24 18:00:00
539,18.8,2019-08-24 19:00:00
540,21.6,2019-08-24 20:00:00
541,26.5,2019-08-24 21:00:00
542,39.0,2019-08-24 22:00:00
543,33.8,2019-08-24 23:00:00
544,27.1,2019-08-25 00:00:00
545,28.8,2019-08-25 01:00:00
546,29.6,2019-08-25 02:00:00
547,29.5,2019-08-25 03:00:00
548,29.2,2019-08-25 04:00:00
549,25.3,2019-08-25 05:00:00
550,24.6,2019-08-25 06:00:00
551,23.9,2019-08-25 07:00:00
552,24.0,2019-08-25 08:00:00
553,15.6,2019-08-25 09:00:00
554,15.6,2019-08-25 10:00:00
555,17.5,2019-08-25 11:00:00
556,15.6,2019-08-25 12:00:00
557,13.2,2019-08-25 13:00:00
558,12.1,2019-08-25 14:00:00
559,9.7,2019-08-25 15:00:00
560,8.1,2019-08-25 16:00:00
561,7.0,2019-08-25 17:00:00
562,10.7,2019-08-25 18:00:00
563,23.3,2019-08-25 19:00:00
564,21.3,2019-08-25 20:00:00
565,20.9,2019-08-25 21:00:00
566,17.3,2019-08-25 22:00:00
567,19.3,2019-08-25 23:00:00
568,19.3,2019-08-26 00:00:00
569,20.5,2019-08-26 01:00:00
570,16.2,2019-08-26 02:00:00
571,15.9,2019-08-26 03:00:00
572,13.4,2019-08-26 04:00:00
573,11.4,2019-08-26 05:00:00
574,11.1,2019-08-26 06:00:00
575,13.9,2019-08-26 07:00:00
1871,,2019-08-26 08:00:00
1872,,2019-08-26 09:00:00
1873,,2019-08-26 10:00:00
1874,,2019-08-26 11:00:00
1875,,2019-08-26 12:00:00
1876,,2019-08-26 13:00:00
1877,,2019-08-26 14:00:00
1878,,2019-08-26 15:00:00
1879,,2019-08-26 16:00:00
1880,,2019-08-26 17:00:00
1881,,2019-08-26 18:00:00
1882,,2019-08-26 19:00:00
1883,,2019-08-26 20:00:00
1884,,2019-08-26 21:00:00
1885,,2019-08-26 22:00:00
1886,,2019-08-26 23:00:00
1887,,2019-08-27 00:00:00
1888,,2019-08-27 01:00:00
1889,,2019-08-27 02:00:00
1890,,2019-08-27 03:00:00
1891,,2019-08-27 04:00:00
1892,,2019-08-27 05:00:00
1893,,2019-08-27 06:00:00
576,39.9,2019-08-27 07:00:00
577,30.9,2019-08-27 08:00:00
578,14.4,2019-08-27 09:00:00
579,9.6,2019-08-27 10:00:00
580,12.1,2019-08-27 11:00:00
581,9.4,2019-08-27 12:00:00
582,9.5,2019-08-27 13:00:00
583,8.3,2019-08-27 14:00:00
584,8.6,2019-08-27 15:00:00
585,7.2,2019-08-27 16:00:00
586,7.9,2019-08-27 17:00:00
587,10.7,2019-08-27 18:00:00
588,23.2,2019-08-27 19:00:00
589,43.4,2019-08-27 20:00:00
590,37.0,2019-08-27 21:00:00
591,29.5,2019-08-27 22:00:00
592,24.1,2019-08-27 23:00:00
593,20.8,2019-08-28 00:00:00
594,29.8,2019-08-28 01:00:00
595,21.6,2019-08-28 02:00:00
596,20.2,2019-08-28 03:00:00
597,16.3,2019-08-28 04:00:00
598,19.6,2019-08-28 05:00:00
599,23.1,2019-08-28 06:00:00
600,36.6,2019-08-28 07:00:00
601,30.3,2019-08-28 08:00:00
602,20.3,2019-08-28 09:00:00
603,11.1,2019-08-28 10:00:00
604,12.7,2019-08-28 11:00:00
605,9.2,2019-08-28 12:00:00
606,9.1,2019-08-28 13:00:00
607,7.0,2019-08-28 14:00:00
608,8.7,2019-08-28 15:00:00
609,11.2,2019-08-28 16:00:00
610,9.5,2019-08-28 17:00:00
611,29.3,2019-08-28 18:00:00
612,31.2,2019-08-28 19:00:00
613,41.5,2019-08-28 20:00:00
614,42.1,2019-08-28 21:00:00
615,18.4,2019-08-28 22:00:00
616,24.8,2019-08-28 23:00:00
617,26.4,2019-08-29 00:00:00
618,24.4,2019-08-29 01:00:00
619,22.4,2019-08-29 02:00:00
620,21.9,2019-08-29 03:00:00
621,15.4,2019-08-29 04:00:00
622,15.0,2019-08-29 05:00:00
623,32.4,2019-08-29 06:00:00
624,39.8,2019-08-29 07:00:00
625,23.7,2019-08-29 08:00:00
626,17.8,2019-08-29 09:00:00
627,11.8,2019-08-29 10:00:00
628,11.1,2019-08-29 11:00:00
629,10.1,2019-08-29 12:00:00
630,10.1,2019-08-29 13:00:00
631,9.1,2019-08-29 14:00:00
632,11.2,2019-08-29 15:00:00
633,11.1,2019-08-29 16:00:00
634,21.2,2019-08-29 17:00:00
635,35.9,2019-08-29 18:00:00
636,31.2,2019-08-29 19:00:00
637,30.7,2019-08-29 20:00:00
638,29.4,2019-08-29 21:00:00
639,33.4,2019-08-29 22:00:00
640,34.2,2019-08-29 23:00:00
641,35.2,2019-08-30 00:00:00
642,31.8,2019-08-30 01:00:00
643,22.7,2019-08-30 02:00:00
644,21.4,2019-08-30 03:00:00
645,21.6,2019-08-30 04:00:00
646,19.5,2019-08-30 05:00:00
647,21.0,2019-08-30 06:00:00
648,28.0,2019-08-30 07:00:00
649,24.5,2019-08-30 08:00:00
1894,,2019-08-30 09:00:00
1895,,2019-08-30 10:00:00
650,16.5,2019-08-30 11:00:00
651,13.2,2019-08-30 12:00:00
652,13.2,2019-08-30 13:00:00
653,9.5,2019-08-30 14:00:00
654,11.3,2019-08-30 15:00:00
655,12.5,2019-08-30 16:00:00
656,16.7,2019-08-30 17:00:00
657,15.8,2019-08-30 18:00:00
658,21.9,2019-08-30 19:00:00
659,27.7,2019-08-30 20:00:00
660,28.4,2019-08-30 21:00:00
661,25.9,2019-08-30 22:00:00
662,38.7,2019-08-30 23:00:00
663,29.8,2019-08-31 00:00:00
664,24.2,2019-08-31 01:00:00
1896,,2019-08-31 02:00:00
665,26.3,2019-08-31 03:00:00
666,22.3,2019-08-31 04:00:00
667,22.5,2019-08-31 05:00:00
668,25.2,2019-08-31 06:00:00
669,25.9,2019-08-31 07:00:00
670,15.4,2019-08-31 08:00:00
671,12.7,2019-08-31 09:00:00
672,11.3,2019-08-31 10:00:00
673,10.0,2019-08-31 11:00:00
674,11.6,2019-08-31 12:00:00
675,9.4,2019-08-31 13:00:00
676,16.9,2019-08-31 14:00:00
677,40.1,2019-08-31 15:00:00
678,42.8,2019-08-31 16:00:00
679,41.7,2019-08-31 17:00:00
680,26.4,2019-08-31 18:00:00
681,45.9,2019-08-31 19:00:00
682,54.0,2019-08-31 20:00:00
683,33.1,2019-08-31 21:00:00
684,43.5,2019-08-31 22:00:00
685,45.4,2019-08-31 23:00:00
686,49.2,2019-09-01 00:00:00
687,39.1,2019-09-01 01:00:00
688,22.8,2019-09-01 02:00:00
689,20.8,2019-09-01 03:00:00
690,20.8,2019-09-01 04:00:00
691,19.0,2019-09-01 05:00:00
692,15.1,2019-09-01 06:00:00
693,5.6,2019-09-01 07:00:00
694,7.8,2019-09-01 08:00:00
695,11.0,2019-09-01 09:00:00
696,12.3,2019-09-01 10:00:00
697,16.2,2019-09-01 11:00:00
698,17.3,2019-09-01 12:00:00
699,18.5,2019-09-01 13:00:00
700,12.0,2019-09-01 14:00:00
701,12.9,2019-09-01 15:00:00
702,10.1,2019-09-01 16:00:00
703,22.0,2019-09-01 17:00:00
704,14.0,2019-09-01 18:00:00
705,27.5,2019-09-01 19:00:00
706,18.4,2019-09-01 20:00:00
707,15.9,2019-09-01 21:00:00
708,14.4,2019-09-01 22:00:00
709,16.9,2019-09-01 23:00:00
710,29.7,2019-09-02 00:00:00
711,25.1,2019-09-02 01:00:00
712,26.8,2019-09-02 02:00:00
713,18.7,2019-09-02 03:00:00
714,20.9,2019-09-02 04:00:00
715,21.4,2019-09-02 05:00:00
716,21.5,2019-09-02 06:00:00
717,36.5,2019-09-02 07:00:00
718,24.4,2019-09-02 08:00:00
719,24.8,2019-09-02 09:00:00
720,24.4,2019-09-02 10:00:00
721,13.4,2019-09-02 11:00:00
722,11.3,2019-09-02 12:00:00
723,9.0,2019-09-02 13:00:00
724,7.8,2019-09-02 14:00:00
725,6.8,2019-09-02 15:00:00
726,6.0,2019-09-02 16:00:00
727,7.5,2019-09-02 17:00:00
728,9.6,2019-09-02 18:00:00
729,13.4,2019-09-02 19:00:00
730,18.8,2019-09-02 20:00:00
731,16.0,2019-09-02 21:00:00
732,13.6,2019-09-02 22:00:00
733,19.7,2019-09-02 23:00:00
734,20.0,2019-09-03 00:00:00
735,14.3,2019-09-03 01:00:00
736,21.0,2019-09-03 02:00:00
737,22.1,2019-09-03 03:00:00
738,22.5,2019-09-03 04:00:00
739,20.8,2019-09-03 05:00:00
740,17.5,2019-09-03 06:00:00
741,23.1,2019-09-03 07:00:00
742,23.2,2019-09-03 08:00:00
743,10.6,2019-09-03 09:00:00
744,7.7,2019-09-03 10:00:00
745,8.3,2019-09-03 11:00:00
746,8.6,2019-09-03 12:00:00
747,9.0,2019-09-03 13:00:00
748,7.4,2019-09-03 14:00:00
749,8.2,2019-09-03 15:00:00
750,7.9,2019-09-03 16:00:00
751,8.2,2019-09-03 17:00:00
752,12.0,2019-09-03 18:00:00
753,55.9,2019-09-03 19:00:00
754,54.0,2019-09-03 20:00:00
755,56.3,2019-09-03 21:00:00
756,36.6,2019-09-03 22:00:00
757,21.8,2019-09-03 23:00:00
758,19.7,2019-09-04 00:00:00
759,15.6,2019-09-04 01:00:00
760,11.9,2019-09-04 02:00:00
761,14.1,2019-09-04 03:00:00
762,16.0,2019-09-04 04:00:00
763,21.3,2019-09-04 05:00:00
764,22.0,2019-09-04 06:00:00
765,36.5,2019-09-04 07:00:00
766,19.6,2019-09-04 08:00:00
767,12.7,2019-09-04 09:00:00
768,14.2,2019-09-04 10:00:00
769,14.9,2019-09-04 11:00:00
770,17.4,2019-09-04 12:00:00
771,14.0,2019-09-04 13:00:00
772,19.7,2019-09-04 14:00:00
773,12.8,2019-09-04 15:00:00
774,8.7,2019-09-04 16:00:00
775,9.8,2019-09-04 17:00:00
776,21.3,2019-09-04 18:00:00
777,26.2,2019-09-04 19:00:00
778,22.6,2019-09-04 20:00:00
779,36.6,2019-09-04 21:00:00
780,27.2,2019-09-04 22:00:00
781,21.7,2019-09-04 23:00:00
782,30.0,2019-09-05 00:00:00
783,29.6,2019-09-05 01:00:00
784,15.7,2019-09-05 02:00:00
785,18.7,2019-09-05 03:00:00
786,15.8,2019-09-05 04:00:00
787,15.0,2019-09-05 05:00:00
788,15.6,2019-09-05 06:00:00
789,26.3,2019-09-05 07:00:00
790,21.3,2019-09-05 08:00:00
791,20.4,2019-09-05 09:00:00
792,14.8,2019-09-05 10:00:00
793,11.5,2019-09-05 11:00:00
794,8.5,2019-09-05 12:00:00
795,7.6,2019-09-05 13:00:00
796,9.4,2019-09-05 14:00:00
797,14.3,2019-09-05 15:00:00
798,21.6,2019-09-05 16:00:00
799,23.8,2019-09-05 17:00:00
800,22.9,2019-09-05 18:00:00
801,25.5,2019-09-05 19:00:00
802,36.0,2019-09-05 20:00:00
803,36.4,2019-09-05 21:00:00
804,30.9,2019-09-05 22:00:00
805,32.3,2019-09-05 23:00:00
806,30.6,2019-09-06 00:00:00
807,26.9,2019-09-06 01:00:00
808,15.4,2019-09-06 02:00:00
809,18.0,2019-09-06 03:00:00
810,18.9,2019-09-06 04:00:00
811,20.4,2019-09-06 05:00:00
812,24.3,2019-09-06 06:00:00
813,27.4,2019-09-06 07:00:00
814,21.8,2019-09-06 08:00:00
815,18.8,2019-09-06 09:00:00
816,12.0,2019-09-06 10:00:00
817,8.3,2019-09-06 11:00:00
1897,,2019-09-06 12:00:00
1898,,2019-09-06 13:00:00
1899,,2019-09-06 14:00:00
1900,,2019-09-06 15:00:00
818,16.5,2019-09-06 16:00:00
819,18.1,2019-09-06 17:00:00
820,25.6,2019-09-06 18:00:00
821,42.1,2019-09-06 19:00:00
1901,,2019-09-06 20:00:00
1902,,2019-09-06 21:00:00
1903,,2019-09-06 22:00:00
1904,,2019-09-06 23:00:00
1905,,2019-09-07 00:00:00
1906,,2019-09-07 01:00:00
1907,,2019-09-07 02:00:00
1908,,2019-09-07 03:00:00
1909,,2019-09-07 04:00:00
1910,,2019-09-07 05:00:00
822,9.0,2019-09-07 06:00:00
823,21.1,2019-09-07 07:00:00
824,15.0,2019-09-07 08:00:00
825,11.5,2019-09-07 09:00:00
826,8.6,2019-09-07 10:00:00
827,10.3,2019-09-07 11:00:00
828,9.5,2019-09-07 12:00:00
829,8.6,2019-09-07 13:00:00
830,23.2,2019-09-07 14:00:00
831,25.1,2019-09-07 15:00:00
832,29.5,2019-09-07 16:00:00
833,41.4,2019-09-07 17:00:00
834,35.0,2019-09-07 18:00:00
835,41.4,2019-09-07 19:00:00
836,36.9,2019-09-07 20:00:00
837,31.1,2019-09-07 21:00:00
838,26.7,2019-09-07 22:00:00
839,27.0,2019-09-07 23:00:00
840,30.8,2019-09-08 00:00:00
841,34.6,2019-09-08 01:00:00
842,21.3,2019-09-08 02:00:00
843,22.3,2019-09-08 03:00:00
844,18.1,2019-09-08 04:00:00
845,14.9,2019-09-08 05:00:00
846,14.9,2019-09-08 06:00:00
847,13.0,2019-09-08 07:00:00
848,27.1,2019-09-08 08:00:00
849,11.3,2019-09-08 09:00:00
850,7.9,2019-09-08 10:00:00
851,5.8,2019-09-08 11:00:00
852,5.0,2019-09-08 12:00:00
853,3.4,2019-09-08 13:00:00
854,3.2,2019-09-08 14:00:00
855,3.4,2019-09-08 15:00:00
856,3.6,2019-09-08 16:00:00
857,3.7,2019-09-08 17:00:00
858,6.5,2019-09-08 18:00:00
859,18.2,2019-09-08 19:00:00
860,29.7,2019-09-08 20:00:00
861,19.5,2019-09-08 21:00:00
862,25.0,2019-09-08 22:00:00
863,21.0,2019-09-08 23:00:00
864,16.4,2019-09-09 00:00:00
865,13.5,2019-09-09 01:00:00
866,15.0,2019-09-09 02:00:00
867,14.9,2019-09-09 03:00:00
868,15.7,2019-09-09 04:00:00
869,14.7,2019-09-09 05:00:00
870,15.7,2019-09-09 06:00:00
871,22.3,2019-09-09 07:00:00
872,21.9,2019-09-09 08:00:00
873,5.8,2019-09-09 09:00:00
874,9.1,2019-09-09 10:00:00
875,9.2,2019-09-09 11:00:00
876,8.0,2019-09-09 12:00:00
877,4.3,2019-09-09 13:00:00
878,4.0,2019-09-09 14:00:00
879,4.5,2019-09-09 15:00:00
880,3.7,2019-09-09 16:00:00
881,4.2,2019-09-09 17:00:00
882,9.5,2019-09-09 18:00:00
883,14.0,2019-09-09 19:00:00
884,18.8,2019-09-09 20:00:00
885,23.0,2019-09-09 21:00:00
886,20.3,2019-09-09 22:00:00
887,17.2,2019-09-09 23:00:00
888,31.3,2019-09-10 00:00:00
889,25.7,2019-09-10 01:00:00
890,17.2,2019-09-10 02:00:00
891,17.8,2019-09-10 03:00:00
892,27.2,2019-09-10 04:00:00
893,17.2,2019-09-10 05:00:00
894,21.3,2019-09-10 06:00:00
895,24.5,2019-09-10 07:00:00
896,17.6,2019-09-10 08:00:00
897,8.2,2019-09-10 09:00:00
898,4.5,2019-09-10 10:00:00
899,3.8,2019-09-10 11:00:00
900,3.5,2019-09-10 12:00:00
901,3.5,2019-09-10 13:00:00
902,3.7,2019-09-10 14:00:00
903,3.7,2019-09-10 15:00:00
904,4.1,2019-09-10 16:00:00
905,6.3,2019-09-10 17:00:00
906,10.7,2019-09-10 18:00:00
907,21.9,2019-09-10 19:00:00
908,29.0,2019-09-10 20:00:00
909,26.7,2019-09-10 21:00:00
910,41.6,2019-09-10 22:00:00
911,30.8,2019-09-10 23:00:00
912,20.9,2019-09-11 00:00:00
913,32.8,2019-09-11 01:00:00
914,31.0,2019-09-11 02:00:00
915,37.6,2019-09-11 03:00:00
916,34.1,2019-09-11 04:00:00
917,29.4,2019-09-11 05:00:00
918,33.9,2019-09-11 06:00:00
919,40.8,2019-09-11 07:00:00
920,39.0,2019-09-11 08:00:00
921,18.8,2019-09-11 09:00:00
922,10.7,2019-09-11 10:00:00
923,10.5,2019-09-11 11:00:00
924,10.5,2019-09-11 12:00:00
925,10.1,2019-09-11 13:00:00
926,7.9,2019-09-11 14:00:00
927,8.5,2019-09-11 15:00:00
928,8.5,2019-09-11 16:00:00
929,12.2,2019-09-11 17:00:00
1911,,2019-09-11 18:00:00
1912,,2019-09-11 19:00:00
1913,,2019-09-11 20:00:00
1914,,2019-09-11 21:00:00
1915,,2019-09-11 22:00:00
1916,,2019-09-11 23:00:00
930,29.7,2019-09-12 00:00:00
931,36.0,2019-09-12 01:00:00
932,18.8,2019-09-12 02:00:00
933,15.6,2019-09-12 03:00:00
934,17.1,2019-09-12 04:00:00
935,18.6,2019-09-12 05:00:00
936,21.2,2019-09-12 06:00:00
937,30.0,2019-09-12 07:00:00
938,23.2,2019-09-12 08:00:00
939,21.8,2019-09-12 09:00:00
940,12.7,2019-09-12 10:00:00
1917,,2019-09-12 11:00:00
941,12.7,2019-09-12 12:00:00
942,13.6,2019-09-12 13:00:00
943,13.6,2019-09-12 14:00:00
944,15.2,2019-09-12 15:00:00
945,12.5,2019-09-12 16:00:00
946,15.9,2019-09-12 17:00:00
947,30.3,2019-09-12 18:00:00
948,26.4,2019-09-12 19:00:00
949,26.9,2019-09-12 20:00:00
950,23.9,2019-09-12 21:00:00
951,25.8,2019-09-12 22:00:00
952,23.1,2019-09-12 23:00:00
953,1.4,2019-09-13 00:00:00
1918,,2019-09-13 01:00:00
1919,,2019-09-13 02:00:00
1920,,2019-09-13 03:00:00
1921,,2019-09-13 04:00:00
1922,,2019-09-13 05:00:00
1923,,2019-09-13 06:00:00
1924,,2019-09-13 07:00:00
1925,,2019-09-13 08:00:00
1926,,2019-09-13 09:00:00
1927,,2019-09-13 10:00:00
954,0.3,2019-09-13 11:00:00
955,4.2,2019-09-13 12:00:00
956,4.3,2019-09-13 13:00:00
957,4.1,2019-09-13 14:00:00
958,4.2,2019-09-13 15:00:00
959,4.5,2019-09-13 16:00:00
960,4.4,2019-09-13 17:00:00
961,4.8,2019-09-13 18:00:00
962,5.0,2019-09-13 19:00:00
963,4.7,2019-09-13 20:00:00
964,5.0,2019-09-13 21:00:00
965,5.0,2019-09-13 22:00:00
966,5.0,2019-09-13 23:00:00
967,4.9,2019-09-14 00:00:00
968,4.8,2019-09-14 01:00:00
969,5.2,2019-09-14 02:00:00
970,5.1,2019-09-14 03:00:00
971,4.8,2019-09-14 04:00:00
972,5.0,2019-09-14 05:00:00
973,4.9,2019-09-14 06:00:00
974,5.0,2019-09-14 07:00:00
975,4.9,2019-09-14 08:00:00
976,4.7,2019-09-14 09:00:00
977,4.5,2019-09-14 10:00:00
978,4.4,2019-09-14 11:00:00
979,4.1,2019-09-14 12:00:00
980,4.2,2019-09-14 13:00:00
981,4.1,2019-09-14 14:00:00
982,4.2,2019-09-14 15:00:00
983,4.0,2019-09-14 16:00:00
984,4.2,2019-09-14 17:00:00
985,4.3,2019-09-14 18:00:00
986,4.5,2019-09-14 19:00:00
987,4.7,2019-09-14 20:00:00
988,5.1,2019-09-14 21:00:00
989,4.9,2019-09-14 22:00:00
990,4.9,2019-09-14 23:00:00
991,5.0,2019-09-15 00:00:00
992,5.0,2019-09-15 01:00:00
1928,,2019-09-15 02:00:00
993,5.1,2019-09-15 03:00:00
994,4.7,2019-09-15 04:00:00
995,5.0,2019-09-15 05:00:00
996,4.8,2019-09-15 06:00:00
997,5.1,2019-09-15 07:00:00
998,5.1,2019-09-15 08:00:00
999,4.8,2019-09-15 09:00:00
1000,4.8,2019-09-15 10:00:00
1001,4.6,2019-09-15 11:00:00
1002,4.5,2019-09-15 12:00:00
1003,4.1,2019-09-15 13:00:00
1004,3.9,2019-09-15 14:00:00
1005,3.8,2019-09-15 15:00:00
1006,3.9,2019-09-15 16:00:00
1007,3.9,2019-09-15 17:00:00
1008,4.0,2019-09-15 18:00:00
1009,4.6,2019-09-15 19:00:00
1010,4.9,2019-09-15 20:00:00
1011,4.9,2019-09-15 21:00:00
1012,4.9,2019-09-15 22:00:00
1013,5.1,2019-09-15 23:00:00
1014,4.8,2019-09-16 00:00:00
1015,4.9,2019-09-16 01:00:00
1016,4.5,2019-09-16 02:00:00
1017,4.8,2019-09-16 03:00:00
1018,4.9,2019-09-16 04:00:00
1019,4.9,2019-09-16 05:00:00
1020,5.1,2019-09-16 06:00:00
1021,5.0,2019-09-16 07:00:00
1022,5.0,2019-09-16 08:00:00
1023,5.0,2019-09-16 09:00:00
1024,4.9,2019-09-16 10:00:00
1025,4.3,2019-09-16 11:00:00
1026,4.2,2019-09-16 12:00:00
1929,,2019-09-16 13:00:00
1027,3.0,2019-09-16 14:00:00
1028,3.0,2019-09-16 15:00:00
1029,2.8,2019-09-16 16:00:00
1030,2.8,2019-09-16 17:00:00
1031,3.2,2019-09-16 18:00:00
1032,3.6,2019-09-16 19:00:00
1033,4.5,2019-09-16 20:00:00
1034,4.7,2019-09-16 21:00:00
1035,4.7,2019-09-16 22:00:00
1036,4.5,2019-09-16 23:00:00
1037,4.9,2019-09-17 00:00:00
1038,4.8,2019-09-17 01:00:00
1039,4.5,2019-09-17 02:00:00
1040,4.7,2019-09-17 03:00:00
1041,4.8,2019-09-17 04:00:00
1042,4.5,2019-09-17 05:00:00
1043,5.0,2019-09-17 06:00:00
1044,4.7,2019-09-17 07:00:00
1045,4.9,2019-09-17 08:00:00
1046,4.1,2019-09-17 09:00:00
1047,3.5,2019-09-17 10:00:00
1048,2.4,2019-09-17 11:00:00
1049,1.2,2019-09-17 12:00:00
1050,1.2,2019-09-17 13:00:00
1051,1.4,2019-09-17 14:00:00
1052,1.8,2019-09-17 15:00:00
1053,1.7,2019-09-17 16:00:00
1054,1.8,2019-09-17 17:00:00
1055,2.3,2019-09-17 18:00:00
1056,3.2,2019-09-17 19:00:00
1057,4.3,2019-09-17 20:00:00
1058,4.6,2019-09-17 21:00:00
1059,4.7,2019-09-17 22:00:00
1060,4.4,2019-09-17 23:00:00
1061,4.3,2019-09-18 00:00:00
1062,3.9,2019-09-18 01:00:00
1063,4.4,2019-09-18 02:00:00
1064,4.1,2019-09-18 03:00:00
1065,3.6,2019-09-18 04:00:00
1066,4.7,2019-09-18 05:00:00
1067,4.7,2019-09-18 06:00:00
1068,4.3,2019-09-18 07:00:00
1069,4.4,2019-09-18 08:00:00
1070,3.8,2019-09-18 09:00:00
1071,3.1,2019-09-18 10:00:00
1072,2.6,2019-09-18 11:00:00
1073,1.6,2019-09-18 12:00:00
1074,0.9,2019-09-18 13:00:00
1075,1.0,2019-09-18 14:00:00
1076,1.2,2019-09-18 15:00:00
1077,1.9,2019-09-18 16:00:00
1078,2.4,2019-09-18 17:00:00
1079,2.8,2019-09-18 18:00:00
1080,3.9,2019-09-18 19:00:00
1081,4.6,2019-09-18 20:00:00
1082,5.0,2019-09-18 21:00:00
1083,4.4,2019-09-18 22:00:00
1084,4.4,2019-09-18 23:00:00
1085,4.8,2019-09-19 00:00:00
1086,4.5,2019-09-19 01:00:00
1087,4.9,2019-09-19 02:00:00
1088,4.7,2019-09-19 03:00:00
1089,4.2,2019-09-19 04:00:00
1090,4.2,2019-09-19 05:00:00
1091,4.8,2019-09-19 06:00:00
1092,4.8,2019-09-19 07:00:00
1093,4.8,2019-09-19 08:00:00
1094,4.7,2019-09-19 09:00:00
1095,4.2,2019-09-19 10:00:00
1930,,2019-09-19 11:00:00
1096,3.3,2019-09-19 12:00:00
1097,3.4,2019-09-19 13:00:00
1098,2.8,2019-09-19 14:00:00
1099,3.5,2019-09-19 15:00:00
1100,4.3,2019-09-19 16:00:00
1101,4.9,2019-09-19 17:00:00
1102,16.5,2019-09-19 18:00:00
1103,28.0,2019-09-19 19:00:00
1104,29.6,2019-09-19 20:00:00
1105,31.6,2019-09-19 21:00:00
1106,29.6,2019-09-19 22:00:00
1107,29.9,2019-09-19 23:00:00
1108,27.5,2019-09-20 00:00:00
1109,23.5,2019-09-20 01:00:00
1110,22.3,2019-09-20 02:00:00
1111,20.6,2019-09-20 03:00:00
1112,19.6,2019-09-20 04:00:00
1113,19.4,2019-09-20 05:00:00
1114,19.3,2019-09-20 06:00:00
1115,25.9,2019-09-20 07:00:00
1116,22.3,2019-09-20 08:00:00
1117,22.5,2019-09-20 09:00:00
1118,18.3,2019-09-20 10:00:00
1119,14.6,2019-09-20 11:00:00
1120,13.1,2019-09-20 12:00:00
1121,13.5,2019-09-20 13:00:00
1122,13.1,2019-09-20 14:00:00
1123,11.8,2019-09-20 15:00:00
1124,13.0,2019-09-20 16:00:00
1125,11.9,2019-09-20 17:00:00
1126,15.5,2019-09-20 18:00:00
1127,23.6,2019-09-20 19:00:00
1128,23.6,2019-09-20 20:00:00
1129,24.4,2019-09-20 21:00:00
1130,32.9,2019-09-20 22:00:00
1131,28.8,2019-09-20 23:00:00
1132,23.2,2019-09-21 00:00:00
1133,21.6,2019-09-21 01:00:00
1134,13.8,2019-09-21 02:00:00
1135,15.5,2019-09-21 03:00:00
1136,17.2,2019-09-21 04:00:00
1137,16.9,2019-09-21 05:00:00
1138,20.2,2019-09-21 06:00:00
1139,17.4,2019-09-21 07:00:00
1140,14.8,2019-09-21 08:00:00
1141,11.3,2019-09-21 09:00:00
1142,9.7,2019-09-21 10:00:00
1143,9.5,2019-09-21 11:00:00
1144,9.4,2019-09-21 12:00:00
1145,8.8,2019-09-21 13:00:00
1146,7.4,2019-09-21 14:00:00
1147,7.2,2019-09-21 15:00:00
1148,7.1,2019-09-21 16:00:00
1149,7.7,2019-09-21 17:00:00
1931,,2019-09-21 18:00:00
1932,,2019-09-21 19:00:00
1933,,2019-09-21 20:00:00
1934,,2019-09-21 21:00:00
1935,,2019-09-21 22:00:00
1936,,2019-09-21 23:00:00
1937,,2019-09-22 00:00:00
1938,,2019-09-22 01:00:00
1939,,2019-09-22 02:00:00
1940,,2019-09-22 03:00:00
1941,,2019-09-22 04:00:00
1150,5.0,2019-09-22 05:00:00
1151,4.9,2019-09-22 06:00:00
1152,4.9,2019-09-22 07:00:00
1153,5.1,2019-09-22 08:00:00
1154,4.7,2019-09-22 09:00:00
1155,4.8,2019-09-22 10:00:00
1156,4.8,2019-09-22 11:00:00
1157,4.6,2019-09-22 12:00:00
1158,4.5,2019-09-22 13:00:00
1159,4.6,2019-09-22 14:00:00
1160,4.6,2019-09-22 15:00:00
1161,4.7,2019-09-22 16:00:00
1162,4.6,2019-09-22 17:00:00
1163,4.6,2019-09-22 18:00:00
1164,4.8,2019-09-22 19:00:00
1165,5.0,2019-09-22 20:00:00
1166,5.1,2019-09-22 21:00:00
1167,4.8,2019-09-22 22:00:00
1168,4.9,2019-09-22 23:00:00
1169,4.9,2019-09-23 00:00:00
1170,5.1,2019-09-23 01:00:00
1171,4.9,2019-09-23 02:00:00
1172,4.7,2019-09-23 03:00:00
1173,4.9,2019-09-23 04:00:00
1174,5.1,2019-09-23 05:00:00
1175,5.0,2019-09-23 06:00:00
1176,4.9,2019-09-23 07:00:00
1177,4.9,2019-09-23 08:00:00
1178,5.0,2019-09-23 09:00:00
1179,5.0,2019-09-23 10:00:00
1180,4.6,2019-09-23 11:00:00
1181,4.2,2019-09-23 12:00:00
1182,3.7,2019-09-23 13:00:00
1183,3.3,2019-09-23 14:00:00
1184,3.1,2019-09-23 15:00:00
1185,3.1,2019-09-23 16:00:00
1186,3.2,2019-09-23 17:00:00
1187,3.8,2019-09-23 18:00:00
1188,4.7,2019-09-23 19:00:00
1189,5.0,2019-09-23 20:00:00
1190,5.1,2019-09-23 21:00:00
1191,4.9,2019-09-23 22:00:00
1192,5.2,2019-09-23 23:00:00
1193,4.8,2019-09-24 00:00:00
1194,4.9,2019-09-24 01:00:00
1195,4.9,2019-09-24 02:00:00
1196,4.7,2019-09-24 03:00:00
1197,4.9,2019-09-24 04:00:00
1198,5.1,2019-09-24 05:00:00
1199,4.9,2019-09-24 06:00:00
1200,5.3,2019-09-24 07:00:00
1201,4.9,2019-09-24 08:00:00
1202,5.0,2019-09-24 09:00:00
1203,4.6,2019-09-24 10:00:00
1204,4.4,2019-09-24 11:00:00
1205,3.8,2019-09-24 12:00:00
1206,3.7,2019-09-24 13:00:00
1207,3.5,2019-09-24 14:00:00
1208,3.5,2019-09-24 15:00:00
1209,3.7,2019-09-24 16:00:00
1210,3.9,2019-09-24 17:00:00
1211,4.3,2019-09-24 18:00:00
1212,4.7,2019-09-24 19:00:00
1213,4.9,2019-09-24 20:00:00
1214,4.9,2019-09-24 21:00:00
1215,5.0,2019-09-24 22:00:00
1216,4.9,2019-09-24 23:00:00
1217,5.0,2019-09-25 00:00:00
1218,5.1,2019-09-25 01:00:00
1219,5.1,2019-09-25 02:00:00
1220,4.9,2019-09-25 03:00:00
1221,5.0,2019-09-25 04:00:00
1222,4.7,2019-09-25 05:00:00
1223,4.9,2019-09-25 06:00:00
1224,5.0,2019-09-25 07:00:00
1225,4.8,2019-09-25 08:00:00
1226,4.7,2019-09-25 09:00:00
1227,4.3,2019-09-25 10:00:00
1228,3.8,2019-09-25 11:00:00
1229,3.1,2019-09-25 12:00:00
1230,2.9,2019-09-25 13:00:00
1231,3.4,2019-09-25 14:00:00
1232,3.3,2019-09-25 15:00:00
1233,3.6,2019-09-25 16:00:00
1234,3.4,2019-09-25 17:00:00
1235,4.4,2019-09-25 18:00:00
1236,4.9,2019-09-25 19:00:00
1237,5.0,2019-09-25 20:00:00
1238,5.2,2019-09-25 21:00:00
1239,4.8,2019-09-25 22:00:00
1240,5.0,2019-09-25 23:00:00
1241,5.1,2019-09-26 00:00:00
1242,4.7,2019-09-26 01:00:00
1243,5.1,2019-09-26 02:00:00
1244,5.1,2019-09-26 03:00:00
1245,4.9,2019-09-26 04:00:00
1246,4.7,2019-09-26 05:00:00
1247,4.9,2019-09-26 06:00:00
1248,5.1,2019-09-26 07:00:00
1249,5.0,2019-09-26 08:00:00
1250,4.9,2019-09-26 09:00:00
1942,,2019-09-26 10:00:00
1943,,2019-09-26 11:00:00
1944,,2019-09-26 12:00:00
1251,4.1,2019-09-26 13:00:00
1252,4.3,2019-09-26 14:00:00
1253,4.4,2019-09-26 15:00:00
1254,4.5,2019-09-26 16:00:00
1255,4.6,2019-09-26 17:00:00
1256,4.6,2019-09-26 18:00:00
1257,4.9,2019-09-26 19:00:00
1258,5.1,2019-09-26 20:00:00
1259,4.8,2019-09-26 21:00:00
1260,4.9,2019-09-26 22:00:00
1261,4.9,2019-09-26 23:00:00
1262,4.9,2019-09-27 00:00:00
1263,4.8,2019-09-27 01:00:00
1264,4.6,2019-09-27 02:00:00
1265,5.0,2019-09-27 03:00:00
1266,4.8,2019-09-27 04:00:00
1267,4.8,2019-09-27 05:00:00
1268,4.8,2019-09-27 06:00:00
1269,4.8,2019-09-27 07:00:00
1270,5.0,2019-09-27 08:00:00
1271,4.6,2019-09-27 09:00:00
1272,4.7,2019-09-27 10:00:00
1273,4.6,2019-09-27 11:00:00
1274,4.2,2019-09-27 12:00:00
1275,4.3,2019-09-27 13:00:00
1276,4.0,2019-09-27 14:00:00
1277,4.0,2019-09-27 15:00:00
1278,4.1,2019-09-27 16:00:00
1279,4.4,2019-09-27 17:00:00
1280,4.7,2019-09-27 18:00:00
1281,4.9,2019-09-27 19:00:00
1282,4.9,2019-09-27 20:00:00
1283,4.7,2019-09-27 21:00:00
1284,5.0,2019-09-27 22:00:00
1285,4.9,2019-09-27 23:00:00
1286,5.0,2019-09-28 00:00:00
1287,4.9,2019-09-28 01:00:00
1288,4.5,2019-09-28 02:00:00
1289,4.8,2019-09-28 03:00:00
1290,5.0,2019-09-28 04:00:00
1291,5.1,2019-09-28 05:00:00
1292,4.8,2019-09-28 06:00:00
1293,4.8,2019-09-28 07:00:00
1294,4.9,2019-09-28 08:00:00
1945,,2019-09-28 09:00:00
1946,,2019-09-28 10:00:00
1295,30.1,2019-09-28 11:00:00
1947,,2019-09-28 12:00:00
1948,,2019-09-28 13:00:00
1296,7.2,2019-09-28 14:00:00
1949,,2019-09-28 15:00:00
1950,,2019-09-28 16:00:00
1951,,2019-09-28 17:00:00
1952,,2019-09-28 18:00:00
1297,7.9,2019-09-28 19:00:00
1298,7.2,2019-09-28 20:00:00
1299,7.0,2019-09-28 21:00:00
1300,6.8,2019-09-28 22:00:00
1301,6.8,2019-09-28 23:00:00
1302,7.0,2019-09-29 00:00:00
1303,6.9,2019-09-29 01:00:00
1304,6.4,2019-09-29 02:00:00
1305,6.8,2019-09-29 03:00:00
1306,7.0,2019-09-29 04:00:00
1307,6.8,2019-09-29 05:00:00
1308,7.4,2019-09-29 06:00:00
1309,7.1,2019-09-29 07:00:00
1310,6.5,2019-09-29 08:00:00
1311,7.0,2019-09-29 09:00:00
1312,7.0,2019-09-29 10:00:00
1313,7.2,2019-09-29 11:00:00
1314,7.1,2019-09-29 12:00:00
1315,6.8,2019-09-29 13:00:00
1316,6.9,2019-09-29 14:00:00
1317,7.0,2019-09-29 15:00:00
1318,7.0,2019-09-29 16:00:00
1319,7.0,2019-09-29 17:00:00
1320,6.9,2019-09-29 18:00:00
1321,7.2,2019-09-29 19:00:00
1322,7.2,2019-09-29 20:00:00
1323,7.4,2019-09-29 21:00:00
1324,7.5,2019-09-29 22:00:00
1325,7.9,2019-09-29 23:00:00
1326,10.5,2019-09-30 00:00:00
1327,13.5,2019-09-30 01:00:00
1328,11.5,2019-09-30 02:00:00
1329,12.5,2019-09-30 03:00:00
1330,11.3,2019-09-30 04:00:00
1331,15.8,2019-09-30 05:00:00
1332,15.1,2019-09-30 06:00:00
1333,19.9,2019-09-30 07:00:00
1334,18.8,2019-09-30 08:00:00
1335,20.4,2019-09-30 09:00:00
1336,17.7,2019-09-30 10:00:00
1337,15.3,2019-09-30 11:00:00
1338,24.0,2019-09-30 12:00:00
1339,19.6,2019-09-30 13:00:00
1340,18.3,2019-09-30 14:00:00
1953,,2019-09-30 15:00:00
1954,,2019-09-30 16:00:00
1341,18.7,2019-09-30 17:00:00
1342,47.2,2019-09-30 18:00:00
1343,48.1,2019-09-30 19:00:00
1344,36.3,2019-09-30 20:00:00
1345,34.3,2019-09-30 21:00:00
1346,34.9,2019-09-30 22:00:00
1347,29.1,2019-09-30 23:00:00
1348,29.2,2019-10-01 00:00:00
1349,29.1,2019-10-01 01:00:00
1350,25.1,2019-10-01 02:00:00
1351,27.1,2019-10-01 03:00:00
1352,26.1,2019-10-01 04:00:00
1353,23.4,2019-10-01 05:00:00
1354,24.7,2019-10-01 06:00:00
1355,28.6,2019-10-01 07:00:00
1356,26.6,2019-10-01 08:00:00
1357,20.3,2019-10-01 09:00:00
1358,17.2,2019-10-01 10:00:00
1359,15.8,2019-10-01 11:00:00
1360,17.3,2019-10-01 12:00:00
1361,16.0,2019-10-01 13:00:00
1362,14.0,2019-10-01 14:00:00
1363,13.5,2019-10-01 15:00:00
1955,,2019-10-01 16:00:00
1364,29.8,2019-10-01 17:00:00
1365,27.2,2019-10-01 18:00:00
1366,27.5,2019-10-01 19:00:00
1367,27.5,2019-10-01 20:00:00
1368,27.4,2019-10-01 21:00:00
1956,,2019-10-01 22:00:00
1369,27.9,2019-10-01 23:00:00
1957,,2019-10-02 00:00:00
1958,,2019-10-02 01:00:00
1959,,2019-10-02 02:00:00
1960,,2019-10-02 03:00:00
1961,,2019-10-02 04:00:00
1962,,2019-10-02 05:00:00
1963,,2019-10-02 06:00:00
1964,,2019-10-02 07:00:00
1965,,2019-10-02 08:00:00
1966,,2019-10-02 09:00:00
1370,15.7,2019-10-02 10:00:00
1967,,2019-10-02 11:00:00
1371,12.3,2019-10-02 12:00:00
1968,,2019-10-02 13:00:00
1969,,2019-10-02 14:00:00
1372,4.1,2019-10-02 15:00:00
1373,4.4,2019-10-02 16:00:00
1374,16.7,2019-10-02 17:00:00
1970,,2019-10-02 18:00:00
1375,34.5,2019-10-02 19:00:00
1376,34.6,2019-10-02 20:00:00
1377,30.4,2019-10-02 21:00:00
1378,32.4,2019-10-02 22:00:00
1379,38.6,2019-10-02 23:00:00
1380,38.1,2019-10-03 00:00:00
1381,36.2,2019-10-03 01:00:00
1382,25.8,2019-10-03 02:00:00
1383,25.1,2019-10-03 03:00:00
1384,30.6,2019-10-03 04:00:00
1385,27.2,2019-10-03 05:00:00
1386,24.0,2019-10-03 06:00:00
1387,55.1,2019-10-03 07:00:00
1388,48.9,2019-10-03 08:00:00
1971,,2019-10-03 09:00:00
1389,35.7,2019-10-03 10:00:00
1390,30.5,2019-10-03 11:00:00
1391,22.1,2019-10-03 12:00:00
1392,20.0,2019-10-03 13:00:00
1393,16.4,2019-10-03 14:00:00
1394,12.4,2019-10-03 15:00:00
1395,3.1,2019-10-03 16:00:00
1396,6.2,2019-10-03 17:00:00
1397,16.5,2019-10-03 18:00:00
1398,38.0,2019-10-03 19:00:00
1399,11.6,2019-10-03 20:00:00
1400,13.5,2019-10-03 21:00:00
1401,40.4,2019-10-03 22:00:00
1402,25.9,2019-10-03 23:00:00
1403,4.8,2019-10-04 00:00:00
1404,14.4,2019-10-04 01:00:00
1405,15.1,2019-10-04 02:00:00
1406,7.5,2019-10-04 03:00:00
1407,13.4,2019-10-04 04:00:00
1408,21.5,2019-10-04 05:00:00
1409,19.2,2019-10-04 06:00:00
1410,27.2,2019-10-04 07:00:00
1411,16.2,2019-10-04 08:00:00
1412,8.3,2019-10-04 09:00:00
1413,6.4,2019-10-04 10:00:00
1414,5.4,2019-10-04 11:00:00
1415,4.4,2019-10-04 12:00:00
1416,4.0,2019-10-04 13:00:00
1417,4.8,2019-10-04 14:00:00
1418,5.1,2019-10-04 15:00:00
1419,5.5,2019-10-04 16:00:00
1420,5.2,2019-10-04 17:00:00
1421,11.3,2019-10-04 18:00:00
1422,15.7,2019-10-04 19:00:00
1423,23.9,2019-10-04 20:00:00
1424,43.4,2019-10-04 21:00:00
1425,32.2,2019-10-04 22:00:00
1426,14.0,2019-10-04 23:00:00
1427,24.4,2019-10-05 00:00:00
1428,10.2,2019-10-05 01:00:00
1429,8.9,2019-10-05 02:00:00
1430,8.2,2019-10-05 03:00:00
1431,6.8,2019-10-05 04:00:00
1432,7.1,2019-10-05 05:00:00
1972,,2019-10-05 06:00:00
1433,16.9,2019-10-05 07:00:00
1434,12.9,2019-10-05 08:00:00
1435,9.0,2019-10-05 09:00:00
1436,6.1,2019-10-05 10:00:00
1973,,2019-10-05 11:00:00
1974,,2019-10-05 12:00:00
1975,,2019-10-05 13:00:00
1437,4.8,2019-10-05 14:00:00
1438,4.9,2019-10-05 15:00:00
1439,5.8,2019-10-05 16:00:00
1440,6.7,2019-10-05 17:00:00
1441,13.2,2019-10-05 18:00:00
1442,24.4,2019-10-05 19:00:00
1443,29.3,2019-10-05 20:00:00
1444,36.0,2019-10-05 21:00:00
1445,29.3,2019-10-05 22:00:00
1446,30.1,2019-10-05 23:00:00
1447,22.3,2019-10-06 00:00:00
1448,10.4,2019-10-06 01:00:00
1976,,2019-10-06 02:00:00
1449,7.6,2019-10-06 03:00:00
1450,18.2,2019-10-06 04:00:00
1451,11.8,2019-10-06 05:00:00
1452,18.1,2019-10-06 06:00:00
1453,24.0,2019-10-06 07:00:00
1454,17.7,2019-10-06 08:00:00
1455,13.3,2019-10-06 09:00:00
1456,8.4,2019-10-06 10:00:00
1457,7.1,2019-10-06 11:00:00
1458,5.0,2019-10-06 12:00:00
1459,5.5,2019-10-06 13:00:00
1460,3.4,2019-10-06 14:00:00
1461,4.3,2019-10-06 15:00:00
1462,5.9,2019-10-06 16:00:00
1463,7.5,2019-10-06 17:00:00
1464,15.2,2019-10-06 18:00:00
1465,42.4,2019-10-06 19:00:00
1466,34.9,2019-10-06 20:00:00
1467,15.2,2019-10-06 21:00:00
1977,,2019-10-06 22:00:00
1468,15.4,2019-10-06 23:00:00
1469,10.4,2019-10-07 00:00:00
1470,9.5,2019-10-07 01:00:00
1978,,2019-10-07 02:00:00
1471,12.2,2019-10-07 03:00:00
1472,14.3,2019-10-07 04:00:00
1473,11.5,2019-10-07 05:00:00
1474,11.0,2019-10-07 06:00:00
1475,13.1,2019-10-07 07:00:00
1476,12.8,2019-10-07 08:00:00
1477,16.0,2019-10-07 09:00:00
1478,11.1,2019-10-07 10:00:00
1479,5.6,2019-10-07 11:00:00
1480,4.4,2019-10-07 12:00:00
1481,4.5,2019-10-07 13:00:00
1482,3.6,2019-10-07 14:00:00
1483,3.7,2019-10-07 15:00:00
1484,3.9,2019-10-07 16:00:00
1485,7.1,2019-10-07 17:00:00
1486,16.2,2019-10-07 18:00:00
1487,17.4,2019-10-07 19:00:00
1488,14.0,2019-10-07 20:00:00
1489,12.3,2019-10-07 21:00:00
1490,9.7,2019-10-07 22:00:00
1491,12.0,2019-10-07 23:00:00
1492,8.4,2019-10-08 00:00:00
1493,7.8,2019-10-08 01:00:00
1494,8.0,2019-10-08 02:00:00
1495,7.6,2019-10-08 03:00:00
1496,4.4,2019-10-08 04:00:00
1497,4.8,2019-10-08 05:00:00
1498,5.3,2019-10-08 06:00:00
1499,10.4,2019-10-08 07:00:00
1500,10.1,2019-10-08 08:00:00
1501,8.9,2019-10-08 09:00:00
1502,12.4,2019-10-08 10:00:00
1503,4.4,2019-10-08 11:00:00
1504,4.4,2019-10-08 12:00:00
1505,2.8,2019-10-08 13:00:00
1506,3.3,2019-10-08 14:00:00
1507,3.3,2019-10-08 15:00:00
1508,3.7,2019-10-08 16:00:00
1509,5.2,2019-10-08 17:00:00
1510,9.8,2019-10-08 18:00:00
1511,27.3,2019-10-08 19:00:00
1512,26.5,2019-10-08 20:00:00
1513,34.8,2019-10-08 21:00:00
1514,38.2,2019-10-08 22:00:00
1515,34.1,2019-10-08 23:00:00
1516,35.2,2019-10-09 00:00:00
1517,33.1,2019-10-09 01:00:00
1518,26.9,2019-10-09 02:00:00
1519,25.7,2019-10-09 03:00:00
1520,24.7,2019-10-09 04:00:00
1521,26.2,2019-10-09 05:00:00
1522,18.5,2019-10-09 06:00:00
1523,23.8,2019-10-09 07:00:00
1524,43.8,2019-10-09 08:00:00
1525,34.3,2019-10-09 09:00:00
1526,20.8,2019-10-09 10:00:00
1527,20.9,2019-10-09 11:00:00
1528,11.3,2019-10-09 12:00:00
1529,10.0,2019-10-09 13:00:00
1530,7.6,2019-10-09 14:00:00
1531,7.9,2019-10-09 15:00:00
1532,10.0,2019-10-09 16:00:00
1533,12.5,2019-10-09 17:00:00
1534,27.0,2019-10-09 18:00:00
1535,39.2,2019-10-09 19:00:00
1536,37.5,2019-10-09 20:00:00
1537,39.6,2019-10-09 21:00:00
1538,39.0,2019-10-09 22:00:00
1539,37.0,2019-10-09 23:00:00
1540,34.1,2019-10-10 00:00:00
1541,29.7,2019-10-10 01:00:00
1542,24.1,2019-10-10 02:00:00
1543,25.4,2019-10-10 03:00:00
1544,18.1,2019-10-10 04:00:00
1545,18.0,2019-10-10 05:00:00
1546,23.9,2019-10-10 06:00:00
1547,33.9,2019-10-10 07:00:00
1548,44.0,2019-10-10 08:00:00
1549,41.0,2019-10-10 09:00:00
1550,44.5,2019-10-10 10:00:00
1551,31.3,2019-10-10 11:00:00
1552,21.3,2019-10-10 12:00:00
1553,108.7,2019-10-10 13:00:00
1554,14.2,2019-10-10 14:00:00
1555,10.1,2019-10-10 15:00:00
1556,11.2,2019-10-10 16:00:00
1557,20.2,2019-10-10 17:00:00
1558,23.0,2019-10-10 18:00:00
1559,39.7,2019-10-10 19:00:00
1560,41.8,2019-10-10 20:00:00
1561,40.3,2019-10-10 21:00:00
1979,,2019-10-10 22:00:00
1980,,2019-10-10 23:00:00
1981,,2019-10-11 00:00:00
1982,,2019-10-11 01:00:00
1983,,2019-10-11 02:00:00
1984,,2019-10-11 03:00:00
1985,,2019-10-11 04:00:00
1562,20.6,2019-10-11 05:00:00
1563,19.5,2019-10-11 06:00:00
1564,23.6,2019-10-11 07:00:00
1565,24.0,2019-10-11 08:00:00
1566,22.0,2019-10-11 09:00:00
1567,13.5,2019-10-11 10:00:00
1568,6.0,2019-10-11 11:00:00
1569,5.5,2019-10-11 12:00:00
1570,6.1,2019-10-11 13:00:00
1571,4.4,2019-10-11 14:00:00
1572,5.3,2019-10-11 15:00:00
1573,5.5,2019-10-11 16:00:00
1574,7.7,2019-10-11 17:00:00
1575,14.9,2019-10-11 18:00:00
1576,18.7,2019-10-11 19:00:00
1577,27.4,2019-10-11 20:00:00
1578,34.9,2019-10-11 21:00:00
1579,42.3,2019-10-11 22:00:00
1580,30.5,2019-10-11 23:00:00
1581,25.0,2019-10-12 00:00:00
1582,12.2,2019-10-12 01:00:00
1583,12.3,2019-10-12 02:00:00
1584,23.0,2019-10-12 03:00:00
1585,21.8,2019-10-12 04:00:00
1586,21.2,2019-10-12 05:00:00
1587,19.4,2019-10-12 06:00:00
1588,23.0,2019-10-12 07:00:00
1589,27.5,2019-10-12 08:00:00
1590,29.0,2019-10-12 09:00:00
1591,16.6,2019-10-12 10:00:00
1592,4.7,2019-10-12 11:00:00
1593,4.4,2019-10-12 12:00:00
1594,3.5,2019-10-12 13:00:00
1595,3.7,2019-10-12 14:00:00
1596,3.7,2019-10-12 15:00:00
1597,3.0,2019-10-12 16:00:00
1598,6.4,2019-10-12 17:00:00
1599,17.2,2019-10-12 18:00:00
1600,32.1,2019-10-12 19:00:00
1601,35.3,2019-10-12 20:00:00
1602,27.9,2019-10-12 21:00:00
1603,29.0,2019-10-12 22:00:00
1604,21.3,2019-10-12 23:00:00
1605,40.7,2019-10-13 00:00:00
1606,34.9,2019-10-13 01:00:00
1607,31.3,2019-10-13 02:00:00
1608,28.7,2019-10-13 03:00:00
1609,24.2,2019-10-13 04:00:00
1610,22.1,2019-10-13 05:00:00
1611,23.3,2019-10-13 06:00:00
1612,24.3,2019-10-13 07:00:00
1613,26.4,2019-10-13 08:00:00
1614,20.4,2019-10-13 09:00:00
1615,6.6,2019-10-13 10:00:00
1616,7.7,2019-10-13 11:00:00
1617,7.0,2019-10-13 12:00:00
1618,4.0,2019-10-13 13:00:00
1619,4.6,2019-10-13 14:00:00
1620,3.2,2019-10-13 15:00:00
1621,4.2,2019-10-13 16:00:00
1622,5.4,2019-10-13 17:00:00
1623,14.7,2019-10-13 18:00:00
1624,40.4,2019-10-13 19:00:00
1625,40.4,2019-10-13 20:00:00
1626,32.7,2019-10-13 21:00:00
1627,28.6,2019-10-13 22:00:00
1628,32.9,2019-10-13 23:00:00
1629,34.8,2019-10-14 00:00:00
1630,33.8,2019-10-14 01:00:00
1631,27.0,2019-10-14 02:00:00
1632,28.5,2019-10-14 03:00:00
1633,27.7,2019-10-14 04:00:00
1634,27.5,2019-10-14 05:00:00
1635,20.1,2019-10-14 06:00:00
1636,23.2,2019-10-14 07:00:00
1637,36.8,2019-10-14 08:00:00
1638,34.0,2019-10-14 09:00:00
1639,13.0,2019-10-14 10:00:00
1640,7.8,2019-10-14 11:00:00
1641,4.7,2019-10-14 12:00:00
1642,4.7,2019-10-14 13:00:00
1643,3.3,2019-10-14 14:00:00
1644,3.8,2019-10-14 15:00:00
1645,5.1,2019-10-14 16:00:00
1646,7.2,2019-10-14 17:00:00
1647,24.6,2019-10-14 18:00:00
1648,44.0,2019-10-14 19:00:00
1649,40.8,2019-10-14 20:00:00
1650,49.6,2019-10-14 21:00:00
1651,57.4,2019-10-14 22:00:00
1652,51.8,2019-10-14 23:00:00
1653,34.9,2019-10-15 00:00:00
1654,39.9,2019-10-15 01:00:00
1655,32.9,2019-10-15 02:00:00
1656,30.6,2019-10-15 03:00:00
1657,22.9,2019-10-15 04:00:00
1658,30.2,2019-10-15 05:00:00
1659,24.3,2019-10-15 06:00:00
1660,35.9,2019-10-15 07:00:00
1661,32.4,2019-10-15 08:00:00
1662,64.3,2019-10-15 09:00:00
1663,47.6,2019-10-15 10:00:00
1664,19.1,2019-10-15 11:00:00
1665,18.4,2019-10-15 12:00:00
1666,12.3,2019-10-15 13:00:00
1667,9.3,2019-10-15 14:00:00
1668,6.8,2019-10-15 15:00:00
1669,9.1,2019-10-15 16:00:00
1670,13.9,2019-10-15 17:00:00
1671,23.6,2019-10-15 18:00:00
1672,72.9,2019-10-15 19:00:00
1673,41.1,2019-10-15 20:00:00
1674,60.7,2019-10-15 21:00:00
1675,46.1,2019-10-15 22:00:00
1676,49.9,2019-10-15 23:00:00
1677,45.3,2019-10-16 00:00:00
1678,44.1,2019-10-16 01:00:00
1679,50.0,2019-10-16 02:00:00
1680,43.3,2019-10-16 03:00:00
1681,43.2,2019-10-16 04:00:00
1682,43.8,2019-10-16 05:00:00
1683,41.9,2019-10-16 06:00:00
1684,40.9,2019-10-16 07:00:00
1685,46.4,2019-10-16 08:00:00
1686,32.0,2019-10-16 09:00:00
1687,35.8,2019-10-16 10:00:00
1688,15.4,2019-10-16 11:00:00
1689,12.0,2019-10-16 12:00:00
1690,19.8,2019-10-16 13:00:00
1691,10.7,2019-10-16 14:00:00
1692,12.8,2019-10-16 15:00:00
1693,11.8,2019-10-16 16:00:00
1694,16.1,2019-10-16 17:00:00
1695,30.0,2019-10-16 18:00:00
1696,58.1,2019-10-16 19:00:00
1697,40.2,2019-10-16 20:00:00
1698,44.2,2019-10-16 21:00:00
1699,41.9,2019-10-16 22:00:00
1700,42.7,2019-10-16 23:00:00
1701,39.2,2019-10-17 00:00:00
1702,40.5,2019-10-17 01:00:00
1703,38.8,2019-10-17 02:00:00
1704,36.8,2019-10-17 03:00:00
1705,40.3,2019-10-17 04:00:00
1706,35.6,2019-10-17 05:00:00
1707,28.9,2019-10-17 06:00:00
1708,31.4,2019-10-17 07:00:00
1709,40.8,2019-10-17 08:00:00
1710,46.8,2019-10-17 09:00:00
1986,,2019-10-17 10:00:00
1711,29.5,2019-10-17 11:00:00
1712,22.9,2019-10-17 12:00:00
1713,13.4,2019-10-17 13:00:00
1714,10.6,2019-10-17 14:00:00
1715,11.9,2019-10-17 15:00:00
1716,17.7,2019-10-17 16:00:00
1717,18.2,2019-10-17 17:00:00
1718,33.2,2019-10-17 18:00:00
1719,62.8,2019-10-17 19:00:00
1720,62.0,2019-10-17 20:00:00
1721,53.3,2019-10-17 21:00:00
1722,45.5,2019-10-17 22:00:00
1723,39.4,2019-10-17 23:00:00
1724,42.4,2019-10-18 00:00:00
1725,43.8,2019-10-18 01:00:00
1987,,2019-10-18 02:00:00
1726,41.5,2019-10-18 03:00:00
1727,41.4,2019-10-18 04:00:00
1728,42.0,2019-10-18 05:00:00
1729,33.5,2019-10-18 06:00:00
1730,28.5,2019-10-18 07:00:00
1731,38.9,2019-10-18 08:00:00
1732,37.6,2019-10-18 09:00:00
1733,30.8,2019-10-18 10:00:00
1734,25.3,2019-10-18 11:00:00
1735,23.9,2019-10-18 12:00:00
1736,20.1,2019-10-18 13:00:00
1737,16.2,2019-10-18 14:00:00
1738,19.7,2019-10-18 15:00:00
1739,25.8,2019-10-18 16:00:00
1740,33.8,2019-10-18 17:00:00
1741,36.4,2019-10-18 18:00:00
1742,5.4,2019-10-18 19:00:00
1743,5.5,2019-10-18 20:00:00
1744,4.8,2019-10-18 21:00:00
1745,13.6,2019-10-18 22:00:00
1746,36.0,2019-10-18 23:00:00
1747,23.8,2019-10-19 00:00:00
1748,24.8,2019-10-19 01:00:00
1988,,2019-10-19 02:00:00
1749,11.3,2019-10-19 03:00:00
1750,20.8,2019-10-19 04:00:00
1751,22.2,2019-10-19 05:00:00
1752,24.6,2019-10-19 06:00:00
1753,23.6,2019-10-19 07:00:00
1754,20.1,2019-10-19 08:00:00
1755,23.4,2019-10-19 09:00:00
1756,16.7,2019-10-19 10:00:00
1757,7.2,2019-10-19 11:00:00
1758,6.6,2019-10-19 12:00:00
1759,7.7,2019-10-19 13:00:00
1760,8.3,2019-10-19 14:00:00
1761,7.5,2019-10-19 15:00:00
1762,8.6,2019-10-19 16:00:00
1763,12.5,2019-10-19 17:00:00
1764,35.1,2019-10-19 18:00:00
1765,57.9,2019-10-19 19:00:00
1766,46.3,2019-10-19 20:00:00
1767,36.6,2019-10-19 21:00:00
1768,37.9,2019-10-19 22:00:00
1769,42.3,2019-10-19 23:00:00
1770,25.0,2019-10-20 00:00:00
1771,6.8,2019-10-20 01:00:00
1772,8.7,2019-10-20 02:00:00
1773,11.3,2019-10-20 03:00:00
1774,18.9,2019-10-20 04:00:00
1775,18.8,2019-10-20 05:00:00
1776,21.9,2019-10-20 06:00:00
1777,17.7,2019-10-20 07:00:00
1778,18.3,2019-10-20 08:00:00
1779,15.6,2019-10-20 09:00:00
1780,19.8,2019-10-20 10:00:00
1781,10.7,2019-10-20 11:00:00
1782,4.9,2019-10-20 12:00:00
1783,4.5,2019-10-20 13:00:00
1784,4.0,2019-10-20 14:00:00
1785,4.0,2019-10-20 15:00:00
1786,3.9,2019-10-20 16:00:00
1787,7.6,2019-10-20 17:00:00
1788,23.9,2019-10-20 18:00:00
1789,59.5,2019-10-20 19:00:00
1790,54.5,2019-10-20 20:00:00
1791,39.1,2019-10-20 21:00:00
1792,30.3,2019-10-20 22:00:00
1793,21.9,2019-10-20 23:00:00
1794,16.2,2019-10-21 00:00:00
1795,14.2,2019-10-21 01:00:00
1796,23.0,2019-10-21 02:00:00
1797,22.1,2019-10-21 03:00:00
1798,21.6,2019-10-21 04:00:00
1799,20.9,2019-10-21 05:00:00
1800,25.8,2019-10-21 06:00:00
1801,33.5,2019-10-21 07:00:00
1802,29.7,2019-10-21 08:00:00
1803,17.4,2019-10-21 09:00:00
1804,11.7,2019-10-21 10:00:00
1805,9.7,2019-10-21 11:00:00
1806,8.4,2019-10-21 12:00:00
1807,6.7,2019-10-21 13:00:00
1808,7.2,2019-10-21 14:00:00
1809,6.4,2019-10-21 15:00:00
1810,6.1,2019-10-21 16:00:00
1811,10.1,2019-10-21 17:00:00
1812,30.5,2019-10-21 18:00:00
1813,55.0,2019-10-21 19:00:00
1814,65.5,2019-10-21 20:00:00
1815,51.1,2019-10-21 21:00:00
1816,38.4,2019-10-21 22:00:00
1817,37.7,2019-10-21 23:00:00
1818,26.4,2019-10-22 00:00:00
1819,23.7,2019-10-22 01:00:00
1820,17.3,2019-10-22 02:00:00
1821,16.7,2019-10-22 03:00:00
1822,14.8,2019-10-22 04:00:00
1823,17.3,2019-10-22 05:00:00
1824,20.7,2019-10-22 06:00:00
1825,27.9,2019-10-22 07:00:00
1826,23.2,2019-10-22 08:00:00
1827,13.7,2019-10-22 09:00:00
1828,9.5,2019-10-22 10:00:00
1829,7.3,2019-10-22 11:00:00
1830,6.9,2019-10-22 12:00:00
1831,6.2,2019-10-22 13:00:00
1832,4.5,2019-10-22 14:00:00
1833,5.0,2019-10-22 15:00:00
1834,6.8,2019-10-22 16:00:00
1835,12.1,2019-10-22 17:00:00
1836,50.2,2019-10-22 18:00:00
1837,62.9,2019-10-22 19:00:00
1838,59.7,2019-10-22 20:00:00
1839,52.7,2019-10-22 21:00:00
1840,42.3,2019-10-22 22:00:00
1841,43.9,2019-10-22 23:00:00
1842,38.6,2019-10-23 00:00:00
1843,24.8,2019-10-23 01:00:00
1844,31.1,2019-10-23 02:00:00
1845,31.5,2019-10-23 03:00:00
1846,27.0,2019-10-23 04:00:00
1847,27.8,2019-10-23 05:00:00
1848,28.9,2019-10-23 06:00:00
1849,32.1,2019-10-23 07:00:00
1850,45.6,2019-10-23 08:00:00
1851,29.8,2019-10-23 09:00:00
1852,36.8,2019-10-23 10:00:00
1853,14.1,2019-10-23 11:00:00
1854,7.9,2019-10-23 12:00:00
1855,7.0,2019-10-23 13:00:00
1856,7.1,2019-10-23 14:00:00
1857,9.1,2019-10-23 15:00:00
1858,6.1,2019-10-23 16:00:00
1859,12.1,2019-10-23 17:00:00
1860,28.5,2019-10-23 18:00:00
1861,66.2,2019-10-23 19:00:00
1862,73.9,2019-10-23 20:00:00
1989,,2019-10-23 21:00:00
1990,,2019-10-23 22:00:00
1991,,2019-10-23 23:00:00
