,rohini,utc_time
0,19.0,2019-07-17 00:00:00
1,27.0,2019-07-17 01:00:00
2,13.0,2019-07-17 02:00:00
3,9.0,2019-07-17 03:00:00
4,12.0,2019-07-17 04:00:00
5,13.0,2019-07-17 05:00:00
6,23.0,2019-07-17 06:00:00
7,24.0,2019-07-17 07:00:00
8,25.0,2019-07-17 08:00:00
9,27.0,2019-07-17 09:00:00
10,20.0,2019-07-17 10:00:00
11,22.0,2019-07-17 11:00:00
12,23.0,2019-07-17 12:00:00
13,19.0,2019-07-17 13:00:00
14,19.0,2019-07-17 14:00:00
15,66.0,2019-07-17 15:00:00
16,45.0,2019-07-17 16:00:00
17,58.0,2019-07-17 17:00:00
18,47.0,2019-07-17 18:00:00
19,51.0,2019-07-17 19:00:00
20,79.0,2019-07-17 20:00:00
21,74.0,2019-07-17 21:00:00
22,18.0,2019-07-17 22:00:00
23,13.0,2019-07-17 23:00:00
24,13.0,2019-07-18 00:00:00
25,16.0,2019-07-18 01:00:00
26,8.0,2019-07-18 02:00:00
27,17.0,2019-07-18 03:00:00
28,24.0,2019-07-18 04:00:00
29,24.0,2019-07-18 05:00:00
30,7.0,2019-07-18 06:00:00
31,11.0,2019-07-18 07:00:00
32,19.0,2019-07-18 08:00:00
33,13.0,2019-07-18 09:00:00
34,27.0,2019-07-18 10:00:00
35,29.0,2019-07-18 11:00:00
36,22.0,2019-07-18 12:00:00
37,30.0,2019-07-18 13:00:00
38,30.0,2019-07-18 14:00:00
39,39.0,2019-07-18 15:00:00
40,58.0,2019-07-18 16:00:00
41,56.0,2019-07-18 17:00:00
42,56.0,2019-07-18 18:00:00
43,50.0,2019-07-18 19:00:00
44,55.0,2019-07-18 20:00:00
45,41.0,2019-07-18 21:00:00
46,42.0,2019-07-18 22:00:00
47,33.0,2019-07-18 23:00:00
48,38.0,2019-07-19 00:00:00
49,46.0,2019-07-19 01:00:00
50,62.0,2019-07-19 02:00:00
51,106.0,2019-07-19 03:00:00
52,113.0,2019-07-19 04:00:00
53,63.0,2019-07-19 05:00:00
54,53.0,2019-07-19 06:00:00
55,56.0,2019-07-19 07:00:00
56,64.0,2019-07-19 08:00:00
57,59.0,2019-07-19 09:00:00
58,64.0,2019-07-19 10:00:00
59,70.0,2019-07-19 11:00:00
60,69.0,2019-07-19 12:00:00
61,63.0,2019-07-19 13:00:00
62,72.0,2019-07-19 14:00:00
63,70.0,2019-07-19 15:00:00
64,74.0,2019-07-19 16:00:00
65,61.0,2019-07-19 17:00:00
66,50.0,2019-07-19 18:00:00
67,62.0,2019-07-19 19:00:00
68,75.0,2019-07-19 20:00:00
69,63.0,2019-07-19 21:00:00
70,55.0,2019-07-19 22:00:00
71,42.0,2019-07-19 23:00:00
72,40.0,2019-07-20 00:00:00
73,31.0,2019-07-20 01:00:00
74,44.0,2019-07-20 02:00:00
75,58.0,2019-07-20 03:00:00
76,38.0,2019-07-20 04:00:00
77,44.0,2019-07-20 05:00:00
78,44.0,2019-07-20 06:00:00
79,39.0,2019-07-20 07:00:00
80,20.0,2019-07-20 08:00:00
81,20.0,2019-07-20 09:00:00
82,34.0,2019-07-20 10:00:00
83,46.0,2019-07-20 11:00:00
84,42.0,2019-07-20 12:00:00
85,48.0,2019-07-20 13:00:00
86,29.0,2019-07-20 14:00:00
87,53.0,2019-07-20 15:00:00
88,63.0,2019-07-20 16:00:00
89,59.0,2019-07-20 17:00:00
1810,,2019-07-20 18:00:00
1811,,2019-07-20 19:00:00
1812,,2019-07-20 20:00:00
1813,,2019-07-20 21:00:00
1814,,2019-07-20 22:00:00
1815,,2019-07-20 23:00:00
90,52.0,2019-07-21 00:00:00
91,36.0,2019-07-21 01:00:00
92,40.0,2019-07-21 02:00:00
93,51.0,2019-07-21 03:00:00
94,45.0,2019-07-21 04:00:00
95,47.0,2019-07-21 05:00:00
96,44.0,2019-07-21 06:00:00
97,40.0,2019-07-21 07:00:00
98,40.0,2019-07-21 08:00:00
99,42.0,2019-07-21 09:00:00
100,42.0,2019-07-21 10:00:00
101,23.0,2019-07-21 11:00:00
102,18.0,2019-07-21 12:00:00
103,11.0,2019-07-21 13:00:00
104,29.0,2019-07-21 14:00:00
105,30.0,2019-07-21 15:00:00
106,57.0,2019-07-21 16:00:00
107,72.0,2019-07-21 17:00:00
108,74.0,2019-07-21 18:00:00
109,81.0,2019-07-21 19:00:00
110,106.0,2019-07-21 20:00:00
111,88.0,2019-07-21 21:00:00
112,75.0,2019-07-21 22:00:00
113,110.0,2019-07-21 23:00:00
114,69.0,2019-07-22 00:00:00
115,132.0,2019-07-22 01:00:00
116,132.0,2019-07-22 02:00:00
117,130.0,2019-07-22 03:00:00
118,123.0,2019-07-22 04:00:00
119,97.0,2019-07-22 05:00:00
120,56.0,2019-07-22 06:00:00
121,57.0,2019-07-22 07:00:00
122,56.0,2019-07-22 08:00:00
123,68.0,2019-07-22 09:00:00
124,64.0,2019-07-22 10:00:00
125,34.0,2019-07-22 11:00:00
126,38.0,2019-07-22 12:00:00
127,55.0,2019-07-22 13:00:00
128,50.0,2019-07-22 14:00:00
129,57.0,2019-07-22 15:00:00
130,74.0,2019-07-22 16:00:00
131,92.0,2019-07-22 17:00:00
132,84.0,2019-07-22 18:00:00
133,88.0,2019-07-22 19:00:00
134,102.0,2019-07-22 20:00:00
135,140.0,2019-07-22 21:00:00
136,81.0,2019-07-22 22:00:00
137,81.0,2019-07-22 23:00:00
138,74.0,2019-07-23 00:00:00
139,96.0,2019-07-23 01:00:00
140,92.0,2019-07-23 02:00:00
141,172.0,2019-07-23 03:00:00
142,136.0,2019-07-23 04:00:00
143,75.0,2019-07-23 05:00:00
144,67.0,2019-07-23 06:00:00
145,74.0,2019-07-23 07:00:00
146,68.0,2019-07-23 08:00:00
147,44.0,2019-07-23 09:00:00
148,39.0,2019-07-23 10:00:00
149,40.0,2019-07-23 11:00:00
150,35.0,2019-07-23 12:00:00
151,38.0,2019-07-23 13:00:00
152,40.0,2019-07-23 14:00:00
153,70.0,2019-07-23 15:00:00
154,57.0,2019-07-23 16:00:00
155,94.0,2019-07-23 17:00:00
156,88.0,2019-07-23 18:00:00
157,83.0,2019-07-23 19:00:00
158,81.0,2019-07-23 20:00:00
159,86.0,2019-07-23 21:00:00
160,102.0,2019-07-23 22:00:00
161,112.0,2019-07-23 23:00:00
162,127.0,2019-07-24 00:00:00
163,134.0,2019-07-24 01:00:00
164,31.0,2019-07-24 02:00:00
165,42.0,2019-07-24 03:00:00
166,62.0,2019-07-24 04:00:00
167,89.0,2019-07-24 05:00:00
168,99.0,2019-07-24 06:00:00
169,57.0,2019-07-24 07:00:00
170,57.0,2019-07-24 08:00:00
171,38.0,2019-07-24 09:00:00
172,35.0,2019-07-24 10:00:00
173,36.0,2019-07-24 11:00:00
174,33.0,2019-07-24 12:00:00
175,31.0,2019-07-24 13:00:00
176,17.0,2019-07-24 14:00:00
177,9.0,2019-07-24 15:00:00
178,9.0,2019-07-24 16:00:00
179,20.0,2019-07-24 17:00:00
180,12.0,2019-07-24 18:00:00
181,13.0,2019-07-24 19:00:00
182,13.0,2019-07-24 20:00:00
183,12.0,2019-07-24 21:00:00
184,9.0,2019-07-24 22:00:00
185,7.0,2019-07-24 23:00:00
186,8.0,2019-07-25 00:00:00
1816,,2019-07-25 01:00:00
187,27.0,2019-07-25 02:00:00
1817,,2019-07-25 03:00:00
188,22.0,2019-07-25 04:00:00
189,20.0,2019-07-25 05:00:00
190,20.0,2019-07-25 06:00:00
191,23.0,2019-07-25 07:00:00
192,18.0,2019-07-25 08:00:00
193,9.0,2019-07-25 09:00:00
194,6.0,2019-07-25 10:00:00
195,17.0,2019-07-25 11:00:00
196,12.0,2019-07-25 12:00:00
197,14.0,2019-07-25 13:00:00
198,20.0,2019-07-25 14:00:00
199,27.0,2019-07-25 15:00:00
200,22.0,2019-07-25 16:00:00
201,25.0,2019-07-25 17:00:00
202,40.0,2019-07-25 18:00:00
203,69.0,2019-07-25 19:00:00
204,62.0,2019-07-25 20:00:00
205,36.0,2019-07-25 21:00:00
206,41.0,2019-07-25 22:00:00
207,51.0,2019-07-25 23:00:00
208,59.0,2019-07-26 00:00:00
209,62.0,2019-07-26 01:00:00
210,42.0,2019-07-26 02:00:00
211,29.0,2019-07-26 03:00:00
212,30.0,2019-07-26 04:00:00
213,18.0,2019-07-26 05:00:00
214,36.0,2019-07-26 06:00:00
215,34.0,2019-07-26 07:00:00
216,33.0,2019-07-26 08:00:00
217,6.0,2019-07-26 09:00:00
218,8.0,2019-07-26 10:00:00
219,12.0,2019-07-26 11:00:00
220,18.0,2019-07-26 12:00:00
221,12.0,2019-07-26 13:00:00
222,13.0,2019-07-26 14:00:00
223,16.0,2019-07-26 15:00:00
224,22.0,2019-07-26 16:00:00
225,16.0,2019-07-26 17:00:00
226,11.0,2019-07-26 18:00:00
227,20.0,2019-07-26 19:00:00
228,18.0,2019-07-26 20:00:00
229,23.0,2019-07-26 21:00:00
230,23.0,2019-07-26 22:00:00
231,18.0,2019-07-26 23:00:00
232,23.0,2019-07-27 00:00:00
233,27.0,2019-07-27 01:00:00
234,42.0,2019-07-27 02:00:00
235,40.0,2019-07-27 03:00:00
236,34.0,2019-07-27 04:00:00
237,25.0,2019-07-27 05:00:00
238,23.0,2019-07-27 06:00:00
239,14.0,2019-07-27 07:00:00
240,20.0,2019-07-27 08:00:00
241,23.0,2019-07-27 09:00:00
242,34.0,2019-07-27 10:00:00
243,13.0,2019-07-27 11:00:00
244,13.0,2019-07-27 12:00:00
245,42.0,2019-07-27 13:00:00
246,62.0,2019-07-27 14:00:00
247,46.0,2019-07-27 15:00:00
248,44.0,2019-07-27 16:00:00
249,51.0,2019-07-27 17:00:00
250,51.0,2019-07-27 18:00:00
251,55.0,2019-07-27 19:00:00
252,22.0,2019-07-27 20:00:00
253,20.0,2019-07-27 21:00:00
254,18.0,2019-07-27 22:00:00
255,30.0,2019-07-27 23:00:00
256,24.0,2019-07-28 00:00:00
257,29.0,2019-07-28 01:00:00
258,29.0,2019-07-28 02:00:00
259,28.0,2019-07-28 03:00:00
260,24.0,2019-07-28 04:00:00
261,20.0,2019-07-28 05:00:00
262,30.0,2019-07-28 06:00:00
263,17.0,2019-07-28 07:00:00
264,24.0,2019-07-28 08:00:00
265,14.0,2019-07-28 09:00:00
266,16.0,2019-07-28 10:00:00
267,13.0,2019-07-28 11:00:00
268,9.0,2019-07-28 12:00:00
269,7.0,2019-07-28 13:00:00
270,17.0,2019-07-28 14:00:00
271,29.0,2019-07-28 15:00:00
272,28.0,2019-07-28 16:00:00
273,39.0,2019-07-28 17:00:00
274,89.0,2019-07-28 18:00:00
275,30.0,2019-07-28 19:00:00
276,24.0,2019-07-28 20:00:00
277,24.0,2019-07-28 21:00:00
278,18.0,2019-07-28 22:00:00
279,30.0,2019-07-28 23:00:00
280,24.0,2019-07-29 00:00:00
281,39.0,2019-07-29 01:00:00
282,28.0,2019-07-29 02:00:00
283,27.0,2019-07-29 03:00:00
284,14.0,2019-07-29 04:00:00
285,30.0,2019-07-29 05:00:00
286,22.0,2019-07-29 06:00:00
287,18.0,2019-07-29 07:00:00
288,17.0,2019-07-29 08:00:00
289,33.0,2019-07-29 09:00:00
290,14.0,2019-07-29 10:00:00
291,13.0,2019-07-29 11:00:00
292,17.0,2019-07-29 12:00:00
293,14.0,2019-07-29 13:00:00
294,19.0,2019-07-29 14:00:00
295,27.0,2019-07-29 15:00:00
296,53.0,2019-07-29 16:00:00
297,68.0,2019-07-29 17:00:00
298,80.0,2019-07-29 18:00:00
299,66.0,2019-07-29 19:00:00
300,48.0,2019-07-29 20:00:00
301,52.0,2019-07-29 21:00:00
302,72.0,2019-07-29 22:00:00
303,47.0,2019-07-29 23:00:00
304,38.0,2019-07-30 00:00:00
305,47.0,2019-07-30 01:00:00
306,44.0,2019-07-30 02:00:00
307,16.0,2019-07-30 03:00:00
308,19.0,2019-07-30 04:00:00
309,27.0,2019-07-30 05:00:00
310,29.0,2019-07-30 06:00:00
311,17.0,2019-07-30 07:00:00
312,16.0,2019-07-30 08:00:00
313,12.0,2019-07-30 09:00:00
314,16.0,2019-07-30 10:00:00
315,19.0,2019-07-30 11:00:00
316,19.0,2019-07-30 12:00:00
317,35.0,2019-07-30 13:00:00
318,28.0,2019-07-30 14:00:00
319,27.0,2019-07-30 15:00:00
320,27.0,2019-07-30 16:00:00
321,41.0,2019-07-30 17:00:00
322,24.0,2019-07-30 18:00:00
323,39.0,2019-07-30 19:00:00
324,56.0,2019-07-30 20:00:00
325,57.0,2019-07-30 21:00:00
326,30.0,2019-07-30 22:00:00
327,34.0,2019-07-30 23:00:00
328,25.0,2019-07-31 00:00:00
329,30.0,2019-07-31 01:00:00
330,34.0,2019-07-31 02:00:00
331,39.0,2019-07-31 03:00:00
332,47.0,2019-07-31 04:00:00
333,47.0,2019-07-31 05:00:00
334,33.0,2019-07-31 06:00:00
335,29.0,2019-07-31 07:00:00
336,30.0,2019-07-31 08:00:00
337,31.0,2019-07-31 09:00:00
338,31.0,2019-07-31 10:00:00
339,25.0,2019-07-31 11:00:00
340,31.0,2019-07-31 12:00:00
341,28.0,2019-07-31 13:00:00
342,27.0,2019-07-31 14:00:00
343,27.0,2019-07-31 15:00:00
344,30.0,2019-07-31 16:00:00
345,61.0,2019-07-31 17:00:00
1818,,2019-07-31 18:00:00
1819,,2019-07-31 19:00:00
346,96.0,2019-07-31 20:00:00
347,53.0,2019-07-31 21:00:00
348,27.0,2019-07-31 22:00:00
349,31.0,2019-07-31 23:00:00
350,33.0,2019-08-01 00:00:00
351,30.0,2019-08-01 01:00:00
352,44.0,2019-08-01 02:00:00
353,36.0,2019-08-01 03:00:00
354,22.0,2019-08-01 04:00:00
355,31.0,2019-08-01 05:00:00
356,33.0,2019-08-01 06:00:00
357,36.0,2019-08-01 07:00:00
358,25.0,2019-08-01 08:00:00
359,30.0,2019-08-01 09:00:00
360,30.0,2019-08-01 10:00:00
361,34.0,2019-08-01 11:00:00
1820,,2019-08-01 12:00:00
362,23.0,2019-08-01 13:00:00
363,46.0,2019-08-01 14:00:00
364,58.0,2019-08-01 15:00:00
365,24.0,2019-08-01 16:00:00
366,29.0,2019-08-01 17:00:00
367,20.0,2019-08-01 18:00:00
368,18.0,2019-08-01 19:00:00
369,31.0,2019-08-01 20:00:00
370,23.0,2019-08-01 21:00:00
371,29.0,2019-08-01 22:00:00
372,27.0,2019-08-01 23:00:00
373,29.0,2019-08-02 00:00:00
374,30.0,2019-08-02 01:00:00
375,35.0,2019-08-02 02:00:00
376,42.0,2019-08-02 03:00:00
377,38.0,2019-08-02 04:00:00
378,25.0,2019-08-02 05:00:00
379,50.0,2019-08-02 06:00:00
380,53.0,2019-08-02 07:00:00
381,12.0,2019-08-02 08:00:00
382,17.0,2019-08-02 09:00:00
383,17.0,2019-08-02 10:00:00
384,18.0,2019-08-02 11:00:00
385,18.0,2019-08-02 12:00:00
386,23.0,2019-08-02 13:00:00
387,25.0,2019-08-02 14:00:00
388,45.0,2019-08-02 15:00:00
389,42.0,2019-08-02 16:00:00
390,44.0,2019-08-02 17:00:00
391,45.0,2019-08-02 18:00:00
392,34.0,2019-08-02 19:00:00
393,68.0,2019-08-02 20:00:00
394,58.0,2019-08-02 21:00:00
395,50.0,2019-08-02 22:00:00
396,97.0,2019-08-02 23:00:00
397,58.0,2019-08-03 00:00:00
398,84.0,2019-08-03 01:00:00
399,66.0,2019-08-03 02:00:00
400,68.0,2019-08-03 03:00:00
401,56.0,2019-08-03 04:00:00
402,19.0,2019-08-03 05:00:00
403,31.0,2019-08-03 06:00:00
404,46.0,2019-08-03 07:00:00
405,28.0,2019-08-03 08:00:00
406,36.0,2019-08-03 09:00:00
407,19.0,2019-08-03 10:00:00
408,16.0,2019-08-03 11:00:00
409,40.0,2019-08-03 12:00:00
410,40.0,2019-08-03 13:00:00
411,34.0,2019-08-03 14:00:00
412,48.0,2019-08-03 15:00:00
413,48.0,2019-08-03 16:00:00
414,59.0,2019-08-03 17:00:00
415,47.0,2019-08-03 18:00:00
416,107.0,2019-08-03 19:00:00
417,81.0,2019-08-03 20:00:00
418,61.0,2019-08-03 21:00:00
419,48.0,2019-08-03 22:00:00
420,42.0,2019-08-03 23:00:00
421,45.0,2019-08-04 00:00:00
422,55.0,2019-08-04 01:00:00
423,75.0,2019-08-04 02:00:00
424,48.0,2019-08-04 03:00:00
425,52.0,2019-08-04 04:00:00
426,57.0,2019-08-04 05:00:00
427,48.0,2019-08-04 06:00:00
428,47.0,2019-08-04 07:00:00
429,56.0,2019-08-04 08:00:00
430,47.0,2019-08-04 09:00:00
431,56.0,2019-08-04 10:00:00
432,40.0,2019-08-04 11:00:00
433,41.0,2019-08-04 12:00:00
434,50.0,2019-08-04 13:00:00
435,48.0,2019-08-04 14:00:00
436,119.0,2019-08-04 15:00:00
437,75.0,2019-08-04 16:00:00
438,92.0,2019-08-04 17:00:00
439,105.0,2019-08-04 18:00:00
440,72.0,2019-08-04 19:00:00
441,51.0,2019-08-04 20:00:00
442,41.0,2019-08-04 21:00:00
443,51.0,2019-08-04 22:00:00
444,64.0,2019-08-04 23:00:00
445,64.0,2019-08-05 00:00:00
446,56.0,2019-08-05 01:00:00
447,80.0,2019-08-05 02:00:00
448,77.0,2019-08-05 03:00:00
449,72.0,2019-08-05 04:00:00
450,68.0,2019-08-05 05:00:00
451,70.0,2019-08-05 06:00:00
452,67.0,2019-08-05 07:00:00
453,66.0,2019-08-05 08:00:00
454,50.0,2019-08-05 09:00:00
455,40.0,2019-08-05 10:00:00
456,56.0,2019-08-05 11:00:00
457,62.0,2019-08-05 12:00:00
458,56.0,2019-08-05 13:00:00
459,56.0,2019-08-05 14:00:00
460,55.0,2019-08-05 15:00:00
461,59.0,2019-08-05 16:00:00
462,53.0,2019-08-05 17:00:00
463,39.0,2019-08-05 18:00:00
464,42.0,2019-08-05 19:00:00
465,42.0,2019-08-05 20:00:00
466,39.0,2019-08-05 21:00:00
467,48.0,2019-08-05 22:00:00
468,53.0,2019-08-05 23:00:00
469,57.0,2019-08-06 00:00:00
470,57.0,2019-08-06 01:00:00
471,69.0,2019-08-06 02:00:00
472,27.0,2019-08-06 03:00:00
473,25.0,2019-08-06 04:00:00
474,25.0,2019-08-06 05:00:00
475,17.0,2019-08-06 06:00:00
476,11.0,2019-08-06 07:00:00
477,22.0,2019-08-06 08:00:00
478,25.0,2019-08-06 09:00:00
479,29.0,2019-08-06 10:00:00
480,36.0,2019-08-06 11:00:00
481,18.0,2019-08-06 12:00:00
482,19.0,2019-08-06 13:00:00
483,39.0,2019-08-06 14:00:00
484,45.0,2019-08-06 15:00:00
485,34.0,2019-08-06 16:00:00
486,36.0,2019-08-06 17:00:00
487,30.0,2019-08-06 18:00:00
488,52.0,2019-08-06 19:00:00
489,30.0,2019-08-06 20:00:00
490,42.0,2019-08-06 21:00:00
491,33.0,2019-08-06 22:00:00
492,38.0,2019-08-06 23:00:00
493,41.0,2019-08-07 00:00:00
494,30.0,2019-08-07 01:00:00
495,44.0,2019-08-07 02:00:00
496,67.0,2019-08-07 03:00:00
497,70.0,2019-08-07 04:00:00
498,41.0,2019-08-07 05:00:00
499,45.0,2019-08-07 06:00:00
500,51.0,2019-08-07 07:00:00
501,31.0,2019-08-07 08:00:00
502,14.0,2019-08-07 09:00:00
503,9.0,2019-08-07 10:00:00
504,9.0,2019-08-07 11:00:00
505,12.0,2019-08-07 12:00:00
506,7.0,2019-08-07 13:00:00
507,13.0,2019-08-07 14:00:00
508,42.0,2019-08-07 15:00:00
509,28.0,2019-08-07 16:00:00
510,30.0,2019-08-07 17:00:00
511,44.0,2019-08-07 18:00:00
512,31.0,2019-08-07 19:00:00
513,36.0,2019-08-07 20:00:00
514,38.0,2019-08-07 21:00:00
515,38.0,2019-08-07 22:00:00
516,39.0,2019-08-07 23:00:00
517,62.0,2019-08-08 00:00:00
518,51.0,2019-08-08 01:00:00
519,66.0,2019-08-08 02:00:00
520,103.0,2019-08-08 03:00:00
521,72.0,2019-08-08 04:00:00
522,24.0,2019-08-08 05:00:00
523,33.0,2019-08-08 06:00:00
524,30.0,2019-08-08 07:00:00
525,14.0,2019-08-08 08:00:00
526,18.0,2019-08-08 09:00:00
527,13.0,2019-08-08 10:00:00
528,14.0,2019-08-08 11:00:00
529,18.0,2019-08-08 12:00:00
530,20.0,2019-08-08 13:00:00
531,17.0,2019-08-08 14:00:00
532,44.0,2019-08-08 15:00:00
533,89.0,2019-08-08 16:00:00
534,63.0,2019-08-08 17:00:00
535,72.0,2019-08-08 18:00:00
536,52.0,2019-08-08 19:00:00
537,19.0,2019-08-08 20:00:00
538,3.0,2019-08-08 21:00:00
539,6.0,2019-08-08 22:00:00
540,7.0,2019-08-08 23:00:00
541,6.0,2019-08-09 00:00:00
542,6.0,2019-08-09 01:00:00
543,11.0,2019-08-09 02:00:00
544,17.0,2019-08-09 03:00:00
545,3.0,2019-08-09 04:00:00
546,5.0,2019-08-09 05:00:00
547,6.0,2019-08-09 06:00:00
548,12.0,2019-08-09 07:00:00
549,7.0,2019-08-09 08:00:00
550,8.0,2019-08-09 09:00:00
551,6.0,2019-08-09 10:00:00
552,9.0,2019-08-09 11:00:00
553,7.0,2019-08-09 12:00:00
554,13.0,2019-08-09 13:00:00
555,12.0,2019-08-09 14:00:00
556,22.0,2019-08-09 15:00:00
557,18.0,2019-08-09 16:00:00
558,13.0,2019-08-09 17:00:00
559,11.0,2019-08-09 18:00:00
560,19.0,2019-08-09 19:00:00
561,11.0,2019-08-09 20:00:00
562,27.0,2019-08-09 21:00:00
563,25.0,2019-08-09 22:00:00
564,22.0,2019-08-09 23:00:00
565,23.0,2019-08-10 00:00:00
566,27.0,2019-08-10 01:00:00
567,19.0,2019-08-10 02:00:00
568,18.0,2019-08-10 03:00:00
569,16.0,2019-08-10 04:00:00
570,18.0,2019-08-10 05:00:00
571,22.0,2019-08-10 06:00:00
572,23.0,2019-08-10 07:00:00
573,17.0,2019-08-10 08:00:00
574,7.0,2019-08-10 09:00:00
575,9.0,2019-08-10 10:00:00
576,5.0,2019-08-10 11:00:00
577,1.0,2019-08-10 12:00:00
578,12.0,2019-08-10 13:00:00
579,11.0,2019-08-10 14:00:00
580,9.0,2019-08-10 15:00:00
581,22.0,2019-08-10 16:00:00
582,14.0,2019-08-10 17:00:00
583,18.0,2019-08-10 18:00:00
584,18.0,2019-08-10 19:00:00
585,23.0,2019-08-10 20:00:00
586,23.0,2019-08-10 21:00:00
587,57.0,2019-08-10 22:00:00
588,66.0,2019-08-10 23:00:00
589,84.0,2019-08-11 00:00:00
590,62.0,2019-08-11 01:00:00
1821,,2019-08-11 02:00:00
591,25.0,2019-08-11 03:00:00
592,24.0,2019-08-11 04:00:00
593,13.0,2019-08-11 05:00:00
594,19.0,2019-08-11 06:00:00
595,18.0,2019-08-11 07:00:00
596,24.0,2019-08-11 08:00:00
597,18.0,2019-08-11 09:00:00
598,17.0,2019-08-11 10:00:00
599,12.0,2019-08-11 11:00:00
600,19.0,2019-08-11 12:00:00
601,19.0,2019-08-11 13:00:00
602,27.0,2019-08-11 14:00:00
603,17.0,2019-08-11 15:00:00
604,42.0,2019-08-11 16:00:00
605,52.0,2019-08-11 17:00:00
606,22.0,2019-08-11 18:00:00
607,9.0,2019-08-11 19:00:00
608,12.0,2019-08-11 20:00:00
609,14.0,2019-08-11 21:00:00
610,12.0,2019-08-11 22:00:00
611,8.0,2019-08-11 23:00:00
612,6.0,2019-08-12 00:00:00
613,7.0,2019-08-12 01:00:00
614,13.0,2019-08-12 02:00:00
615,17.0,2019-08-12 03:00:00
616,20.0,2019-08-12 04:00:00
617,8.0,2019-08-12 05:00:00
618,29.0,2019-08-12 06:00:00
619,18.0,2019-08-12 07:00:00
620,18.0,2019-08-12 08:00:00
621,8.0,2019-08-12 09:00:00
1822,,2019-08-12 10:00:00
1823,,2019-08-12 11:00:00
1824,,2019-08-12 12:00:00
1825,,2019-08-12 13:00:00
622,29.0,2019-08-12 14:00:00
623,44.0,2019-08-12 15:00:00
624,14.0,2019-08-12 16:00:00
625,9.0,2019-08-12 17:00:00
626,13.0,2019-08-12 18:00:00
627,7.0,2019-08-12 19:00:00
628,6.0,2019-08-12 20:00:00
629,22.0,2019-08-12 21:00:00
630,70.0,2019-08-12 22:00:00
631,35.0,2019-08-12 23:00:00
632,18.0,2019-08-13 00:00:00
633,18.0,2019-08-13 01:00:00
634,23.0,2019-08-13 02:00:00
635,24.0,2019-08-13 03:00:00
636,20.0,2019-08-13 04:00:00
637,16.0,2019-08-13 05:00:00
638,16.0,2019-08-13 06:00:00
639,14.0,2019-08-13 07:00:00
640,16.0,2019-08-13 08:00:00
641,7.0,2019-08-13 09:00:00
642,8.0,2019-08-13 10:00:00
643,14.0,2019-08-13 11:00:00
644,23.0,2019-08-13 12:00:00
645,30.0,2019-08-13 13:00:00
646,25.0,2019-08-13 14:00:00
647,29.0,2019-08-13 15:00:00
648,24.0,2019-08-13 16:00:00
649,13.0,2019-08-13 17:00:00
650,27.0,2019-08-13 18:00:00
651,19.0,2019-08-13 19:00:00
652,16.0,2019-08-13 20:00:00
653,9.0,2019-08-13 21:00:00
654,5.0,2019-08-13 22:00:00
655,9.0,2019-08-13 23:00:00
656,18.0,2019-08-14 00:00:00
657,12.0,2019-08-14 01:00:00
658,83.0,2019-08-14 02:00:00
659,40.0,2019-08-14 03:00:00
660,12.0,2019-08-14 04:00:00
661,39.0,2019-08-14 05:00:00
662,57.0,2019-08-14 06:00:00
663,57.0,2019-08-14 07:00:00
664,59.0,2019-08-14 08:00:00
665,41.0,2019-08-14 09:00:00
666,13.0,2019-08-14 10:00:00
667,12.0,2019-08-14 11:00:00
668,31.0,2019-08-14 12:00:00
669,28.0,2019-08-14 13:00:00
670,45.0,2019-08-14 14:00:00
671,46.0,2019-08-14 15:00:00
672,66.0,2019-08-14 16:00:00
673,56.0,2019-08-14 17:00:00
674,63.0,2019-08-14 18:00:00
675,52.0,2019-08-14 19:00:00
676,50.0,2019-08-14 20:00:00
677,59.0,2019-08-14 21:00:00
678,66.0,2019-08-14 22:00:00
679,66.0,2019-08-14 23:00:00
680,52.0,2019-08-15 00:00:00
681,23.0,2019-08-15 01:00:00
682,8.0,2019-08-15 02:00:00
683,95.0,2019-08-15 03:00:00
684,34.0,2019-08-15 04:00:00
685,24.0,2019-08-15 05:00:00
686,11.0,2019-08-15 06:00:00
687,13.0,2019-08-15 07:00:00
688,24.0,2019-08-15 08:00:00
689,19.0,2019-08-15 09:00:00
690,17.0,2019-08-15 10:00:00
691,16.0,2019-08-15 11:00:00
692,8.0,2019-08-15 12:00:00
693,17.0,2019-08-15 13:00:00
694,24.0,2019-08-15 14:00:00
695,35.0,2019-08-15 15:00:00
696,20.0,2019-08-15 16:00:00
697,14.0,2019-08-15 17:00:00
698,13.0,2019-08-15 18:00:00
699,18.0,2019-08-15 19:00:00
700,11.0,2019-08-15 20:00:00
701,18.0,2019-08-15 21:00:00
702,16.0,2019-08-15 22:00:00
703,9.0,2019-08-15 23:00:00
704,11.0,2019-08-16 00:00:00
705,23.0,2019-08-16 01:00:00
706,17.0,2019-08-16 02:00:00
707,34.0,2019-08-16 03:00:00
708,27.0,2019-08-16 04:00:00
709,18.0,2019-08-16 05:00:00
710,13.0,2019-08-16 06:00:00
711,12.0,2019-08-16 07:00:00
712,9.0,2019-08-16 08:00:00
713,12.0,2019-08-16 09:00:00
714,19.0,2019-08-16 10:00:00
715,9.0,2019-08-16 11:00:00
716,7.0,2019-08-16 12:00:00
717,20.0,2019-08-16 13:00:00
718,16.0,2019-08-16 14:00:00
719,9.0,2019-08-16 15:00:00
720,22.0,2019-08-16 16:00:00
721,13.0,2019-08-16 17:00:00
722,14.0,2019-08-16 18:00:00
723,20.0,2019-08-16 19:00:00
724,19.0,2019-08-16 20:00:00
725,14.0,2019-08-16 21:00:00
726,2.0,2019-08-16 22:00:00
727,9.0,2019-08-16 23:00:00
728,9.0,2019-08-17 00:00:00
729,5.0,2019-08-17 01:00:00
730,8.0,2019-08-17 02:00:00
731,14.0,2019-08-17 03:00:00
732,7.0,2019-08-17 04:00:00
733,3.0,2019-08-17 05:00:00
734,2.0,2019-08-17 06:00:00
735,3.0,2019-08-17 07:00:00
736,7.0,2019-08-17 08:00:00
737,13.0,2019-08-17 09:00:00
738,9.0,2019-08-17 10:00:00
739,5.0,2019-08-17 11:00:00
740,1.0,2019-08-17 12:00:00
741,0.0,2019-08-17 13:00:00
742,1.0,2019-08-17 14:00:00
743,9.0,2019-08-17 15:00:00
744,9.0,2019-08-17 16:00:00
745,9.0,2019-08-17 17:00:00
746,16.0,2019-08-17 18:00:00
747,7.0,2019-08-17 19:00:00
748,6.0,2019-08-17 20:00:00
749,2.0,2019-08-17 21:00:00
750,5.0,2019-08-17 22:00:00
751,8.0,2019-08-17 23:00:00
752,9.0,2019-08-18 00:00:00
753,5.0,2019-08-18 01:00:00
754,3.0,2019-08-18 02:00:00
755,3.0,2019-08-18 03:00:00
756,2.0,2019-08-18 04:00:00
757,8.0,2019-08-18 05:00:00
758,6.0,2019-08-18 06:00:00
759,3.0,2019-08-18 07:00:00
760,5.0,2019-08-18 08:00:00
761,3.0,2019-08-18 09:00:00
762,5.0,2019-08-18 10:00:00
763,6.0,2019-08-18 11:00:00
764,8.0,2019-08-18 12:00:00
765,11.0,2019-08-18 13:00:00
766,150.0,2019-08-18 14:00:00
767,133.0,2019-08-18 15:00:00
768,51.0,2019-08-18 16:00:00
769,45.0,2019-08-18 17:00:00
770,41.0,2019-08-18 18:00:00
771,39.0,2019-08-18 19:00:00
772,59.0,2019-08-18 20:00:00
773,52.0,2019-08-18 21:00:00
774,48.0,2019-08-18 22:00:00
775,44.0,2019-08-18 23:00:00
776,44.0,2019-08-19 00:00:00
777,61.0,2019-08-19 01:00:00
778,67.0,2019-08-19 02:00:00
779,74.0,2019-08-19 03:00:00
780,89.0,2019-08-19 04:00:00
781,55.0,2019-08-19 05:00:00
782,25.0,2019-08-19 06:00:00
783,14.0,2019-08-19 07:00:00
784,18.0,2019-08-19 08:00:00
785,16.0,2019-08-19 09:00:00
786,12.0,2019-08-19 10:00:00
787,14.0,2019-08-19 11:00:00
788,9.0,2019-08-19 12:00:00
789,11.0,2019-08-19 13:00:00
790,34.0,2019-08-19 14:00:00
791,92.0,2019-08-19 15:00:00
792,114.0,2019-08-19 16:00:00
793,59.0,2019-08-19 17:00:00
794,57.0,2019-08-19 18:00:00
795,75.0,2019-08-19 19:00:00
796,64.0,2019-08-19 20:00:00
797,57.0,2019-08-19 21:00:00
798,58.0,2019-08-19 22:00:00
799,53.0,2019-08-19 23:00:00
800,52.0,2019-08-20 00:00:00
801,57.0,2019-08-20 01:00:00
802,84.0,2019-08-20 02:00:00
803,48.0,2019-08-20 03:00:00
804,59.0,2019-08-20 04:00:00
805,66.0,2019-08-20 05:00:00
806,33.0,2019-08-20 06:00:00
807,25.0,2019-08-20 07:00:00
808,18.0,2019-08-20 08:00:00
809,14.0,2019-08-20 09:00:00
810,13.0,2019-08-20 10:00:00
811,13.0,2019-08-20 11:00:00
812,16.0,2019-08-20 12:00:00
813,20.0,2019-08-20 13:00:00
814,24.0,2019-08-20 14:00:00
815,31.0,2019-08-20 15:00:00
816,55.0,2019-08-20 16:00:00
817,51.0,2019-08-20 17:00:00
818,51.0,2019-08-20 18:00:00
819,55.0,2019-08-20 19:00:00
820,75.0,2019-08-20 20:00:00
821,46.0,2019-08-20 21:00:00
822,62.0,2019-08-20 22:00:00
823,63.0,2019-08-20 23:00:00
824,61.0,2019-08-21 00:00:00
825,68.0,2019-08-21 01:00:00
826,138.0,2019-08-21 02:00:00
827,78.0,2019-08-21 03:00:00
828,41.0,2019-08-21 04:00:00
829,25.0,2019-08-21 05:00:00
830,27.0,2019-08-21 06:00:00
831,35.0,2019-08-21 07:00:00
832,33.0,2019-08-21 08:00:00
833,36.0,2019-08-21 09:00:00
834,35.0,2019-08-21 10:00:00
835,24.0,2019-08-21 11:00:00
836,23.0,2019-08-21 12:00:00
837,27.0,2019-08-21 13:00:00
838,47.0,2019-08-21 14:00:00
839,47.0,2019-08-21 15:00:00
840,66.0,2019-08-21 16:00:00
841,86.0,2019-08-21 17:00:00
842,80.0,2019-08-21 18:00:00
843,45.0,2019-08-21 19:00:00
844,34.0,2019-08-21 20:00:00
845,46.0,2019-08-21 21:00:00
846,59.0,2019-08-21 22:00:00
847,59.0,2019-08-21 23:00:00
848,28.0,2019-08-22 00:00:00
849,46.0,2019-08-22 01:00:00
850,99.0,2019-08-22 02:00:00
851,53.0,2019-08-22 03:00:00
852,31.0,2019-08-22 04:00:00
853,35.0,2019-08-22 05:00:00
854,36.0,2019-08-22 06:00:00
855,29.0,2019-08-22 07:00:00
856,17.0,2019-08-22 08:00:00
857,24.0,2019-08-22 09:00:00
858,19.0,2019-08-22 10:00:00
859,29.0,2019-08-22 11:00:00
860,34.0,2019-08-22 12:00:00
861,52.0,2019-08-22 13:00:00
862,84.0,2019-08-22 14:00:00
863,77.0,2019-08-22 15:00:00
864,83.0,2019-08-22 16:00:00
865,91.0,2019-08-22 17:00:00
866,70.0,2019-08-22 18:00:00
867,64.0,2019-08-22 19:00:00
868,69.0,2019-08-22 20:00:00
869,73.0,2019-08-22 21:00:00
870,73.0,2019-08-22 22:00:00
871,70.0,2019-08-22 23:00:00
872,57.0,2019-08-23 00:00:00
873,57.0,2019-08-23 01:00:00
874,73.0,2019-08-23 02:00:00
875,81.0,2019-08-23 03:00:00
876,34.0,2019-08-23 04:00:00
877,36.0,2019-08-23 05:00:00
878,33.0,2019-08-23 06:00:00
879,35.0,2019-08-23 07:00:00
880,30.0,2019-08-23 08:00:00
881,34.0,2019-08-23 09:00:00
882,25.0,2019-08-23 10:00:00
883,24.0,2019-08-23 11:00:00
884,25.0,2019-08-23 12:00:00
885,25.0,2019-08-23 13:00:00
886,31.0,2019-08-23 14:00:00
887,48.0,2019-08-23 15:00:00
888,123.0,2019-08-23 16:00:00
889,118.0,2019-08-23 17:00:00
890,74.0,2019-08-23 18:00:00
891,88.0,2019-08-23 19:00:00
892,84.0,2019-08-23 20:00:00
893,69.0,2019-08-23 21:00:00
894,64.0,2019-08-23 22:00:00
895,68.0,2019-08-23 23:00:00
896,72.0,2019-08-24 00:00:00
897,73.0,2019-08-24 01:00:00
898,83.0,2019-08-24 02:00:00
899,97.0,2019-08-24 03:00:00
900,110.0,2019-08-24 04:00:00
901,83.0,2019-08-24 05:00:00
902,66.0,2019-08-24 06:00:00
903,50.0,2019-08-24 07:00:00
904,38.0,2019-08-24 08:00:00
905,51.0,2019-08-24 09:00:00
906,51.0,2019-08-24 10:00:00
907,34.0,2019-08-24 11:00:00
908,20.0,2019-08-24 12:00:00
909,59.0,2019-08-24 13:00:00
910,44.0,2019-08-24 14:00:00
911,56.0,2019-08-24 15:00:00
912,64.0,2019-08-24 16:00:00
913,70.0,2019-08-24 17:00:00
914,72.0,2019-08-24 18:00:00
915,48.0,2019-08-24 19:00:00
916,33.0,2019-08-24 20:00:00
917,33.0,2019-08-24 21:00:00
918,27.0,2019-08-24 22:00:00
919,39.0,2019-08-24 23:00:00
920,42.0,2019-08-25 00:00:00
921,38.0,2019-08-25 01:00:00
922,42.0,2019-08-25 02:00:00
923,39.0,2019-08-25 03:00:00
924,39.0,2019-08-25 04:00:00
925,34.0,2019-08-25 05:00:00
926,34.0,2019-08-25 06:00:00
927,25.0,2019-08-25 07:00:00
928,33.0,2019-08-25 08:00:00
929,34.0,2019-08-25 09:00:00
930,33.0,2019-08-25 10:00:00
931,36.0,2019-08-25 11:00:00
932,14.0,2019-08-25 12:00:00
933,14.0,2019-08-25 13:00:00
934,16.0,2019-08-25 14:00:00
935,94.0,2019-08-25 15:00:00
936,42.0,2019-08-25 16:00:00
937,35.0,2019-08-25 17:00:00
938,35.0,2019-08-25 18:00:00
939,44.0,2019-08-25 19:00:00
940,58.0,2019-08-25 20:00:00
941,23.0,2019-08-25 21:00:00
942,19.0,2019-08-25 22:00:00
943,20.0,2019-08-25 23:00:00
944,18.0,2019-08-26 00:00:00
945,20.0,2019-08-26 01:00:00
1826,,2019-08-26 02:00:00
1827,,2019-08-26 03:00:00
1828,,2019-08-26 04:00:00
1829,,2019-08-26 05:00:00
1830,,2019-08-26 06:00:00
1831,,2019-08-26 07:00:00
1832,,2019-08-26 08:00:00
1833,,2019-08-26 09:00:00
1834,,2019-08-26 10:00:00
1835,,2019-08-26 11:00:00
1836,,2019-08-26 12:00:00
1837,,2019-08-26 13:00:00
1838,,2019-08-26 14:00:00
1839,,2019-08-26 15:00:00
1840,,2019-08-26 16:00:00
1841,,2019-08-26 17:00:00
1842,,2019-08-26 18:00:00
1843,,2019-08-26 19:00:00
1844,,2019-08-26 20:00:00
1845,,2019-08-26 21:00:00
1846,,2019-08-26 22:00:00
1847,,2019-08-26 23:00:00
1848,,2019-08-27 00:00:00
1849,,2019-08-27 01:00:00
946,121.0,2019-08-27 02:00:00
947,185.0,2019-08-27 03:00:00
948,122.0,2019-08-27 04:00:00
949,56.0,2019-08-27 05:00:00
950,38.0,2019-08-27 06:00:00
951,45.0,2019-08-27 07:00:00
952,96.0,2019-08-27 08:00:00
953,41.0,2019-08-27 09:00:00
954,17.0,2019-08-27 10:00:00
955,20.0,2019-08-27 11:00:00
956,17.0,2019-08-27 12:00:00
957,38.0,2019-08-27 13:00:00
958,38.0,2019-08-27 14:00:00
959,48.0,2019-08-27 15:00:00
960,298.0,2019-08-27 16:00:00
961,99.0,2019-08-27 17:00:00
962,68.0,2019-08-27 18:00:00
963,81.0,2019-08-27 19:00:00
964,81.0,2019-08-27 20:00:00
965,81.0,2019-08-27 21:00:00
966,72.0,2019-08-27 22:00:00
967,79.0,2019-08-27 23:00:00
968,81.0,2019-08-28 00:00:00
969,94.0,2019-08-28 01:00:00
970,118.0,2019-08-28 02:00:00
971,152.0,2019-08-28 03:00:00
972,59.0,2019-08-28 04:00:00
973,24.0,2019-08-28 05:00:00
974,24.0,2019-08-28 06:00:00
975,30.0,2019-08-28 07:00:00
976,36.0,2019-08-28 08:00:00
977,42.0,2019-08-28 09:00:00
978,22.0,2019-08-28 10:00:00
979,17.0,2019-08-28 11:00:00
980,16.0,2019-08-28 12:00:00
981,22.0,2019-08-28 13:00:00
982,59.0,2019-08-28 14:00:00
983,30.0,2019-08-28 15:00:00
984,34.0,2019-08-28 16:00:00
985,160.0,2019-08-28 17:00:00
986,38.0,2019-08-28 18:00:00
987,48.0,2019-08-28 19:00:00
988,48.0,2019-08-28 20:00:00
989,51.0,2019-08-28 21:00:00
990,27.0,2019-08-28 22:00:00
991,34.0,2019-08-28 23:00:00
992,27.0,2019-08-29 00:00:00
993,28.0,2019-08-29 01:00:00
994,124.0,2019-08-29 02:00:00
995,45.0,2019-08-29 03:00:00
996,35.0,2019-08-29 04:00:00
997,19.0,2019-08-29 05:00:00
998,25.0,2019-08-29 06:00:00
999,19.0,2019-08-29 07:00:00
1000,24.0,2019-08-29 08:00:00
1001,29.0,2019-08-29 09:00:00
1002,28.0,2019-08-29 10:00:00
1003,30.0,2019-08-29 11:00:00
1004,30.0,2019-08-29 12:00:00
1005,23.0,2019-08-29 13:00:00
1006,112.0,2019-08-29 14:00:00
1007,25.0,2019-08-29 15:00:00
1008,33.0,2019-08-29 16:00:00
1009,27.0,2019-08-29 17:00:00
1010,28.0,2019-08-29 18:00:00
1011,18.0,2019-08-29 19:00:00
1012,22.0,2019-08-29 20:00:00
1013,22.0,2019-08-29 21:00:00
1014,40.0,2019-08-29 22:00:00
1015,56.0,2019-08-29 23:00:00
1016,44.0,2019-08-30 00:00:00
1017,68.0,2019-08-30 01:00:00
1018,96.0,2019-08-30 02:00:00
1019,218.0,2019-08-30 03:00:00
1850,,2019-08-30 04:00:00
1851,,2019-08-30 05:00:00
1020,67.0,2019-08-30 06:00:00
1021,64.0,2019-08-30 07:00:00
1022,,2019-08-30 08:00:00
1023,72.0,2019-08-30 09:00:00
1024,52.0,2019-08-30 10:00:00
1025,59.0,2019-08-30 11:00:00
1026,63.0,2019-08-30 12:00:00
1027,63.0,2019-08-30 13:00:00
1028,62.0,2019-08-30 14:00:00
1029,108.0,2019-08-30 15:00:00
1030,106.0,2019-08-30 16:00:00
1031,119.0,2019-08-30 17:00:00
1032,94.0,2019-08-30 18:00:00
1033,90.0,2019-08-30 19:00:00
1034,80.0,2019-08-30 20:00:00
1035,72.0,2019-08-30 21:00:00
1036,74.0,2019-08-30 22:00:00
1037,84.0,2019-08-30 23:00:00
1038,80.0,2019-08-31 00:00:00
1039,81.0,2019-08-31 01:00:00
1040,95.0,2019-08-31 02:00:00
1041,55.0,2019-08-31 03:00:00
1042,48.0,2019-08-31 04:00:00
1043,46.0,2019-08-31 05:00:00
1044,39.0,2019-08-31 06:00:00
1045,44.0,2019-08-31 07:00:00
1046,44.0,2019-08-31 08:00:00
1047,42.0,2019-08-31 09:00:00
1048,36.0,2019-08-31 10:00:00
1049,51.0,2019-08-31 11:00:00
1050,57.0,2019-08-31 12:00:00
1051,74.0,2019-08-31 13:00:00
1052,122.0,2019-08-31 14:00:00
1053,103.0,2019-08-31 15:00:00
1054,90.0,2019-08-31 16:00:00
1055,130.0,2019-08-31 17:00:00
1056,143.0,2019-08-31 18:00:00
1057,150.0,2019-08-31 19:00:00
1058,197.0,2019-08-31 20:00:00
1059,86.0,2019-08-31 21:00:00
1060,45.0,2019-08-31 22:00:00
1061,38.0,2019-08-31 23:00:00
1062,39.0,2019-09-01 00:00:00
1063,36.0,2019-09-01 01:00:00
1064,30.0,2019-09-01 02:00:00
1065,22.0,2019-09-01 03:00:00
1066,20.0,2019-09-01 04:00:00
1067,18.0,2019-09-01 05:00:00
1068,28.0,2019-09-01 06:00:00
1069,20.0,2019-09-01 07:00:00
1070,19.0,2019-09-01 08:00:00
1071,14.0,2019-09-01 09:00:00
1072,16.0,2019-09-01 10:00:00
1073,27.0,2019-09-01 11:00:00
1074,13.0,2019-09-01 12:00:00
1075,17.0,2019-09-01 13:00:00
1076,27.0,2019-09-01 14:00:00
1077,343.0,2019-09-01 15:00:00
1078,40.0,2019-09-01 16:00:00
1079,33.0,2019-09-01 17:00:00
1080,28.0,2019-09-01 18:00:00
1081,25.0,2019-09-01 19:00:00
1082,42.0,2019-09-01 20:00:00
1083,24.0,2019-09-01 21:00:00
1084,30.0,2019-09-01 22:00:00
1085,68.0,2019-09-01 23:00:00
1086,29.0,2019-09-02 00:00:00
1087,22.0,2019-09-02 01:00:00
1088,40.0,2019-09-02 02:00:00
1089,95.0,2019-09-02 03:00:00
1090,50.0,2019-09-02 04:00:00
1091,50.0,2019-09-02 05:00:00
1092,46.0,2019-09-02 06:00:00
1093,53.0,2019-09-02 07:00:00
1094,57.0,2019-09-02 08:00:00
1095,50.0,2019-09-02 09:00:00
1096,33.0,2019-09-02 10:00:00
1097,28.0,2019-09-02 11:00:00
1098,34.0,2019-09-02 12:00:00
1099,36.0,2019-09-02 13:00:00
1100,41.0,2019-09-02 14:00:00
1101,92.0,2019-09-02 15:00:00
1102,91.0,2019-09-02 16:00:00
1103,75.0,2019-09-02 17:00:00
1104,70.0,2019-09-02 18:00:00
1105,70.0,2019-09-02 19:00:00
1106,74.0,2019-09-02 20:00:00
1107,74.0,2019-09-02 21:00:00
1108,64.0,2019-09-02 22:00:00
1109,72.0,2019-09-02 23:00:00
1110,70.0,2019-09-03 00:00:00
1111,77.0,2019-09-03 01:00:00
1112,99.0,2019-09-03 02:00:00
1113,160.0,2019-09-03 03:00:00
1114,91.0,2019-09-03 04:00:00
1115,56.0,2019-09-03 05:00:00
1116,57.0,2019-09-03 06:00:00
1117,66.0,2019-09-03 07:00:00
1118,64.0,2019-09-03 08:00:00
1119,66.0,2019-09-03 09:00:00
1120,66.0,2019-09-03 10:00:00
1121,66.0,2019-09-03 11:00:00
1122,66.0,2019-09-03 12:00:00
1123,77.0,2019-09-03 13:00:00
1124,155.0,2019-09-03 14:00:00
1125,215.0,2019-09-03 15:00:00
1126,122.0,2019-09-03 16:00:00
1127,102.0,2019-09-03 17:00:00
1128,84.0,2019-09-03 18:00:00
1129,83.0,2019-09-03 19:00:00
1130,88.0,2019-09-03 20:00:00
1131,80.0,2019-09-03 21:00:00
1132,77.0,2019-09-03 22:00:00
1133,96.0,2019-09-03 23:00:00
1134,99.0,2019-09-04 00:00:00
1135,111.0,2019-09-04 01:00:00
1136,125.0,2019-09-04 02:00:00
1137,88.0,2019-09-04 03:00:00
1138,80.0,2019-09-04 04:00:00
1139,89.0,2019-09-04 05:00:00
1140,97.0,2019-09-04 06:00:00
1141,101.0,2019-09-04 07:00:00
1142,81.0,2019-09-04 08:00:00
1143,69.0,2019-09-04 09:00:00
1144,64.0,2019-09-04 10:00:00
1145,52.0,2019-09-04 11:00:00
1146,42.0,2019-09-04 12:00:00
1147,48.0,2019-09-04 13:00:00
1148,75.0,2019-09-04 14:00:00
1149,134.0,2019-09-04 15:00:00
1150,70.0,2019-09-04 16:00:00
1151,53.0,2019-09-04 17:00:00
1152,42.0,2019-09-04 18:00:00
1153,33.0,2019-09-04 19:00:00
1154,31.0,2019-09-04 20:00:00
1155,30.0,2019-09-04 21:00:00
1156,34.0,2019-09-04 22:00:00
1157,33.0,2019-09-04 23:00:00
1158,28.0,2019-09-05 00:00:00
1159,27.0,2019-09-05 01:00:00
1160,119.0,2019-09-05 02:00:00
1161,62.0,2019-09-05 03:00:00
1162,45.0,2019-09-05 04:00:00
1163,28.0,2019-09-05 05:00:00
1164,57.0,2019-09-05 06:00:00
1165,46.0,2019-09-05 07:00:00
1166,20.0,2019-09-05 08:00:00
1167,18.0,2019-09-05 09:00:00
1168,34.0,2019-09-05 10:00:00
1169,28.0,2019-09-05 11:00:00
1170,45.0,2019-09-05 12:00:00
1171,25.0,2019-09-05 13:00:00
1172,59.0,2019-09-05 14:00:00
1173,58.0,2019-09-05 15:00:00
1174,64.0,2019-09-05 16:00:00
1175,31.0,2019-09-05 17:00:00
1176,31.0,2019-09-05 18:00:00
1177,30.0,2019-09-05 19:00:00
1178,24.0,2019-09-05 20:00:00
1179,24.0,2019-09-05 21:00:00
1180,55.0,2019-09-05 22:00:00
1181,55.0,2019-09-05 23:00:00
1182,64.0,2019-09-06 00:00:00
1183,64.0,2019-09-06 01:00:00
1184,102.0,2019-09-06 02:00:00
1185,94.0,2019-09-06 03:00:00
1186,74.0,2019-09-06 04:00:00
1187,39.0,2019-09-06 05:00:00
1188,27.0,2019-09-06 06:00:00
1852,,2019-09-06 07:00:00
1853,,2019-09-06 08:00:00
1854,,2019-09-06 09:00:00
1189,,2019-09-06 10:00:00
1190,,2019-09-06 11:00:00
1191,29.0,2019-09-06 12:00:00
1192,22.0,2019-09-06 13:00:00
1193,29.0,2019-09-06 14:00:00
1855,,2019-09-06 15:00:00
1856,,2019-09-06 16:00:00
1857,,2019-09-06 17:00:00
1858,,2019-09-06 18:00:00
1859,,2019-09-06 19:00:00
1860,,2019-09-06 20:00:00
1861,,2019-09-06 21:00:00
1862,,2019-09-06 22:00:00
1863,,2019-09-06 23:00:00
1864,,2019-09-07 00:00:00
1194,63.0,2019-09-07 01:00:00
1195,129.0,2019-09-07 02:00:00
1196,90.0,2019-09-07 03:00:00
1197,63.0,2019-09-07 04:00:00
1198,47.0,2019-09-07 05:00:00
1199,40.0,2019-09-07 06:00:00
1200,36.0,2019-09-07 07:00:00
1201,39.0,2019-09-07 08:00:00
1202,40.0,2019-09-07 09:00:00
1203,31.0,2019-09-07 10:00:00
1204,40.0,2019-09-07 11:00:00
1205,33.0,2019-09-07 12:00:00
1206,45.0,2019-09-07 13:00:00
1207,59.0,2019-09-07 14:00:00
1208,45.0,2019-09-07 15:00:00
1209,41.0,2019-09-07 16:00:00
1210,29.0,2019-09-07 17:00:00
1211,35.0,2019-09-07 18:00:00
1212,51.0,2019-09-07 19:00:00
1213,20.0,2019-09-07 20:00:00
1214,20.0,2019-09-07 21:00:00
1215,24.0,2019-09-07 22:00:00
1216,46.0,2019-09-07 23:00:00
1217,52.0,2019-09-08 00:00:00
1218,42.0,2019-09-08 01:00:00
1219,51.0,2019-09-08 02:00:00
1220,90.0,2019-09-08 03:00:00
1221,94.0,2019-09-08 04:00:00
1222,47.0,2019-09-08 05:00:00
1223,36.0,2019-09-08 06:00:00
1224,27.0,2019-09-08 07:00:00
1225,27.0,2019-09-08 08:00:00
1226,29.0,2019-09-08 09:00:00
1227,29.0,2019-09-08 10:00:00
1228,28.0,2019-09-08 11:00:00
1229,25.0,2019-09-08 12:00:00
1230,31.0,2019-09-08 13:00:00
1231,27.0,2019-09-08 14:00:00
1232,48.0,2019-09-08 15:00:00
1233,62.0,2019-09-08 16:00:00
1234,62.0,2019-09-08 17:00:00
1235,77.0,2019-09-08 18:00:00
1236,64.0,2019-09-08 19:00:00
1237,56.0,2019-09-08 20:00:00
1238,61.0,2019-09-08 21:00:00
1239,53.0,2019-09-08 22:00:00
1240,70.0,2019-09-08 23:00:00
1241,78.0,2019-09-09 00:00:00
1242,79.0,2019-09-09 01:00:00
1243,90.0,2019-09-09 02:00:00
1244,146.0,2019-09-09 03:00:00
1245,88.0,2019-09-09 04:00:00
1246,52.0,2019-09-09 05:00:00
1247,61.0,2019-09-09 06:00:00
1248,50.0,2019-09-09 07:00:00
1249,50.0,2019-09-09 08:00:00
1250,50.0,2019-09-09 09:00:00
1251,40.0,2019-09-09 10:00:00
1252,45.0,2019-09-09 11:00:00
1253,42.0,2019-09-09 12:00:00
1254,39.0,2019-09-09 13:00:00
1255,41.0,2019-09-09 14:00:00
1256,66.0,2019-09-09 15:00:00
1257,64.0,2019-09-09 16:00:00
1258,83.0,2019-09-09 17:00:00
1259,58.0,2019-09-09 18:00:00
1260,66.0,2019-09-09 19:00:00
1261,88.0,2019-09-09 20:00:00
1262,88.0,2019-09-09 21:00:00
1263,64.0,2019-09-09 22:00:00
1264,80.0,2019-09-09 23:00:00
1265,63.0,2019-09-10 00:00:00
1266,101.0,2019-09-10 01:00:00
1267,101.0,2019-09-10 02:00:00
1268,153.0,2019-09-10 03:00:00
1269,77.0,2019-09-10 04:00:00
1270,55.0,2019-09-10 05:00:00
1271,44.0,2019-09-10 06:00:00
1272,44.0,2019-09-10 07:00:00
1273,41.0,2019-09-10 08:00:00
1274,50.0,2019-09-10 09:00:00
1275,51.0,2019-09-10 10:00:00
1276,51.0,2019-09-10 11:00:00
1277,48.0,2019-09-10 12:00:00
1278,61.0,2019-09-10 13:00:00
1279,91.0,2019-09-10 14:00:00
1280,85.0,2019-09-10 15:00:00
1281,88.0,2019-09-10 16:00:00
1282,99.0,2019-09-10 17:00:00
1283,91.0,2019-09-10 18:00:00
1284,77.0,2019-09-10 19:00:00
1285,83.0,2019-09-10 20:00:00
1286,85.0,2019-09-10 21:00:00
1287,94.0,2019-09-10 22:00:00
1288,86.0,2019-09-10 23:00:00
1289,80.0,2019-09-11 00:00:00
1290,83.0,2019-09-11 01:00:00
1291,88.0,2019-09-11 02:00:00
1292,84.0,2019-09-11 03:00:00
1293,63.0,2019-09-11 04:00:00
1294,69.0,2019-09-11 05:00:00
1295,61.0,2019-09-11 06:00:00
1296,64.0,2019-09-11 07:00:00
1297,63.0,2019-09-11 08:00:00
1298,59.0,2019-09-11 09:00:00
1299,68.0,2019-09-11 10:00:00
1300,73.0,2019-09-11 11:00:00
1301,74.0,2019-09-11 12:00:00
1865,,2019-09-11 13:00:00
1866,,2019-09-11 14:00:00
1867,,2019-09-11 15:00:00
1868,,2019-09-11 16:00:00
1869,,2019-09-11 17:00:00
1302,116.0,2019-09-11 18:00:00
1303,116.0,2019-09-11 19:00:00
1304,92.0,2019-09-11 20:00:00
1305,59.0,2019-09-11 21:00:00
1306,64.0,2019-09-11 22:00:00
1307,69.0,2019-09-11 23:00:00
1308,67.0,2019-09-12 00:00:00
1309,58.0,2019-09-12 01:00:00
1310,53.0,2019-09-12 02:00:00
1311,63.0,2019-09-12 03:00:00
1870,,2019-09-12 04:00:00
1312,50.0,2019-09-12 05:00:00
1313,58.0,2019-09-12 06:00:00
1314,58.0,2019-09-12 07:00:00
1315,63.0,2019-09-12 08:00:00
1316,62.0,2019-09-12 09:00:00
1317,58.0,2019-09-12 10:00:00
1318,46.0,2019-09-12 11:00:00
1319,45.0,2019-09-12 12:00:00
1320,40.0,2019-09-12 13:00:00
1321,70.0,2019-09-12 14:00:00
1322,59.0,2019-09-12 15:00:00
1323,46.0,2019-09-12 16:00:00
1324,46.0,2019-09-12 17:00:00
1325,45.0,2019-09-12 18:00:00
1326,40.0,2019-09-12 19:00:00
1327,,2019-09-12 20:00:00
1328,,2019-09-12 21:00:00
1329,,2019-09-12 22:00:00
1330,,2019-09-12 23:00:00
1331,30.0,2019-09-13 00:00:00
1332,45.0,2019-09-13 01:00:00
1333,105.0,2019-09-13 02:00:00
1334,72.0,2019-09-13 03:00:00
1335,,2019-09-13 04:00:00
1336,,2019-09-13 05:00:00
1337,33.0,2019-09-13 06:00:00
1338,33.0,2019-09-13 07:00:00
1339,28.0,2019-09-13 08:00:00
1340,24.0,2019-09-13 09:00:00
1341,28.0,2019-09-13 10:00:00
1342,30.0,2019-09-13 11:00:00
1343,30.0,2019-09-13 12:00:00
1344,27.0,2019-09-13 13:00:00
1345,24.0,2019-09-13 14:00:00
1346,33.0,2019-09-13 15:00:00
1347,33.0,2019-09-13 16:00:00
1348,31.0,2019-09-13 17:00:00
1349,19.0,2019-09-13 18:00:00
1350,19.0,2019-09-13 19:00:00
1351,17.0,2019-09-13 20:00:00
1352,16.0,2019-09-13 21:00:00
1353,19.0,2019-09-13 22:00:00
1354,23.0,2019-09-13 23:00:00
1355,17.0,2019-09-14 00:00:00
1356,28.0,2019-09-14 01:00:00
1357,39.0,2019-09-14 02:00:00
1358,33.0,2019-09-14 03:00:00
1359,44.0,2019-09-14 04:00:00
1360,40.0,2019-09-14 05:00:00
1361,52.0,2019-09-14 06:00:00
1362,57.0,2019-09-14 07:00:00
1363,38.0,2019-09-14 08:00:00
1364,28.0,2019-09-14 09:00:00
1365,24.0,2019-09-14 10:00:00
1366,23.0,2019-09-14 11:00:00
1367,22.0,2019-09-14 12:00:00
1368,23.0,2019-09-14 13:00:00
1369,23.0,2019-09-14 14:00:00
1370,41.0,2019-09-14 15:00:00
1371,53.0,2019-09-14 16:00:00
1372,40.0,2019-09-14 17:00:00
1373,38.0,2019-09-14 18:00:00
1374,39.0,2019-09-14 19:00:00
1375,30.0,2019-09-14 20:00:00
1376,34.0,2019-09-14 21:00:00
1377,34.0,2019-09-14 22:00:00
1378,18.0,2019-09-14 23:00:00
1379,29.0,2019-09-15 00:00:00
1380,34.0,2019-09-15 01:00:00
1381,36.0,2019-09-15 02:00:00
1382,72.0,2019-09-15 03:00:00
1383,55.0,2019-09-15 04:00:00
1384,52.0,2019-09-15 05:00:00
1385,29.0,2019-09-15 06:00:00
1386,36.0,2019-09-15 07:00:00
1387,34.0,2019-09-15 08:00:00
1388,51.0,2019-09-15 09:00:00
1389,38.0,2019-09-15 10:00:00
1390,30.0,2019-09-15 11:00:00
1391,29.0,2019-09-15 12:00:00
1392,31.0,2019-09-15 13:00:00
1393,29.0,2019-09-15 14:00:00
1394,42.0,2019-09-15 15:00:00
1395,42.0,2019-09-15 16:00:00
1396,48.0,2019-09-15 17:00:00
1397,51.0,2019-09-15 18:00:00
1398,42.0,2019-09-15 19:00:00
1399,44.0,2019-09-15 20:00:00
1400,44.0,2019-09-15 21:00:00
1401,62.0,2019-09-15 22:00:00
1402,81.0,2019-09-15 23:00:00
1403,77.0,2019-09-16 00:00:00
1404,83.0,2019-09-16 01:00:00
1405,244.0,2019-09-16 02:00:00
1406,205.0,2019-09-16 03:00:00
1407,80.0,2019-09-16 04:00:00
1408,63.0,2019-09-16 05:00:00
1409,53.0,2019-09-16 06:00:00
1410,50.0,2019-09-16 07:00:00
1871,,2019-09-16 08:00:00
1411,53.0,2019-09-16 09:00:00
1412,45.0,2019-09-16 10:00:00
1413,46.0,2019-09-16 11:00:00
1414,51.0,2019-09-16 12:00:00
1415,62.0,2019-09-16 13:00:00
1416,70.0,2019-09-16 14:00:00
1417,88.0,2019-09-16 15:00:00
1418,129.0,2019-09-16 16:00:00
1419,90.0,2019-09-16 17:00:00
1420,79.0,2019-09-16 18:00:00
1421,80.0,2019-09-16 19:00:00
1422,88.0,2019-09-16 20:00:00
1423,103.0,2019-09-16 21:00:00
1424,92.0,2019-09-16 22:00:00
1425,74.0,2019-09-16 23:00:00
1426,67.0,2019-09-17 00:00:00
1427,62.0,2019-09-17 01:00:00
1428,75.0,2019-09-17 02:00:00
1429,64.0,2019-09-17 03:00:00
1430,44.0,2019-09-17 04:00:00
1431,36.0,2019-09-17 05:00:00
1432,33.0,2019-09-17 06:00:00
1433,40.0,2019-09-17 07:00:00
1434,46.0,2019-09-17 08:00:00
1435,47.0,2019-09-17 09:00:00
1436,50.0,2019-09-17 10:00:00
1437,45.0,2019-09-17 11:00:00
1438,63.0,2019-09-17 12:00:00
1439,42.0,2019-09-17 13:00:00
1440,52.0,2019-09-17 14:00:00
1441,80.0,2019-09-17 15:00:00
1442,78.0,2019-09-17 16:00:00
1443,83.0,2019-09-17 17:00:00
1444,61.0,2019-09-17 18:00:00
1445,42.0,2019-09-17 19:00:00
1446,39.0,2019-09-17 20:00:00
1447,31.0,2019-09-17 21:00:00
1448,36.0,2019-09-17 22:00:00
1449,34.0,2019-09-17 23:00:00
1450,38.0,2019-09-18 00:00:00
1451,45.0,2019-09-18 01:00:00
1452,42.0,2019-09-18 02:00:00
1453,31.0,2019-09-18 03:00:00
1454,22.0,2019-09-18 04:00:00
1455,31.0,2019-09-18 05:00:00
1456,34.0,2019-09-18 06:00:00
1457,34.0,2019-09-18 07:00:00
1458,35.0,2019-09-18 08:00:00
1459,38.0,2019-09-18 09:00:00
1460,36.0,2019-09-18 10:00:00
1461,42.0,2019-09-18 11:00:00
1462,33.0,2019-09-18 12:00:00
1463,41.0,2019-09-18 13:00:00
1464,47.0,2019-09-18 14:00:00
1465,42.0,2019-09-18 15:00:00
1466,36.0,2019-09-18 16:00:00
1467,29.0,2019-09-18 17:00:00
1468,29.0,2019-09-18 18:00:00
1469,30.0,2019-09-18 19:00:00
1470,17.0,2019-09-18 20:00:00
1471,8.0,2019-09-18 21:00:00
1472,8.0,2019-09-18 22:00:00
1473,8.0,2019-09-18 23:00:00
1474,14.0,2019-09-19 00:00:00
1475,17.0,2019-09-19 01:00:00
1476,23.0,2019-09-19 02:00:00
1477,36.0,2019-09-19 03:00:00
1478,33.0,2019-09-19 04:00:00
1872,,2019-09-19 05:00:00
1479,29.0,2019-09-19 06:00:00
1480,29.0,2019-09-19 07:00:00
1481,40.0,2019-09-19 08:00:00
1482,22.0,2019-09-19 09:00:00
1873,,2019-09-19 10:00:00
1483,23.0,2019-09-19 11:00:00
1484,,2019-09-19 12:00:00
1485,40.0,2019-09-19 13:00:00
1486,38.0,2019-09-19 14:00:00
1487,56.0,2019-09-19 15:00:00
1488,48.0,2019-09-19 16:00:00
1489,30.0,2019-09-19 17:00:00
1490,24.0,2019-09-19 18:00:00
1491,34.0,2019-09-19 19:00:00
1492,34.0,2019-09-19 20:00:00
1493,47.0,2019-09-19 21:00:00
1494,84.0,2019-09-19 22:00:00
1495,84.0,2019-09-19 23:00:00
1496,94.0,2019-09-20 00:00:00
1497,226.0,2019-09-20 01:00:00
1498,226.0,2019-09-20 02:00:00
1499,58.0,2019-09-20 03:00:00
1500,67.0,2019-09-20 04:00:00
1501,59.0,2019-09-20 05:00:00
1502,38.0,2019-09-20 06:00:00
1503,24.0,2019-09-20 07:00:00
1504,20.0,2019-09-20 08:00:00
1505,33.0,2019-09-20 09:00:00
1506,30.0,2019-09-20 10:00:00
1507,39.0,2019-09-20 11:00:00
1508,42.0,2019-09-20 12:00:00
1509,74.0,2019-09-20 13:00:00
1510,86.0,2019-09-20 14:00:00
1511,61.0,2019-09-20 15:00:00
1512,66.0,2019-09-20 16:00:00
1513,59.0,2019-09-20 17:00:00
1514,50.0,2019-09-20 18:00:00
1515,52.0,2019-09-20 19:00:00
1516,38.0,2019-09-20 20:00:00
1517,29.0,2019-09-20 21:00:00
1518,29.0,2019-09-20 22:00:00
1519,33.0,2019-09-20 23:00:00
1520,35.0,2019-09-21 00:00:00
1521,75.0,2019-09-21 01:00:00
1522,47.0,2019-09-21 02:00:00
1523,40.0,2019-09-21 03:00:00
1524,39.0,2019-09-21 04:00:00
1525,44.0,2019-09-21 05:00:00
1526,38.0,2019-09-21 06:00:00
1527,84.0,2019-09-21 07:00:00
1528,78.0,2019-09-21 08:00:00
1529,63.0,2019-09-21 09:00:00
1530,59.0,2019-09-21 10:00:00
1531,48.0,2019-09-21 11:00:00
1874,,2019-09-21 12:00:00
1875,,2019-09-21 13:00:00
1876,,2019-09-21 14:00:00
1877,,2019-09-21 15:00:00
1878,,2019-09-21 16:00:00
1879,,2019-09-21 17:00:00
1880,,2019-09-21 18:00:00
1881,,2019-09-21 19:00:00
1882,,2019-09-21 20:00:00
1883,,2019-09-21 21:00:00
1884,,2019-09-21 22:00:00
1885,,2019-09-21 23:00:00
1532,28.0,2019-09-22 00:00:00
1533,48.0,2019-09-22 01:00:00
1534,73.0,2019-09-22 02:00:00
1535,79.0,2019-09-22 03:00:00
1536,45.0,2019-09-22 04:00:00
1537,36.0,2019-09-22 05:00:00
1538,19.0,2019-09-22 06:00:00
1539,22.0,2019-09-22 07:00:00
1540,18.0,2019-09-22 08:00:00
1541,20.0,2019-09-22 09:00:00
1542,14.0,2019-09-22 10:00:00
1543,29.0,2019-09-22 11:00:00
1544,23.0,2019-09-22 12:00:00
1545,35.0,2019-09-22 13:00:00
1546,47.0,2019-09-22 14:00:00
1547,41.0,2019-09-22 15:00:00
1548,33.0,2019-09-22 16:00:00
1549,30.0,2019-09-22 17:00:00
1550,29.0,2019-09-22 18:00:00
1551,38.0,2019-09-22 19:00:00
1552,66.0,2019-09-22 20:00:00
1553,31.0,2019-09-22 21:00:00
1554,18.0,2019-09-22 22:00:00
1555,18.0,2019-09-22 23:00:00
1556,23.0,2019-09-23 00:00:00
1557,81.0,2019-09-23 01:00:00
1558,90.0,2019-09-23 02:00:00
1559,78.0,2019-09-23 03:00:00
1560,53.0,2019-09-23 04:00:00
1561,61.0,2019-09-23 05:00:00
1562,58.0,2019-09-23 06:00:00
1563,62.0,2019-09-23 07:00:00
1564,55.0,2019-09-23 08:00:00
1565,46.0,2019-09-23 09:00:00
1566,47.0,2019-09-23 10:00:00
1567,41.0,2019-09-23 11:00:00
1568,40.0,2019-09-23 12:00:00
1569,95.0,2019-09-23 13:00:00
1570,74.0,2019-09-23 14:00:00
1571,36.0,2019-09-23 15:00:00
1572,29.0,2019-09-23 16:00:00
1573,29.0,2019-09-23 17:00:00
1574,31.0,2019-09-23 18:00:00
1575,29.0,2019-09-23 19:00:00
1576,29.0,2019-09-23 20:00:00
1577,28.0,2019-09-23 21:00:00
1578,20.0,2019-09-23 22:00:00
1579,23.0,2019-09-23 23:00:00
1580,24.0,2019-09-24 00:00:00
1581,27.0,2019-09-24 01:00:00
1582,164.0,2019-09-24 02:00:00
1583,97.0,2019-09-24 03:00:00
1584,84.0,2019-09-24 04:00:00
1585,57.0,2019-09-24 05:00:00
1586,40.0,2019-09-24 06:00:00
1587,62.0,2019-09-24 07:00:00
1588,57.0,2019-09-24 08:00:00
1589,47.0,2019-09-24 09:00:00
1590,28.0,2019-09-24 10:00:00
1591,27.0,2019-09-24 11:00:00
1592,29.0,2019-09-24 12:00:00
1593,22.0,2019-09-24 13:00:00
1594,31.0,2019-09-24 14:00:00
1595,25.0,2019-09-24 15:00:00
1596,29.0,2019-09-24 16:00:00
1597,33.0,2019-09-24 17:00:00
1598,25.0,2019-09-24 18:00:00
1599,25.0,2019-09-24 19:00:00
1600,29.0,2019-09-24 20:00:00
1601,23.0,2019-09-24 21:00:00
1602,24.0,2019-09-24 22:00:00
1603,24.0,2019-09-24 23:00:00
1604,31.0,2019-09-25 00:00:00
1605,24.0,2019-09-25 01:00:00
1606,117.0,2019-09-25 02:00:00
1607,78.0,2019-09-25 03:00:00
1608,64.0,2019-09-25 04:00:00
1609,36.0,2019-09-25 05:00:00
1610,39.0,2019-09-25 06:00:00
1611,35.0,2019-09-25 07:00:00
1612,36.0,2019-09-25 08:00:00
1613,28.0,2019-09-25 09:00:00
1614,24.0,2019-09-25 10:00:00
1615,25.0,2019-09-25 11:00:00
1616,24.0,2019-09-25 12:00:00
1617,31.0,2019-09-25 13:00:00
1618,35.0,2019-09-25 14:00:00
1619,27.0,2019-09-25 15:00:00
1620,27.0,2019-09-25 16:00:00
1621,29.0,2019-09-25 17:00:00
1622,34.0,2019-09-25 18:00:00
1623,36.0,2019-09-25 19:00:00
1624,47.0,2019-09-25 20:00:00
1625,40.0,2019-09-25 21:00:00
1626,69.0,2019-09-25 22:00:00
1627,47.0,2019-09-25 23:00:00
1628,53.0,2019-09-26 00:00:00
1629,33.0,2019-09-26 01:00:00
1630,40.0,2019-09-26 02:00:00
1631,50.0,2019-09-26 03:00:00
1886,,2019-09-26 04:00:00
1887,,2019-09-26 05:00:00
1888,,2019-09-26 06:00:00
1632,29.0,2019-09-26 07:00:00
1633,29.0,2019-09-26 08:00:00
1634,20.0,2019-09-26 09:00:00
1635,17.0,2019-09-26 10:00:00
1636,17.0,2019-09-26 11:00:00
1637,22.0,2019-09-26 12:00:00
1638,19.0,2019-09-26 13:00:00
1639,20.0,2019-09-26 14:00:00
1640,31.0,2019-09-26 15:00:00
1641,41.0,2019-09-26 16:00:00
1642,50.0,2019-09-26 17:00:00
1643,36.0,2019-09-26 18:00:00
1644,16.0,2019-09-26 19:00:00
1645,5.0,2019-09-26 20:00:00
1646,5.0,2019-09-26 21:00:00
1647,8.0,2019-09-26 22:00:00
1648,25.0,2019-09-26 23:00:00
1649,22.0,2019-09-27 00:00:00
1650,25.0,2019-09-27 01:00:00
1651,42.0,2019-09-27 02:00:00
1652,31.0,2019-09-27 03:00:00
1653,23.0,2019-09-27 04:00:00
1654,18.0,2019-09-27 05:00:00
1655,12.0,2019-09-27 06:00:00
1656,11.0,2019-09-27 07:00:00
1657,11.0,2019-09-27 08:00:00
1658,14.0,2019-09-27 09:00:00
1659,12.0,2019-09-27 10:00:00
1660,12.0,2019-09-27 11:00:00
1661,14.0,2019-09-27 12:00:00
1662,17.0,2019-09-27 13:00:00
1663,40.0,2019-09-27 14:00:00
1664,40.0,2019-09-27 15:00:00
1665,25.0,2019-09-27 16:00:00
1666,22.0,2019-09-27 17:00:00
1667,18.0,2019-09-27 18:00:00
1668,14.0,2019-09-27 19:00:00
1669,22.0,2019-09-27 20:00:00
1670,22.0,2019-09-27 21:00:00
1671,18.0,2019-09-27 22:00:00
1672,42.0,2019-09-27 23:00:00
1673,45.0,2019-09-28 00:00:00
1674,33.0,2019-09-28 01:00:00
1675,57.0,2019-09-28 02:00:00
1676,57.0,2019-09-28 03:00:00
1677,53.0,2019-09-28 04:00:00
1678,36.0,2019-09-28 05:00:00
1679,36.0,2019-09-28 06:00:00
1680,30.0,2019-09-28 07:00:00
1681,24.0,2019-09-28 08:00:00
1682,18.0,2019-09-28 09:00:00
1683,9.0,2019-09-28 10:00:00
1684,14.0,2019-09-28 11:00:00
1685,22.0,2019-09-28 12:00:00
1686,19.0,2019-09-28 13:00:00
1687,18.0,2019-09-28 14:00:00
1688,94.0,2019-09-28 15:00:00
1689,55.0,2019-09-28 16:00:00
1690,35.0,2019-09-28 17:00:00
1691,22.0,2019-09-28 18:00:00
1692,9.0,2019-09-28 19:00:00
1693,14.0,2019-09-28 20:00:00
1694,12.0,2019-09-28 21:00:00
1695,9.0,2019-09-28 22:00:00
1696,16.0,2019-09-28 23:00:00
1697,18.0,2019-09-29 00:00:00
1698,22.0,2019-09-29 01:00:00
1699,25.0,2019-09-29 02:00:00
1700,18.0,2019-09-29 03:00:00
1701,46.0,2019-09-29 04:00:00
1702,17.0,2019-09-29 05:00:00
1703,30.0,2019-09-29 06:00:00
1704,25.0,2019-09-29 07:00:00
1705,31.0,2019-09-29 08:00:00
1706,34.0,2019-09-29 09:00:00
1707,35.0,2019-09-29 10:00:00
1708,35.0,2019-09-29 11:00:00
1709,27.0,2019-09-29 12:00:00
1710,23.0,2019-09-29 13:00:00
1711,40.0,2019-09-29 14:00:00
1712,47.0,2019-09-29 15:00:00
1713,28.0,2019-09-29 16:00:00
1714,20.0,2019-09-29 17:00:00
1715,17.0,2019-09-29 18:00:00
1716,18.0,2019-09-29 19:00:00
1717,18.0,2019-09-29 20:00:00
1718,19.0,2019-09-29 21:00:00
1719,17.0,2019-09-29 22:00:00
1720,14.0,2019-09-29 23:00:00
1721,14.0,2019-09-30 00:00:00
1722,14.0,2019-09-30 01:00:00
1723,12.0,2019-09-30 02:00:00
1724,17.0,2019-09-30 03:00:00
1725,16.0,2019-09-30 04:00:00
1726,24.0,2019-09-30 05:00:00
1727,20.0,2019-09-30 06:00:00
1728,44.0,2019-09-30 07:00:00
1729,56.0,2019-09-30 08:00:00
1730,56.0,2019-09-30 09:00:00
1889,,2019-09-30 10:00:00
1731,51.0,2019-09-30 11:00:00
1890,,2019-09-30 12:00:00
1732,50.0,2019-09-30 13:00:00
1733,83.0,2019-09-30 14:00:00
1734,119.0,2019-09-30 15:00:00
1735,62.0,2019-09-30 16:00:00
1736,48.0,2019-09-30 17:00:00
1737,38.0,2019-09-30 18:00:00
1738,38.0,2019-09-30 19:00:00
1739,35.0,2019-09-30 20:00:00
1740,31.0,2019-09-30 21:00:00
1741,24.0,2019-09-30 22:00:00
1742,30.0,2019-09-30 23:00:00
1743,23.0,2019-10-01 00:00:00
1744,25.0,2019-10-01 01:00:00
1745,42.0,2019-10-01 02:00:00
1746,48.0,2019-10-01 03:00:00
1747,39.0,2019-10-01 04:00:00
1748,28.0,2019-10-01 05:00:00
1749,28.0,2019-10-01 06:00:00
1750,35.0,2019-10-01 07:00:00
1751,34.0,2019-10-01 08:00:00
1891,,2019-10-01 09:00:00
1752,50.0,2019-10-01 10:00:00
1892,,2019-10-01 11:00:00
1753,41.0,2019-10-01 12:00:00
1754,42.0,2019-10-01 13:00:00
1755,29.0,2019-10-01 14:00:00
1756,29.0,2019-10-01 15:00:00
1893,,2019-10-01 16:00:00
1757,40.0,2019-10-01 17:00:00
1894,,2019-10-01 18:00:00
1895,,2019-10-01 19:00:00
1896,,2019-10-01 20:00:00
1897,,2019-10-01 21:00:00
1898,,2019-10-01 22:00:00
1899,,2019-10-01 23:00:00
1900,,2019-10-02 00:00:00
1901,,2019-10-02 01:00:00
1902,,2019-10-02 02:00:00
1903,,2019-10-02 03:00:00
1758,39.0,2019-10-02 04:00:00
1759,39.0,2019-10-02 05:00:00
1904,,2019-10-02 06:00:00
1760,67.0,2019-10-02 07:00:00
1761,59.0,2019-10-02 08:00:00
1762,38.0,2019-10-02 09:00:00
1763,38.0,2019-10-02 10:00:00
1764,18.0,2019-10-02 11:00:00
1765,31.0,2019-10-02 12:00:00
1766,111.0,2019-10-02 13:00:00
1767,118.0,2019-10-02 14:00:00
1768,81.0,2019-10-02 15:00:00
1769,64.0,2019-10-02 16:00:00
1770,59.0,2019-10-02 17:00:00
1771,59.0,2019-10-02 18:00:00
1772,75.0,2019-10-02 19:00:00
1773,58.0,2019-10-02 20:00:00
1774,77.0,2019-10-02 21:00:00
1775,64.0,2019-10-02 22:00:00
1776,73.0,2019-10-02 23:00:00
1777,68.0,2019-10-03 00:00:00
1778,70.0,2019-10-03 01:00:00
1779,84.0,2019-10-03 02:00:00
1780,310.0,2019-10-03 03:00:00
1781,74.0,2019-10-03 04:00:00
1782,74.0,2019-10-03 05:00:00
1783,84.0,2019-10-03 06:00:00
1784,56.0,2019-10-03 07:00:00
1785,70.0,2019-10-03 08:00:00
1786,63.0,2019-10-03 09:00:00
1787,52.0,2019-10-03 10:00:00
1788,48.0,2019-10-03 11:00:00
1789,45.0,2019-10-03 12:00:00
1790,74.0,2019-10-03 13:00:00
1791,74.0,2019-10-03 14:00:00
1792,130.0,2019-10-03 15:00:00
1793,52.0,2019-10-03 16:00:00
1794,23.0,2019-10-03 17:00:00
1795,34.0,2019-10-03 18:00:00
1796,36.0,2019-10-03 19:00:00
1797,33.0,2019-10-03 20:00:00
1798,42.0,2019-10-03 21:00:00
1799,39.0,2019-10-03 22:00:00
1800,39.0,2019-10-03 23:00:00
1801,34.0,2019-10-04 00:00:00
1802,45.0,2019-10-04 01:00:00
1803,59.0,2019-10-04 02:00:00
1804,81.0,2019-10-04 03:00:00
1805,61.0,2019-10-04 04:00:00
1806,51.0,2019-10-04 05:00:00
1807,46.0,2019-10-04 06:00:00
1808,42.0,2019-10-04 07:00:00
1809,42.0,2019-10-04 08:00:00
