,co,local_time
0,800.0,2019-08-02 00:00:00
1,700.0,2019-08-02 01:00:00
2,600.0,2019-08-02 02:00:00
3,600.0,2019-08-02 03:00:00
4,600.0,2019-08-02 04:00:00
5,600.0,2019-08-02 05:00:00
6,700.0,2019-08-02 06:00:00
7,800.0,2019-08-02 07:00:00
8,1000.0,2019-08-02 08:00:00
9,900.0,2019-08-02 09:00:00
10,900.0,2019-08-02 10:00:00
11,800.0,2019-08-02 11:00:00
12,1000.0,2019-08-02 12:00:00
13,700.0,2019-08-02 13:00:00
14,700.0,2019-08-02 14:00:00
15,800.0,2019-08-02 15:00:00
16,600.0,2019-08-02 16:00:00
17,900.0,2019-08-02 17:00:00
18,900.0,2019-08-02 18:00:00
19,1400.0,2019-08-02 19:00:00
20,1100.0,2019-08-02 20:00:00
21,1300.0,2019-08-02 21:00:00
22,1200.0,2019-08-02 22:00:00
23,900.0,2019-08-02 23:00:00
24,200.0,2019-08-03 00:00:00
25,300.0,2019-08-03 01:00:00
26,700.0,2019-08-03 02:00:00
27,800.0,2019-08-03 03:00:00
28,700.0,2019-08-03 04:00:00
29,800.0,2019-08-03 05:00:00
30,1000.0,2019-08-03 06:00:00
31,1000.0,2019-08-03 07:00:00
32,1000.0,2019-08-03 08:00:00
33,900.0,2019-08-03 09:00:00
1872,,2019-08-03 10:00:00
1873,,2019-08-03 11:00:00
1874,,2019-08-03 12:00:00
1875,,2019-08-03 13:00:00
1876,,2019-08-03 14:00:00
34,600.0,2019-08-03 15:00:00
35,700.0,2019-08-03 16:00:00
36,500.0,2019-08-03 17:00:00
37,900.0,2019-08-03 18:00:00
38,900.0,2019-08-03 19:00:00
39,1300.0,2019-08-03 20:00:00
40,1600.0,2019-08-03 21:00:00
41,1600.0,2019-08-03 22:00:00
42,1100.0,2019-08-03 23:00:00
43,1000.0,2019-08-04 00:00:00
44,1000.0,2019-08-04 01:00:00
1877,,2019-08-04 02:00:00
45,700.0,2019-08-04 03:00:00
46,700.0,2019-08-04 04:00:00
47,700.0,2019-08-04 05:00:00
48,700.0,2019-08-04 06:00:00
49,500.0,2019-08-04 07:00:00
50,800.0,2019-08-04 08:00:00
51,700.0,2019-08-04 09:00:00
52,700.0,2019-08-04 10:00:00
53,800.0,2019-08-04 11:00:00
54,900.0,2019-08-04 12:00:00
55,1000.0,2019-08-04 13:00:00
56,1000.0,2019-08-04 14:00:00
57,1000.0,2019-08-04 15:00:00
58,800.0,2019-08-04 16:00:00
59,1100.0,2019-08-04 17:00:00
60,1000.0,2019-08-04 18:00:00
61,1100.0,2019-08-04 19:00:00
62,1800.0,2019-08-04 20:00:00
63,1700.0,2019-08-04 21:00:00
64,2100.0,2019-08-04 22:00:00
65,2300.0,2019-08-04 23:00:00
66,3000.0,2019-08-05 00:00:00
67,2600.0,2019-08-05 01:00:00
68,1100.0,2019-08-05 02:00:00
69,1400.0,2019-08-05 03:00:00
70,1000.0,2019-08-05 04:00:00
71,1100.0,2019-08-05 05:00:00
72,1200.0,2019-08-05 06:00:00
73,1200.0,2019-08-05 07:00:00
74,1100.0,2019-08-05 08:00:00
75,1000.0,2019-08-05 09:00:00
76,900.0,2019-08-05 10:00:00
77,1300.0,2019-08-05 11:00:00
78,1100.0,2019-08-05 12:00:00
79,1100.0,2019-08-05 13:00:00
80,900.0,2019-08-05 14:00:00
81,900.0,2019-08-05 15:00:00
82,1800.0,2019-08-05 16:00:00
83,2000.0,2019-08-05 17:00:00
84,1600.0,2019-08-05 18:00:00
85,1700.0,2019-08-05 19:00:00
86,2200.0,2019-08-05 20:00:00
87,2400.0,2019-08-05 21:00:00
88,2300.0,2019-08-05 22:00:00
89,1500.0,2019-08-05 23:00:00
90,900.0,2019-08-06 00:00:00
91,800.0,2019-08-06 01:00:00
92,800.0,2019-08-06 02:00:00
93,1200.0,2019-08-06 03:00:00
94,900.0,2019-08-06 04:00:00
95,900.0,2019-08-06 05:00:00
96,1000.0,2019-08-06 06:00:00
97,600.0,2019-08-06 07:00:00
98,900.0,2019-08-06 08:00:00
99,1700.0,2019-08-06 09:00:00
100,600.0,2019-08-06 10:00:00
101,700.0,2019-08-06 11:00:00
102,1200.0,2019-08-06 12:00:00
103,1300.0,2019-08-06 13:00:00
104,1500.0,2019-08-06 14:00:00
105,1900.0,2019-08-06 15:00:00
106,1100.0,2019-08-06 16:00:00
107,900.0,2019-08-06 17:00:00
108,1500.0,2019-08-06 18:00:00
109,1600.0,2019-08-06 19:00:00
110,1300.0,2019-08-06 20:00:00
111,1700.0,2019-08-06 21:00:00
112,1600.0,2019-08-06 22:00:00
113,1800.0,2019-08-06 23:00:00
114,1000.0,2019-08-07 00:00:00
115,900.0,2019-08-07 01:00:00
116,900.0,2019-08-07 02:00:00
117,1000.0,2019-08-07 03:00:00
118,900.0,2019-08-07 04:00:00
119,800.0,2019-08-07 05:00:00
120,1000.0,2019-08-07 06:00:00
121,1200.0,2019-08-07 07:00:00
122,1700.0,2019-08-07 08:00:00
123,1200.0,2019-08-07 09:00:00
124,1000.0,2019-08-07 10:00:00
125,1100.0,2019-08-07 11:00:00
126,1100.0,2019-08-07 12:00:00
127,800.0,2019-08-07 13:00:00
128,700.0,2019-08-07 14:00:00
129,700.0,2019-08-07 15:00:00
130,600.0,2019-08-07 16:00:00
131,600.0,2019-08-07 17:00:00
132,600.0,2019-08-07 18:00:00
133,900.0,2019-08-07 19:00:00
134,1200.0,2019-08-07 20:00:00
135,1300.0,2019-08-07 21:00:00
136,1200.0,2019-08-07 22:00:00
137,1000.0,2019-08-07 23:00:00
138,800.0,2019-08-08 00:00:00
139,700.0,2019-08-08 01:00:00
1878,,2019-08-08 02:00:00
140,600.0,2019-08-08 03:00:00
141,700.0,2019-08-08 04:00:00
142,700.0,2019-08-08 05:00:00
143,1200.0,2019-08-08 06:00:00
144,1300.0,2019-08-08 07:00:00
145,1300.0,2019-08-08 08:00:00
146,1100.0,2019-08-08 09:00:00
147,1100.0,2019-08-08 10:00:00
148,1000.0,2019-08-08 11:00:00
149,900.0,2019-08-08 12:00:00
150,700.0,2019-08-08 13:00:00
151,700.0,2019-08-08 14:00:00
152,900.0,2019-08-08 15:00:00
153,600.0,2019-08-08 16:00:00
154,600.0,2019-08-08 17:00:00
155,800.0,2019-08-08 18:00:00
156,1300.0,2019-08-08 19:00:00
157,1700.0,2019-08-08 20:00:00
158,2700.0,2019-08-08 21:00:00
159,1600.0,2019-08-08 22:00:00
160,1000.0,2019-08-08 23:00:00
161,700.0,2019-08-09 00:00:00
162,400.0,2019-08-09 01:00:00
163,300.0,2019-08-09 02:00:00
164,300.0,2019-08-09 03:00:00
165,300.0,2019-08-09 04:00:00
166,400.0,2019-08-09 05:00:00
167,400.0,2019-08-09 06:00:00
168,600.0,2019-08-09 07:00:00
169,800.0,2019-08-09 08:00:00
170,500.0,2019-08-09 09:00:00
171,500.0,2019-08-09 10:00:00
172,500.0,2019-08-09 11:00:00
173,600.0,2019-08-09 12:00:00
174,600.0,2019-08-09 13:00:00
175,800.0,2019-08-09 14:00:00
176,700.0,2019-08-09 15:00:00
177,600.0,2019-08-09 16:00:00
178,700.0,2019-08-09 17:00:00
179,700.0,2019-08-09 18:00:00
180,1000.0,2019-08-09 19:00:00
181,1100.0,2019-08-09 20:00:00
182,900.0,2019-08-09 21:00:00
183,700.0,2019-08-09 22:00:00
184,700.0,2019-08-09 23:00:00
185,500.0,2019-08-10 00:00:00
186,500.0,2019-08-10 01:00:00
187,500.0,2019-08-10 02:00:00
188,500.0,2019-08-10 03:00:00
189,500.0,2019-08-10 04:00:00
190,500.0,2019-08-10 05:00:00
191,500.0,2019-08-10 06:00:00
192,500.0,2019-08-10 07:00:00
193,500.0,2019-08-10 08:00:00
194,600.0,2019-08-10 09:00:00
195,700.0,2019-08-10 10:00:00
196,700.0,2019-08-10 11:00:00
197,600.0,2019-08-10 12:00:00
198,600.0,2019-08-10 13:00:00
199,600.0,2019-08-10 14:00:00
200,600.0,2019-08-10 15:00:00
201,500.0,2019-08-10 16:00:00
202,600.0,2019-08-10 17:00:00
203,800.0,2019-08-10 18:00:00
204,800.0,2019-08-10 19:00:00
205,1000.0,2019-08-10 20:00:00
206,1000.0,2019-08-10 21:00:00
207,800.0,2019-08-10 22:00:00
208,1100.0,2019-08-10 23:00:00
209,900.0,2019-08-11 00:00:00
210,800.0,2019-08-11 01:00:00
211,900.0,2019-08-11 02:00:00
212,900.0,2019-08-11 03:00:00
213,800.0,2019-08-11 04:00:00
214,800.0,2019-08-11 05:00:00
215,700.0,2019-08-11 06:00:00
1879,,2019-08-11 07:00:00
216,600.0,2019-08-11 08:00:00
217,600.0,2019-08-11 09:00:00
218,600.0,2019-08-11 10:00:00
219,700.0,2019-08-11 11:00:00
220,700.0,2019-08-11 12:00:00
221,500.0,2019-08-11 13:00:00
222,600.0,2019-08-11 14:00:00
223,600.0,2019-08-11 15:00:00
224,600.0,2019-08-11 16:00:00
225,700.0,2019-08-11 17:00:00
226,900.0,2019-08-11 18:00:00
227,600.0,2019-08-11 19:00:00
228,1700.0,2019-08-11 20:00:00
229,1700.0,2019-08-11 21:00:00
230,1400.0,2019-08-11 22:00:00
231,1000.0,2019-08-11 23:00:00
232,600.0,2019-08-12 00:00:00
233,500.0,2019-08-12 01:00:00
234,500.0,2019-08-12 02:00:00
235,500.0,2019-08-12 03:00:00
236,500.0,2019-08-12 04:00:00
237,900.0,2019-08-12 05:00:00
238,500.0,2019-08-12 06:00:00
239,500.0,2019-08-12 07:00:00
240,700.0,2019-08-12 08:00:00
241,900.0,2019-08-12 09:00:00
242,900.0,2019-08-12 10:00:00
243,1000.0,2019-08-12 11:00:00
244,900.0,2019-08-12 12:00:00
245,800.0,2019-08-12 13:00:00
246,800.0,2019-08-12 14:00:00
247,800.0,2019-08-12 15:00:00
1880,,2019-08-12 16:00:00
1881,,2019-08-12 17:00:00
1882,,2019-08-12 18:00:00
248,2000.0,2019-08-12 19:00:00
249,2500.0,2019-08-12 20:00:00
250,1200.0,2019-08-12 21:00:00
251,800.0,2019-08-12 22:00:00
252,1000.0,2019-08-12 23:00:00
253,600.0,2019-08-13 00:00:00
254,400.0,2019-08-13 01:00:00
1883,,2019-08-13 02:00:00
255,500.0,2019-08-13 03:00:00
256,600.0,2019-08-13 04:00:00
257,500.0,2019-08-13 05:00:00
258,500.0,2019-08-13 06:00:00
259,700.0,2019-08-13 07:00:00
260,600.0,2019-08-13 08:00:00
261,600.0,2019-08-13 09:00:00
262,500.0,2019-08-13 10:00:00
263,600.0,2019-08-13 11:00:00
264,600.0,2019-08-13 12:00:00
265,600.0,2019-08-13 13:00:00
266,700.0,2019-08-13 14:00:00
267,1100.0,2019-08-13 15:00:00
268,2400.0,2019-08-13 16:00:00
269,2800.0,2019-08-13 17:00:00
270,2700.0,2019-08-13 18:00:00
271,3100.0,2019-08-13 19:00:00
272,3700.0,2019-08-13 20:00:00
273,3300.0,2019-08-13 21:00:00
274,2700.0,2019-08-13 22:00:00
275,2500.0,2019-08-13 23:00:00
276,700.0,2019-08-14 00:00:00
277,700.0,2019-08-14 01:00:00
278,600.0,2019-08-14 02:00:00
279,600.0,2019-08-14 03:00:00
280,500.0,2019-08-14 04:00:00
281,600.0,2019-08-14 05:00:00
282,500.0,2019-08-14 06:00:00
283,1500.0,2019-08-14 07:00:00
284,1200.0,2019-08-14 08:00:00
285,900.0,2019-08-14 09:00:00
286,800.0,2019-08-14 10:00:00
287,1100.0,2019-08-14 11:00:00
288,1200.0,2019-08-14 12:00:00
289,900.0,2019-08-14 13:00:00
290,700.0,2019-08-14 14:00:00
291,600.0,2019-08-14 15:00:00
292,700.0,2019-08-14 16:00:00
293,500.0,2019-08-14 17:00:00
294,600.0,2019-08-14 18:00:00
295,1100.0,2019-08-14 19:00:00
296,1300.0,2019-08-14 20:00:00
297,1200.0,2019-08-14 21:00:00
298,1500.0,2019-08-14 22:00:00
299,1100.0,2019-08-14 23:00:00
300,1000.0,2019-08-15 00:00:00
301,800.0,2019-08-15 01:00:00
1884,,2019-08-15 02:00:00
302,1000.0,2019-08-15 03:00:00
303,900.0,2019-08-15 04:00:00
304,700.0,2019-08-15 05:00:00
305,400.0,2019-08-15 06:00:00
306,500.0,2019-08-15 07:00:00
307,900.0,2019-08-15 08:00:00
308,900.0,2019-08-15 09:00:00
309,700.0,2019-08-15 10:00:00
310,500.0,2019-08-15 11:00:00
311,500.0,2019-08-15 12:00:00
312,600.0,2019-08-15 13:00:00
313,500.0,2019-08-15 14:00:00
314,500.0,2019-08-15 15:00:00
315,500.0,2019-08-15 16:00:00
316,500.0,2019-08-15 17:00:00
317,1000.0,2019-08-15 18:00:00
318,1700.0,2019-08-15 19:00:00
319,700.0,2019-08-15 20:00:00
320,700.0,2019-08-15 21:00:00
321,600.0,2019-08-15 22:00:00
322,600.0,2019-08-15 23:00:00
323,400.0,2019-08-16 00:00:00
324,300.0,2019-08-16 01:00:00
325,400.0,2019-08-16 02:00:00
326,400.0,2019-08-16 03:00:00
327,300.0,2019-08-16 04:00:00
328,500.0,2019-08-16 05:00:00
329,400.0,2019-08-16 06:00:00
330,1100.0,2019-08-16 07:00:00
331,800.0,2019-08-16 08:00:00
332,500.0,2019-08-16 09:00:00
333,500.0,2019-08-16 10:00:00
334,500.0,2019-08-16 11:00:00
335,500.0,2019-08-16 12:00:00
336,500.0,2019-08-16 13:00:00
337,500.0,2019-08-16 14:00:00
338,800.0,2019-08-16 15:00:00
339,900.0,2019-08-16 16:00:00
340,1100.0,2019-08-16 17:00:00
341,1000.0,2019-08-16 18:00:00
342,900.0,2019-08-16 19:00:00
343,1200.0,2019-08-16 20:00:00
344,1100.0,2019-08-16 21:00:00
345,1000.0,2019-08-16 22:00:00
346,2400.0,2019-08-16 23:00:00
347,300.0,2019-08-17 00:00:00
348,700.0,2019-08-17 01:00:00
1885,,2019-08-17 02:00:00
349,100.0,2019-08-17 03:00:00
1886,,2019-08-17 04:00:00
1887,,2019-08-17 05:00:00
350,0.0,2019-08-17 06:00:00
351,100.0,2019-08-17 07:00:00
352,0.0,2019-08-17 08:00:00
353,0.0,2019-08-17 09:00:00
354,100.0,2019-08-17 10:00:00
355,0.0,2019-08-17 11:00:00
356,600.0,2019-08-17 12:00:00
357,100.0,2019-08-17 13:00:00
358,900.0,2019-08-17 14:00:00
359,300.0,2019-08-17 15:00:00
360,200.0,2019-08-17 16:00:00
361,100.0,2019-08-17 17:00:00
362,100.0,2019-08-17 18:00:00
363,200.0,2019-08-17 19:00:00
364,400.0,2019-08-17 20:00:00
365,400.0,2019-08-17 21:00:00
366,300.0,2019-08-17 22:00:00
367,200.0,2019-08-17 23:00:00
368,500.0,2019-08-18 00:00:00
369,500.0,2019-08-18 01:00:00
370,500.0,2019-08-18 02:00:00
371,500.0,2019-08-18 03:00:00
372,500.0,2019-08-18 04:00:00
373,400.0,2019-08-18 05:00:00
374,400.0,2019-08-18 06:00:00
375,500.0,2019-08-18 07:00:00
376,600.0,2019-08-18 08:00:00
377,500.0,2019-08-18 09:00:00
378,700.0,2019-08-18 10:00:00
379,1000.0,2019-08-18 11:00:00
380,900.0,2019-08-18 12:00:00
381,400.0,2019-08-18 13:00:00
382,600.0,2019-08-18 14:00:00
383,600.0,2019-08-18 15:00:00
384,500.0,2019-08-18 16:00:00
385,400.0,2019-08-18 17:00:00
386,1000.0,2019-08-18 18:00:00
387,1100.0,2019-08-18 19:00:00
388,2300.0,2019-08-18 20:00:00
389,3200.0,2019-08-18 21:00:00
390,3000.0,2019-08-18 22:00:00
391,2000.0,2019-08-18 23:00:00
392,2400.0,2019-08-19 00:00:00
393,2400.0,2019-08-19 01:00:00
394,2000.0,2019-08-19 02:00:00
395,2200.0,2019-08-19 03:00:00
396,1900.0,2019-08-19 04:00:00
397,2100.0,2019-08-19 05:00:00
398,1900.0,2019-08-19 06:00:00
399,1800.0,2019-08-19 07:00:00
400,1500.0,2019-08-19 08:00:00
401,1200.0,2019-08-19 09:00:00
402,700.0,2019-08-19 10:00:00
403,600.0,2019-08-19 11:00:00
404,600.0,2019-08-19 12:00:00
405,600.0,2019-08-19 13:00:00
406,600.0,2019-08-19 14:00:00
407,700.0,2019-08-19 15:00:00
408,600.0,2019-08-19 16:00:00
409,600.0,2019-08-19 17:00:00
410,800.0,2019-08-19 18:00:00
411,1100.0,2019-08-19 19:00:00
412,1400.0,2019-08-19 20:00:00
413,2100.0,2019-08-19 21:00:00
414,1300.0,2019-08-19 22:00:00
415,1800.0,2019-08-19 23:00:00
416,1500.0,2019-08-20 00:00:00
417,1300.0,2019-08-20 01:00:00
418,800.0,2019-08-20 02:00:00
419,800.0,2019-08-20 03:00:00
420,1200.0,2019-08-20 04:00:00
421,1000.0,2019-08-20 05:00:00
422,1100.0,2019-08-20 06:00:00
423,1000.0,2019-08-20 07:00:00
424,900.0,2019-08-20 08:00:00
425,700.0,2019-08-20 09:00:00
426,700.0,2019-08-20 10:00:00
427,600.0,2019-08-20 11:00:00
428,500.0,2019-08-20 12:00:00
429,700.0,2019-08-20 13:00:00
430,500.0,2019-08-20 14:00:00
431,500.0,2019-08-20 15:00:00
432,500.0,2019-08-20 16:00:00
433,700.0,2019-08-20 17:00:00
434,700.0,2019-08-20 18:00:00
435,800.0,2019-08-20 19:00:00
436,900.0,2019-08-20 20:00:00
437,1700.0,2019-08-20 21:00:00
438,1000.0,2019-08-20 22:00:00
439,1000.0,2019-08-20 23:00:00
440,900.0,2019-08-21 00:00:00
441,700.0,2019-08-21 01:00:00
442,800.0,2019-08-21 02:00:00
443,900.0,2019-08-21 03:00:00
444,1000.0,2019-08-21 04:00:00
445,800.0,2019-08-21 05:00:00
446,1700.0,2019-08-21 06:00:00
447,1100.0,2019-08-21 07:00:00
448,800.0,2019-08-21 08:00:00
449,500.0,2019-08-21 09:00:00
450,500.0,2019-08-21 10:00:00
451,500.0,2019-08-21 11:00:00
452,500.0,2019-08-21 12:00:00
453,1200.0,2019-08-21 13:00:00
454,900.0,2019-08-21 14:00:00
455,600.0,2019-08-21 15:00:00
456,500.0,2019-08-21 16:00:00
457,500.0,2019-08-21 17:00:00
458,600.0,2019-08-21 18:00:00
459,900.0,2019-08-21 19:00:00
460,1800.0,2019-08-21 20:00:00
461,1900.0,2019-08-21 21:00:00
462,1800.0,2019-08-21 22:00:00
463,3800.0,2019-08-21 23:00:00
464,1000.0,2019-08-22 00:00:00
465,1100.0,2019-08-22 01:00:00
1888,,2019-08-22 02:00:00
466,1100.0,2019-08-22 03:00:00
467,1000.0,2019-08-22 04:00:00
468,1100.0,2019-08-22 05:00:00
469,2900.0,2019-08-22 06:00:00
470,1800.0,2019-08-22 07:00:00
471,1100.0,2019-08-22 08:00:00
472,900.0,2019-08-22 09:00:00
473,900.0,2019-08-22 10:00:00
474,900.0,2019-08-22 11:00:00
475,1000.0,2019-08-22 12:00:00
476,400.0,2019-08-22 13:00:00
477,400.0,2019-08-22 14:00:00
478,600.0,2019-08-22 15:00:00
479,1300.0,2019-08-22 16:00:00
480,1300.0,2019-08-22 17:00:00
481,1300.0,2019-08-22 18:00:00
482,2300.0,2019-08-22 19:00:00
483,4600.0,2019-08-22 20:00:00
484,3500.0,2019-08-22 21:00:00
485,2800.0,2019-08-22 22:00:00
486,2300.0,2019-08-22 23:00:00
487,2100.0,2019-08-23 00:00:00
488,1300.0,2019-08-23 01:00:00
1889,,2019-08-23 02:00:00
489,1200.0,2019-08-23 03:00:00
490,700.0,2019-08-23 04:00:00
491,600.0,2019-08-23 05:00:00
492,1200.0,2019-08-23 06:00:00
493,1600.0,2019-08-23 07:00:00
494,800.0,2019-08-23 08:00:00
495,600.0,2019-08-23 09:00:00
496,700.0,2019-08-23 10:00:00
497,400.0,2019-08-23 11:00:00
498,500.0,2019-08-23 12:00:00
499,600.0,2019-08-23 13:00:00
500,600.0,2019-08-23 14:00:00
501,500.0,2019-08-23 15:00:00
502,500.0,2019-08-23 16:00:00
503,300.0,2019-08-23 17:00:00
504,300.0,2019-08-23 18:00:00
505,800.0,2019-08-23 19:00:00
506,1600.0,2019-08-23 20:00:00
507,3200.0,2019-08-23 21:00:00
508,3700.0,2019-08-23 22:00:00
509,4500.0,2019-08-23 23:00:00
510,4700.0,2019-08-24 00:00:00
511,3600.0,2019-08-24 01:00:00
512,1800.0,2019-08-24 02:00:00
513,2000.0,2019-08-24 03:00:00
514,900.0,2019-08-24 04:00:00
515,1300.0,2019-08-24 05:00:00
516,1200.0,2019-08-24 06:00:00
517,1400.0,2019-08-24 07:00:00
518,1500.0,2019-08-24 08:00:00
519,900.0,2019-08-24 09:00:00
520,600.0,2019-08-24 10:00:00
521,1000.0,2019-08-24 11:00:00
522,500.0,2019-08-24 12:00:00
523,600.0,2019-08-24 13:00:00
524,800.0,2019-08-24 14:00:00
525,500.0,2019-08-24 15:00:00
526,600.0,2019-08-24 16:00:00
527,700.0,2019-08-24 17:00:00
528,2100.0,2019-08-24 18:00:00
529,1200.0,2019-08-24 19:00:00
530,1600.0,2019-08-24 20:00:00
531,1800.0,2019-08-24 21:00:00
532,1700.0,2019-08-24 22:00:00
533,1600.0,2019-08-24 23:00:00
534,1000.0,2019-08-25 00:00:00
535,800.0,2019-08-25 01:00:00
536,900.0,2019-08-25 02:00:00
537,900.0,2019-08-25 03:00:00
538,800.0,2019-08-25 04:00:00
539,800.0,2019-08-25 05:00:00
540,800.0,2019-08-25 06:00:00
541,900.0,2019-08-25 07:00:00
542,800.0,2019-08-25 08:00:00
543,700.0,2019-08-25 09:00:00
544,800.0,2019-08-25 10:00:00
545,900.0,2019-08-25 11:00:00
546,900.0,2019-08-25 12:00:00
547,800.0,2019-08-25 13:00:00
548,800.0,2019-08-25 14:00:00
549,900.0,2019-08-25 15:00:00
550,700.0,2019-08-25 16:00:00
551,700.0,2019-08-25 17:00:00
552,800.0,2019-08-25 18:00:00
553,1500.0,2019-08-25 19:00:00
554,1600.0,2019-08-25 20:00:00
555,1400.0,2019-08-25 21:00:00
556,1000.0,2019-08-25 22:00:00
557,1000.0,2019-08-25 23:00:00
558,800.0,2019-08-26 00:00:00
559,700.0,2019-08-26 01:00:00
560,800.0,2019-08-26 02:00:00
561,700.0,2019-08-26 03:00:00
562,700.0,2019-08-26 04:00:00
563,600.0,2019-08-26 05:00:00
564,700.0,2019-08-26 06:00:00
565,1000.0,2019-08-26 07:00:00
1890,,2019-08-26 08:00:00
1891,,2019-08-26 09:00:00
1892,,2019-08-26 10:00:00
1893,,2019-08-26 11:00:00
1894,,2019-08-26 12:00:00
1895,,2019-08-26 13:00:00
1896,,2019-08-26 14:00:00
1897,,2019-08-26 15:00:00
1898,,2019-08-26 16:00:00
1899,,2019-08-26 17:00:00
1900,,2019-08-26 18:00:00
1901,,2019-08-26 19:00:00
1902,,2019-08-26 20:00:00
1903,,2019-08-26 21:00:00
1904,,2019-08-26 22:00:00
1905,,2019-08-26 23:00:00
1906,,2019-08-27 00:00:00
1907,,2019-08-27 01:00:00
1908,,2019-08-27 02:00:00
1909,,2019-08-27 03:00:00
1910,,2019-08-27 04:00:00
1911,,2019-08-27 05:00:00
1912,,2019-08-27 06:00:00
566,2000.0,2019-08-27 07:00:00
567,1900.0,2019-08-27 08:00:00
568,600.0,2019-08-27 09:00:00
569,300.0,2019-08-27 10:00:00
570,800.0,2019-08-27 11:00:00
571,500.0,2019-08-27 12:00:00
572,900.0,2019-08-27 13:00:00
573,500.0,2019-08-27 14:00:00
574,700.0,2019-08-27 15:00:00
575,500.0,2019-08-27 16:00:00
576,800.0,2019-08-27 17:00:00
577,900.0,2019-08-27 18:00:00
578,1300.0,2019-08-27 19:00:00
579,3200.0,2019-08-27 20:00:00
580,3700.0,2019-08-27 21:00:00
581,2700.0,2019-08-27 22:00:00
582,2500.0,2019-08-27 23:00:00
1913,,2019-08-28 00:00:00
583,2300.0,2019-08-28 01:00:00
584,1200.0,2019-08-28 02:00:00
585,1200.0,2019-08-28 03:00:00
586,1200.0,2019-08-28 04:00:00
587,1300.0,2019-08-28 05:00:00
588,1300.0,2019-08-28 06:00:00
589,2500.0,2019-08-28 07:00:00
590,1400.0,2019-08-28 08:00:00
591,1100.0,2019-08-28 09:00:00
592,900.0,2019-08-28 10:00:00
593,1000.0,2019-08-28 11:00:00
594,1000.0,2019-08-28 12:00:00
595,1000.0,2019-08-28 13:00:00
596,1100.0,2019-08-28 14:00:00
597,400.0,2019-08-28 15:00:00
598,800.0,2019-08-28 16:00:00
599,700.0,2019-08-28 17:00:00
600,1000.0,2019-08-28 18:00:00
601,1100.0,2019-08-28 19:00:00
602,1200.0,2019-08-28 20:00:00
603,1800.0,2019-08-28 21:00:00
604,1100.0,2019-08-28 22:00:00
605,900.0,2019-08-28 23:00:00
606,1200.0,2019-08-29 00:00:00
607,1300.0,2019-08-29 01:00:00
608,800.0,2019-08-29 02:00:00
609,800.0,2019-08-29 03:00:00
610,800.0,2019-08-29 04:00:00
611,700.0,2019-08-29 05:00:00
612,1600.0,2019-08-29 06:00:00
613,2300.0,2019-08-29 07:00:00
614,1200.0,2019-08-29 08:00:00
615,700.0,2019-08-29 09:00:00
616,800.0,2019-08-29 10:00:00
617,900.0,2019-08-29 11:00:00
618,900.0,2019-08-29 12:00:00
619,900.0,2019-08-29 13:00:00
620,1000.0,2019-08-29 14:00:00
621,1000.0,2019-08-29 15:00:00
622,1000.0,2019-08-29 16:00:00
623,900.0,2019-08-29 17:00:00
624,2200.0,2019-08-29 18:00:00
625,1100.0,2019-08-29 19:00:00
626,1300.0,2019-08-29 20:00:00
627,1200.0,2019-08-29 21:00:00
628,900.0,2019-08-29 22:00:00
629,900.0,2019-08-29 23:00:00
630,800.0,2019-08-30 00:00:00
631,900.0,2019-08-30 01:00:00
632,1100.0,2019-08-30 02:00:00
633,1000.0,2019-08-30 03:00:00
634,1000.0,2019-08-30 04:00:00
635,1000.0,2019-08-30 05:00:00
636,1400.0,2019-08-30 06:00:00
637,1900.0,2019-08-30 07:00:00
638,1000.0,2019-08-30 08:00:00
1914,,2019-08-30 09:00:00
1915,,2019-08-30 10:00:00
639,1100.0,2019-08-30 11:00:00
640,1000.0,2019-08-30 12:00:00
641,1100.0,2019-08-30 13:00:00
642,900.0,2019-08-30 14:00:00
643,900.0,2019-08-30 15:00:00
644,900.0,2019-08-30 16:00:00
645,1100.0,2019-08-30 17:00:00
646,1200.0,2019-08-30 18:00:00
647,1400.0,2019-08-30 19:00:00
648,2000.0,2019-08-30 20:00:00
649,2000.0,2019-08-30 21:00:00
650,1800.0,2019-08-30 22:00:00
651,1900.0,2019-08-30 23:00:00
652,1300.0,2019-08-31 00:00:00
653,1000.0,2019-08-31 01:00:00
1916,,2019-08-31 02:00:00
654,1100.0,2019-08-31 03:00:00
655,900.0,2019-08-31 04:00:00
656,1000.0,2019-08-31 05:00:00
657,1100.0,2019-08-31 06:00:00
658,1000.0,2019-08-31 07:00:00
659,1100.0,2019-08-31 08:00:00
660,800.0,2019-08-31 09:00:00
661,800.0,2019-08-31 10:00:00
662,900.0,2019-08-31 11:00:00
663,700.0,2019-08-31 12:00:00
664,4300.0,2019-08-31 13:00:00
665,4500.0,2019-08-31 14:00:00
666,1700.0,2019-08-31 15:00:00
667,1900.0,2019-08-31 16:00:00
668,1700.0,2019-08-31 17:00:00
669,1500.0,2019-08-31 18:00:00
670,2900.0,2019-08-31 19:00:00
671,3800.0,2019-08-31 20:00:00
672,3500.0,2019-08-31 21:00:00
673,3600.0,2019-08-31 22:00:00
674,3200.0,2019-08-31 23:00:00
675,3600.0,2019-09-01 00:00:00
676,2400.0,2019-09-01 01:00:00
677,1000.0,2019-09-01 02:00:00
678,900.0,2019-09-01 03:00:00
679,600.0,2019-09-01 04:00:00
680,600.0,2019-09-01 05:00:00
681,500.0,2019-09-01 06:00:00
682,400.0,2019-09-01 07:00:00
683,600.0,2019-09-01 08:00:00
684,600.0,2019-09-01 09:00:00
685,600.0,2019-09-01 10:00:00
686,600.0,2019-09-01 11:00:00
687,800.0,2019-09-01 12:00:00
688,700.0,2019-09-01 13:00:00
689,700.0,2019-09-01 14:00:00
690,700.0,2019-09-01 15:00:00
691,500.0,2019-09-01 16:00:00
692,600.0,2019-09-01 17:00:00
693,400.0,2019-09-01 18:00:00
694,1400.0,2019-09-01 19:00:00
695,1200.0,2019-09-01 20:00:00
696,1000.0,2019-09-01 21:00:00
697,900.0,2019-09-01 22:00:00
698,800.0,2019-09-01 23:00:00
699,2400.0,2019-09-02 00:00:00
700,2400.0,2019-09-02 01:00:00
701,2400.0,2019-09-02 02:00:00
702,2400.0,2019-09-02 03:00:00
703,1800.0,2019-09-02 04:00:00
704,700.0,2019-09-02 05:00:00
705,700.0,2019-09-02 06:00:00
706,2400.0,2019-09-02 07:00:00
707,1200.0,2019-09-02 08:00:00
708,900.0,2019-09-02 09:00:00
709,1300.0,2019-09-02 10:00:00
710,1200.0,2019-09-02 11:00:00
711,1200.0,2019-09-02 12:00:00
712,1100.0,2019-09-02 13:00:00
713,1000.0,2019-09-02 14:00:00
714,700.0,2019-09-02 15:00:00
715,1000.0,2019-09-02 16:00:00
716,1000.0,2019-09-02 17:00:00
717,1100.0,2019-09-02 18:00:00
718,1300.0,2019-09-02 19:00:00
719,1500.0,2019-09-02 20:00:00
720,1500.0,2019-09-02 21:00:00
721,1300.0,2019-09-02 22:00:00
722,1200.0,2019-09-02 23:00:00
723,900.0,2019-09-03 00:00:00
724,700.0,2019-09-03 01:00:00
725,800.0,2019-09-03 02:00:00
726,800.0,2019-09-03 03:00:00
727,1800.0,2019-09-03 04:00:00
728,900.0,2019-09-03 05:00:00
729,1000.0,2019-09-03 06:00:00
730,2300.0,2019-09-03 07:00:00
731,1200.0,2019-09-03 08:00:00
732,900.0,2019-09-03 09:00:00
733,700.0,2019-09-03 10:00:00
734,600.0,2019-09-03 11:00:00
735,900.0,2019-09-03 12:00:00
736,1000.0,2019-09-03 13:00:00
737,900.0,2019-09-03 14:00:00
738,900.0,2019-09-03 15:00:00
739,900.0,2019-09-03 16:00:00
740,900.0,2019-09-03 17:00:00
741,1100.0,2019-09-03 18:00:00
742,3100.0,2019-09-03 19:00:00
743,3300.0,2019-09-03 20:00:00
744,3000.0,2019-09-03 21:00:00
745,1700.0,2019-09-03 22:00:00
746,1300.0,2019-09-03 23:00:00
747,1000.0,2019-09-04 00:00:00
748,900.0,2019-09-04 01:00:00
749,700.0,2019-09-04 02:00:00
750,800.0,2019-09-04 03:00:00
751,800.0,2019-09-04 04:00:00
752,900.0,2019-09-04 05:00:00
753,900.0,2019-09-04 06:00:00
754,1800.0,2019-09-04 07:00:00
755,1300.0,2019-09-04 08:00:00
756,1000.0,2019-09-04 09:00:00
757,1000.0,2019-09-04 10:00:00
758,1200.0,2019-09-04 11:00:00
759,900.0,2019-09-04 12:00:00
760,700.0,2019-09-04 13:00:00
761,900.0,2019-09-04 14:00:00
762,700.0,2019-09-04 15:00:00
763,700.0,2019-09-04 16:00:00
764,700.0,2019-09-04 17:00:00
765,1500.0,2019-09-04 18:00:00
766,1400.0,2019-09-04 19:00:00
767,1700.0,2019-09-04 20:00:00
768,1700.0,2019-09-04 21:00:00
769,1200.0,2019-09-04 22:00:00
770,300.0,2019-09-04 23:00:00
771,800.0,2019-09-05 00:00:00
772,700.0,2019-09-05 01:00:00
773,700.0,2019-09-05 02:00:00
774,700.0,2019-09-05 03:00:00
775,600.0,2019-09-05 04:00:00
776,600.0,2019-09-05 05:00:00
777,600.0,2019-09-05 06:00:00
778,1700.0,2019-09-05 07:00:00
779,1300.0,2019-09-05 08:00:00
780,900.0,2019-09-05 09:00:00
781,1100.0,2019-09-05 10:00:00
782,1000.0,2019-09-05 11:00:00
783,800.0,2019-09-05 12:00:00
784,800.0,2019-09-05 13:00:00
785,1000.0,2019-09-05 14:00:00
786,1000.0,2019-09-05 15:00:00
787,1100.0,2019-09-05 16:00:00
788,1100.0,2019-09-05 17:00:00
789,1000.0,2019-09-05 18:00:00
790,1200.0,2019-09-05 19:00:00
791,1900.0,2019-09-05 20:00:00
792,1500.0,2019-09-05 21:00:00
793,1400.0,2019-09-05 22:00:00
794,1100.0,2019-09-05 23:00:00
795,900.0,2019-09-06 00:00:00
796,700.0,2019-09-06 01:00:00
797,700.0,2019-09-06 02:00:00
798,700.0,2019-09-06 03:00:00
799,700.0,2019-09-06 04:00:00
800,800.0,2019-09-06 05:00:00
801,1100.0,2019-09-06 06:00:00
802,1600.0,2019-09-06 07:00:00
803,1200.0,2019-09-06 08:00:00
804,800.0,2019-09-06 09:00:00
805,700.0,2019-09-06 10:00:00
806,700.0,2019-09-06 11:00:00
1917,,2019-09-06 12:00:00
1918,,2019-09-06 13:00:00
1919,,2019-09-06 14:00:00
1920,,2019-09-06 15:00:00
807,900.0,2019-09-06 16:00:00
808,900.0,2019-09-06 17:00:00
809,900.0,2019-09-06 18:00:00
810,1600.0,2019-09-06 19:00:00
1921,,2019-09-06 20:00:00
1922,,2019-09-06 21:00:00
1923,,2019-09-06 22:00:00
1924,,2019-09-06 23:00:00
1925,,2019-09-07 00:00:00
1926,,2019-09-07 01:00:00
1927,,2019-09-07 02:00:00
1928,,2019-09-07 03:00:00
1929,,2019-09-07 04:00:00
1930,,2019-09-07 05:00:00
811,1400.0,2019-09-07 06:00:00
812,1000.0,2019-09-07 07:00:00
813,1200.0,2019-09-07 08:00:00
814,1000.0,2019-09-07 09:00:00
815,1000.0,2019-09-07 10:00:00
816,1000.0,2019-09-07 11:00:00
817,900.0,2019-09-07 12:00:00
818,900.0,2019-09-07 13:00:00
819,1000.0,2019-09-07 14:00:00
820,1200.0,2019-09-07 15:00:00
821,1100.0,2019-09-07 16:00:00
822,1200.0,2019-09-07 17:00:00
823,1400.0,2019-09-07 18:00:00
824,1700.0,2019-09-07 19:00:00
825,1700.0,2019-09-07 20:00:00
826,1300.0,2019-09-07 21:00:00
827,1400.0,2019-09-07 22:00:00
828,1500.0,2019-09-07 23:00:00
829,900.0,2019-09-08 00:00:00
830,700.0,2019-09-08 01:00:00
831,700.0,2019-09-08 02:00:00
832,700.0,2019-09-08 03:00:00
833,700.0,2019-09-08 04:00:00
834,600.0,2019-09-08 05:00:00
835,700.0,2019-09-08 06:00:00
836,900.0,2019-09-08 07:00:00
837,2400.0,2019-09-08 08:00:00
838,900.0,2019-09-08 09:00:00
839,800.0,2019-09-08 10:00:00
840,700.0,2019-09-08 11:00:00
841,600.0,2019-09-08 12:00:00
842,400.0,2019-09-08 13:00:00
843,200.0,2019-09-08 14:00:00
844,500.0,2019-09-08 15:00:00
845,500.0,2019-09-08 16:00:00
846,500.0,2019-09-08 17:00:00
847,600.0,2019-09-08 18:00:00
848,1000.0,2019-09-08 19:00:00
849,2000.0,2019-09-08 20:00:00
850,900.0,2019-09-08 21:00:00
851,1000.0,2019-09-08 22:00:00
852,700.0,2019-09-08 23:00:00
853,800.0,2019-09-09 00:00:00
854,600.0,2019-09-09 01:00:00
855,700.0,2019-09-09 02:00:00
856,700.0,2019-09-09 03:00:00
857,700.0,2019-09-09 04:00:00
858,700.0,2019-09-09 05:00:00
859,900.0,2019-09-09 06:00:00
860,1000.0,2019-09-09 07:00:00
861,2000.0,2019-09-09 08:00:00
862,500.0,2019-09-09 09:00:00
863,1200.0,2019-09-09 10:00:00
864,500.0,2019-09-09 11:00:00
865,500.0,2019-09-09 12:00:00
866,500.0,2019-09-09 13:00:00
867,500.0,2019-09-09 14:00:00
868,500.0,2019-09-09 15:00:00
869,500.0,2019-09-09 16:00:00
870,500.0,2019-09-09 17:00:00
871,700.0,2019-09-09 18:00:00
872,900.0,2019-09-09 19:00:00
873,1300.0,2019-09-09 20:00:00
874,1300.0,2019-09-09 21:00:00
875,1300.0,2019-09-09 22:00:00
876,1200.0,2019-09-09 23:00:00
877,1200.0,2019-09-10 00:00:00
878,1000.0,2019-09-10 01:00:00
879,800.0,2019-09-10 02:00:00
880,900.0,2019-09-10 03:00:00
881,900.0,2019-09-10 04:00:00
882,800.0,2019-09-10 05:00:00
883,1000.0,2019-09-10 06:00:00
884,1100.0,2019-09-10 07:00:00
885,1300.0,2019-09-10 08:00:00
886,1200.0,2019-09-10 09:00:00
887,800.0,2019-09-10 10:00:00
888,800.0,2019-09-10 11:00:00
889,700.0,2019-09-10 12:00:00
890,800.0,2019-09-10 13:00:00
891,800.0,2019-09-10 14:00:00
892,700.0,2019-09-10 15:00:00
893,700.0,2019-09-10 16:00:00
894,800.0,2019-09-10 17:00:00
895,1000.0,2019-09-10 18:00:00
896,2400.0,2019-09-10 19:00:00
897,1800.0,2019-09-10 20:00:00
898,1700.0,2019-09-10 21:00:00
899,2100.0,2019-09-10 22:00:00
900,1500.0,2019-09-10 23:00:00
901,900.0,2019-09-11 00:00:00
902,1000.0,2019-09-11 01:00:00
903,1200.0,2019-09-11 02:00:00
904,1200.0,2019-09-11 03:00:00
905,1200.0,2019-09-11 04:00:00
906,1100.0,2019-09-11 05:00:00
907,1200.0,2019-09-11 06:00:00
908,1800.0,2019-09-11 07:00:00
909,1400.0,2019-09-11 08:00:00
910,1000.0,2019-09-11 09:00:00
911,800.0,2019-09-11 10:00:00
912,800.0,2019-09-11 11:00:00
913,800.0,2019-09-11 12:00:00
914,700.0,2019-09-11 13:00:00
915,700.0,2019-09-11 14:00:00
916,700.0,2019-09-11 15:00:00
917,500.0,2019-09-11 16:00:00
918,900.0,2019-09-11 17:00:00
1931,,2019-09-11 18:00:00
1932,,2019-09-11 19:00:00
1933,,2019-09-11 20:00:00
1934,,2019-09-11 21:00:00
1935,,2019-09-11 22:00:00
1936,,2019-09-11 23:00:00
919,1100.0,2019-09-12 00:00:00
920,1200.0,2019-09-12 01:00:00
921,700.0,2019-09-12 02:00:00
922,800.0,2019-09-12 03:00:00
923,800.0,2019-09-12 04:00:00
924,700.0,2019-09-12 05:00:00
925,800.0,2019-09-12 06:00:00
926,900.0,2019-09-12 07:00:00
927,1100.0,2019-09-12 08:00:00
928,1100.0,2019-09-12 09:00:00
929,800.0,2019-09-12 10:00:00
1937,,2019-09-12 11:00:00
930,1000.0,2019-09-12 12:00:00
931,900.0,2019-09-12 13:00:00
932,1000.0,2019-09-12 14:00:00
933,1000.0,2019-09-12 15:00:00
934,800.0,2019-09-12 16:00:00
935,1000.0,2019-09-12 17:00:00
936,1800.0,2019-09-12 18:00:00
937,1400.0,2019-09-12 19:00:00
938,1100.0,2019-09-12 20:00:00
939,1100.0,2019-09-12 21:00:00
940,900.0,2019-09-12 22:00:00
941,700.0,2019-09-12 23:00:00
942,400.0,2019-09-13 00:00:00
943,500.0,2019-09-13 01:00:00
1938,,2019-09-13 02:00:00
944,300.0,2019-09-13 03:00:00
945,700.0,2019-09-13 04:00:00
946,700.0,2019-09-13 05:00:00
947,1300.0,2019-09-13 06:00:00
948,1300.0,2019-09-13 07:00:00
949,1100.0,2019-09-13 08:00:00
950,900.0,2019-09-13 09:00:00
951,400.0,2019-09-13 10:00:00
952,900.0,2019-09-13 11:00:00
953,700.0,2019-09-13 12:00:00
954,700.0,2019-09-13 13:00:00
955,600.0,2019-09-13 14:00:00
956,600.0,2019-09-13 15:00:00
957,700.0,2019-09-13 16:00:00
958,700.0,2019-09-13 17:00:00
959,800.0,2019-09-13 18:00:00
960,1200.0,2019-09-13 19:00:00
961,1100.0,2019-09-13 20:00:00
962,1300.0,2019-09-13 21:00:00
963,1300.0,2019-09-13 22:00:00
964,1000.0,2019-09-13 23:00:00
965,900.0,2019-09-14 00:00:00
966,700.0,2019-09-14 01:00:00
967,600.0,2019-09-14 02:00:00
968,600.0,2019-09-14 03:00:00
969,500.0,2019-09-14 04:00:00
970,500.0,2019-09-14 05:00:00
971,600.0,2019-09-14 06:00:00
972,800.0,2019-09-14 07:00:00
973,700.0,2019-09-14 08:00:00
974,700.0,2019-09-14 09:00:00
975,700.0,2019-09-14 10:00:00
976,600.0,2019-09-14 11:00:00
977,600.0,2019-09-14 12:00:00
978,500.0,2019-09-14 13:00:00
979,500.0,2019-09-14 14:00:00
980,500.0,2019-09-14 15:00:00
981,200.0,2019-09-14 16:00:00
982,200.0,2019-09-14 17:00:00
983,300.0,2019-09-14 18:00:00
984,500.0,2019-09-14 19:00:00
985,600.0,2019-09-14 20:00:00
986,600.0,2019-09-14 21:00:00
987,600.0,2019-09-14 22:00:00
988,500.0,2019-09-14 23:00:00
989,700.0,2019-09-15 00:00:00
990,600.0,2019-09-15 01:00:00
1939,,2019-09-15 02:00:00
991,600.0,2019-09-15 03:00:00
992,500.0,2019-09-15 04:00:00
993,500.0,2019-09-15 05:00:00
994,600.0,2019-09-15 06:00:00
995,1100.0,2019-09-15 07:00:00
996,1300.0,2019-09-15 08:00:00
997,600.0,2019-09-15 09:00:00
998,600.0,2019-09-15 10:00:00
999,500.0,2019-09-15 11:00:00
1000,400.0,2019-09-15 12:00:00
1001,600.0,2019-09-15 13:00:00
1002,500.0,2019-09-15 14:00:00
1003,500.0,2019-09-15 15:00:00
1004,500.0,2019-09-15 16:00:00
1005,600.0,2019-09-15 17:00:00
1006,600.0,2019-09-15 18:00:00
1007,900.0,2019-09-15 19:00:00
1008,1200.0,2019-09-15 20:00:00
1009,1500.0,2019-09-15 21:00:00
1010,1500.0,2019-09-15 22:00:00
1011,1300.0,2019-09-15 23:00:00
1012,1300.0,2019-09-16 00:00:00
1013,1600.0,2019-09-16 01:00:00
1014,1500.0,2019-09-16 02:00:00
1015,1400.0,2019-09-16 03:00:00
1016,1200.0,2019-09-16 04:00:00
1017,1300.0,2019-09-16 05:00:00
1018,1200.0,2019-09-16 06:00:00
1019,6700.0,2019-09-16 07:00:00
1020,1300.0,2019-09-16 08:00:00
1021,1200.0,2019-09-16 09:00:00
1022,700.0,2019-09-16 10:00:00
1023,800.0,2019-09-16 11:00:00
1024,700.0,2019-09-16 12:00:00
1940,,2019-09-16 13:00:00
1025,600.0,2019-09-16 14:00:00
1026,600.0,2019-09-16 15:00:00
1027,600.0,2019-09-16 16:00:00
1028,600.0,2019-09-16 17:00:00
1029,900.0,2019-09-16 18:00:00
1030,1000.0,2019-09-16 19:00:00
1031,1700.0,2019-09-16 20:00:00
1032,1600.0,2019-09-16 21:00:00
1033,1100.0,2019-09-16 22:00:00
1034,900.0,2019-09-16 23:00:00
1035,1000.0,2019-09-17 00:00:00
1036,1000.0,2019-09-17 01:00:00
1037,900.0,2019-09-17 02:00:00
1038,900.0,2019-09-17 03:00:00
1039,900.0,2019-09-17 04:00:00
1040,800.0,2019-09-17 05:00:00
1041,1000.0,2019-09-17 06:00:00
1042,1000.0,2019-09-17 07:00:00
1043,1000.0,2019-09-17 08:00:00
1044,700.0,2019-09-17 09:00:00
1045,800.0,2019-09-17 10:00:00
1046,1000.0,2019-09-17 11:00:00
1047,800.0,2019-09-17 12:00:00
1048,600.0,2019-09-17 13:00:00
1049,600.0,2019-09-17 14:00:00
1050,700.0,2019-09-17 15:00:00
1051,700.0,2019-09-17 16:00:00
1052,800.0,2019-09-17 17:00:00
1053,800.0,2019-09-17 18:00:00
1054,1200.0,2019-09-17 19:00:00
1055,1300.0,2019-09-17 20:00:00
1056,1300.0,2019-09-17 21:00:00
1057,1300.0,2019-09-17 22:00:00
1058,1000.0,2019-09-17 23:00:00
1059,700.0,2019-09-18 00:00:00
1060,600.0,2019-09-18 01:00:00
1061,500.0,2019-09-18 02:00:00
1062,500.0,2019-09-18 03:00:00
1063,500.0,2019-09-18 04:00:00
1064,600.0,2019-09-18 05:00:00
1065,700.0,2019-09-18 06:00:00
1066,800.0,2019-09-18 07:00:00
1067,600.0,2019-09-18 08:00:00
1068,900.0,2019-09-18 09:00:00
1069,700.0,2019-09-18 10:00:00
1070,800.0,2019-09-18 11:00:00
1071,800.0,2019-09-18 12:00:00
1072,800.0,2019-09-18 13:00:00
1073,700.0,2019-09-18 14:00:00
1074,600.0,2019-09-18 15:00:00
1075,600.0,2019-09-18 16:00:00
1076,700.0,2019-09-18 17:00:00
1077,700.0,2019-09-18 18:00:00
1078,1000.0,2019-09-18 19:00:00
1079,900.0,2019-09-18 20:00:00
1080,900.0,2019-09-18 21:00:00
1081,700.0,2019-09-18 22:00:00
1082,700.0,2019-09-18 23:00:00
1083,600.0,2019-09-19 00:00:00
1084,500.0,2019-09-19 01:00:00
1085,400.0,2019-09-19 02:00:00
1086,400.0,2019-09-19 03:00:00
1087,400.0,2019-09-19 04:00:00
1088,400.0,2019-09-19 05:00:00
1089,500.0,2019-09-19 06:00:00
1090,1000.0,2019-09-19 07:00:00
1091,800.0,2019-09-19 08:00:00
1092,800.0,2019-09-19 09:00:00
1093,500.0,2019-09-19 10:00:00
1941,,2019-09-19 11:00:00
1094,600.0,2019-09-19 12:00:00
1095,500.0,2019-09-19 13:00:00
1096,500.0,2019-09-19 14:00:00
1097,600.0,2019-09-19 15:00:00
1098,700.0,2019-09-19 16:00:00
1099,700.0,2019-09-19 17:00:00
1100,600.0,2019-09-19 18:00:00
1101,1100.0,2019-09-19 19:00:00
1102,1100.0,2019-09-19 20:00:00
1103,1100.0,2019-09-19 21:00:00
1104,800.0,2019-09-19 22:00:00
1105,900.0,2019-09-19 23:00:00
1106,700.0,2019-09-20 00:00:00
1107,700.0,2019-09-20 01:00:00
1108,800.0,2019-09-20 02:00:00
1109,700.0,2019-09-20 03:00:00
1110,700.0,2019-09-20 04:00:00
1111,800.0,2019-09-20 05:00:00
1112,900.0,2019-09-20 06:00:00
1113,1800.0,2019-09-20 07:00:00
1114,900.0,2019-09-20 08:00:00
1115,800.0,2019-09-20 09:00:00
1116,900.0,2019-09-20 10:00:00
1117,900.0,2019-09-20 11:00:00
1118,800.0,2019-09-20 12:00:00
1119,700.0,2019-09-20 13:00:00
1120,700.0,2019-09-20 14:00:00
1121,700.0,2019-09-20 15:00:00
1122,800.0,2019-09-20 16:00:00
1123,800.0,2019-09-20 17:00:00
1124,1000.0,2019-09-20 18:00:00
1125,1500.0,2019-09-20 19:00:00
1126,1600.0,2019-09-20 20:00:00
1127,2000.0,2019-09-20 21:00:00
1128,3000.0,2019-09-20 22:00:00
1129,2400.0,2019-09-20 23:00:00
1130,1000.0,2019-09-21 00:00:00
1131,700.0,2019-09-21 01:00:00
1132,400.0,2019-09-21 02:00:00
1133,400.0,2019-09-21 03:00:00
1134,500.0,2019-09-21 04:00:00
1135,500.0,2019-09-21 05:00:00
1136,800.0,2019-09-21 06:00:00
1137,1200.0,2019-09-21 07:00:00
1138,700.0,2019-09-21 08:00:00
1139,600.0,2019-09-21 09:00:00
1140,500.0,2019-09-21 10:00:00
1141,500.0,2019-09-21 11:00:00
1142,600.0,2019-09-21 12:00:00
1143,600.0,2019-09-21 13:00:00
1144,500.0,2019-09-21 14:00:00
1145,400.0,2019-09-21 15:00:00
1146,400.0,2019-09-21 16:00:00
1147,400.0,2019-09-21 17:00:00
1942,,2019-09-21 18:00:00
1943,,2019-09-21 19:00:00
1944,,2019-09-21 20:00:00
1945,,2019-09-21 21:00:00
1946,,2019-09-21 22:00:00
1947,,2019-09-21 23:00:00
1948,,2019-09-22 00:00:00
1949,,2019-09-22 01:00:00
1950,,2019-09-22 02:00:00
1951,,2019-09-22 03:00:00
1952,,2019-09-22 04:00:00
1148,500.0,2019-09-22 05:00:00
1149,600.0,2019-09-22 06:00:00
1150,1400.0,2019-09-22 07:00:00
1151,1100.0,2019-09-22 08:00:00
1152,500.0,2019-09-22 09:00:00
1153,500.0,2019-09-22 10:00:00
1154,500.0,2019-09-22 11:00:00
1155,400.0,2019-09-22 12:00:00
1156,500.0,2019-09-22 13:00:00
1157,700.0,2019-09-22 14:00:00
1158,500.0,2019-09-22 15:00:00
1159,600.0,2019-09-22 16:00:00
1160,500.0,2019-09-22 17:00:00
1161,800.0,2019-09-22 18:00:00
1162,1200.0,2019-09-22 19:00:00
1163,1200.0,2019-09-22 20:00:00
1164,1200.0,2019-09-22 21:00:00
1165,1000.0,2019-09-22 22:00:00
1166,900.0,2019-09-22 23:00:00
1167,800.0,2019-09-23 00:00:00
1168,700.0,2019-09-23 01:00:00
1169,300.0,2019-09-23 02:00:00
1170,300.0,2019-09-23 03:00:00
1171,300.0,2019-09-23 04:00:00
1172,400.0,2019-09-23 05:00:00
1173,600.0,2019-09-23 06:00:00
1174,1300.0,2019-09-23 07:00:00
1175,1000.0,2019-09-23 08:00:00
1176,700.0,2019-09-23 09:00:00
1177,500.0,2019-09-23 10:00:00
1178,600.0,2019-09-23 11:00:00
1179,600.0,2019-09-23 12:00:00
1180,500.0,2019-09-23 13:00:00
1181,500.0,2019-09-23 14:00:00
1182,400.0,2019-09-23 15:00:00
1183,400.0,2019-09-23 16:00:00
1184,400.0,2019-09-23 17:00:00
1185,600.0,2019-09-23 18:00:00
1186,1900.0,2019-09-23 19:00:00
1187,1300.0,2019-09-23 20:00:00
1188,1300.0,2019-09-23 21:00:00
1189,900.0,2019-09-23 22:00:00
1190,800.0,2019-09-23 23:00:00
1191,700.0,2019-09-24 00:00:00
1192,500.0,2019-09-24 01:00:00
1193,500.0,2019-09-24 02:00:00
1194,500.0,2019-09-24 03:00:00
1195,400.0,2019-09-24 04:00:00
1196,500.0,2019-09-24 05:00:00
1197,2900.0,2019-09-24 06:00:00
1198,1300.0,2019-09-24 07:00:00
1199,1400.0,2019-09-24 08:00:00
1200,1000.0,2019-09-24 09:00:00
1201,600.0,2019-09-24 10:00:00
1202,800.0,2019-09-24 11:00:00
1203,700.0,2019-09-24 12:00:00
1204,600.0,2019-09-24 13:00:00
1205,500.0,2019-09-24 14:00:00
1206,400.0,2019-09-24 15:00:00
1207,500.0,2019-09-24 16:00:00
1208,500.0,2019-09-24 17:00:00
1209,800.0,2019-09-24 18:00:00
1210,1000.0,2019-09-24 19:00:00
1211,1400.0,2019-09-24 20:00:00
1212,1700.0,2019-09-24 21:00:00
1213,1200.0,2019-09-24 22:00:00
1214,900.0,2019-09-24 23:00:00
1215,700.0,2019-09-25 00:00:00
1216,600.0,2019-09-25 01:00:00
1217,500.0,2019-09-25 02:00:00
1218,500.0,2019-09-25 03:00:00
1219,400.0,2019-09-25 04:00:00
1220,500.0,2019-09-25 05:00:00
1221,1600.0,2019-09-25 06:00:00
1222,1300.0,2019-09-25 07:00:00
1223,1000.0,2019-09-25 08:00:00
1224,700.0,2019-09-25 09:00:00
1225,700.0,2019-09-25 10:00:00
1226,700.0,2019-09-25 11:00:00
1227,600.0,2019-09-25 12:00:00
1228,500.0,2019-09-25 13:00:00
1229,400.0,2019-09-25 14:00:00
1230,400.0,2019-09-25 15:00:00
1231,400.0,2019-09-25 16:00:00
1232,500.0,2019-09-25 17:00:00
1233,800.0,2019-09-25 18:00:00
1234,1500.0,2019-09-25 19:00:00
1235,1300.0,2019-09-25 20:00:00
1236,1600.0,2019-09-25 21:00:00
1237,1500.0,2019-09-25 22:00:00
1238,1400.0,2019-09-25 23:00:00
1239,1200.0,2019-09-26 00:00:00
1240,600.0,2019-09-26 01:00:00
1241,600.0,2019-09-26 02:00:00
1242,600.0,2019-09-26 03:00:00
1243,500.0,2019-09-26 04:00:00
1244,500.0,2019-09-26 05:00:00
1245,500.0,2019-09-26 06:00:00
1246,1000.0,2019-09-26 07:00:00
1247,700.0,2019-09-26 08:00:00
1248,500.0,2019-09-26 09:00:00
1953,,2019-09-26 10:00:00
1954,,2019-09-26 11:00:00
1955,,2019-09-26 12:00:00
1249,400.0,2019-09-26 13:00:00
1250,100.0,2019-09-26 14:00:00
1251,100.0,2019-09-26 15:00:00
1252,100.0,2019-09-26 16:00:00
1253,100.0,2019-09-26 17:00:00
1254,500.0,2019-09-26 18:00:00
1255,1700.0,2019-09-26 19:00:00
1256,900.0,2019-09-26 20:00:00
1257,800.0,2019-09-26 21:00:00
1258,700.0,2019-09-26 22:00:00
1259,400.0,2019-09-26 23:00:00
1260,400.0,2019-09-27 00:00:00
1261,300.0,2019-09-27 01:00:00
1262,300.0,2019-09-27 02:00:00
1263,300.0,2019-09-27 03:00:00
1264,300.0,2019-09-27 04:00:00
1265,300.0,2019-09-27 05:00:00
1266,600.0,2019-09-27 06:00:00
1267,900.0,2019-09-27 07:00:00
1268,600.0,2019-09-27 08:00:00
1269,400.0,2019-09-27 09:00:00
1270,400.0,2019-09-27 10:00:00
1271,400.0,2019-09-27 11:00:00
1272,400.0,2019-09-27 12:00:00
1273,400.0,2019-09-27 13:00:00
1274,200.0,2019-09-27 14:00:00
1275,400.0,2019-09-27 15:00:00
1276,400.0,2019-09-27 16:00:00
1277,400.0,2019-09-27 17:00:00
1278,800.0,2019-09-27 18:00:00
1279,1700.0,2019-09-27 19:00:00
1280,900.0,2019-09-27 20:00:00
1281,900.0,2019-09-27 21:00:00
1282,900.0,2019-09-27 22:00:00
1283,600.0,2019-09-27 23:00:00
1284,600.0,2019-09-28 00:00:00
1285,500.0,2019-09-28 01:00:00
1286,500.0,2019-09-28 02:00:00
1287,500.0,2019-09-28 03:00:00
1288,500.0,2019-09-28 04:00:00
1289,500.0,2019-09-28 05:00:00
1290,900.0,2019-09-28 06:00:00
1291,800.0,2019-09-28 07:00:00
1292,900.0,2019-09-28 08:00:00
1293,500.0,2019-09-28 09:00:00
1294,400.0,2019-09-28 10:00:00
1295,400.0,2019-09-28 11:00:00
1296,400.0,2019-09-28 12:00:00
1297,500.0,2019-09-28 13:00:00
1298,300.0,2019-09-28 14:00:00
1299,200.0,2019-09-28 15:00:00
1300,300.0,2019-09-28 16:00:00
1301,300.0,2019-09-28 17:00:00
1302,300.0,2019-09-28 18:00:00
1303,1400.0,2019-09-28 19:00:00
1304,1500.0,2019-09-28 20:00:00
1305,500.0,2019-09-28 21:00:00
1306,300.0,2019-09-28 22:00:00
1307,300.0,2019-09-28 23:00:00
1308,500.0,2019-09-29 00:00:00
1309,300.0,2019-09-29 01:00:00
1310,500.0,2019-09-29 02:00:00
1311,400.0,2019-09-29 03:00:00
1312,500.0,2019-09-29 04:00:00
1313,500.0,2019-09-29 05:00:00
1314,400.0,2019-09-29 06:00:00
1315,600.0,2019-09-29 07:00:00
1316,1500.0,2019-09-29 08:00:00
1317,700.0,2019-09-29 09:00:00
1318,600.0,2019-09-29 10:00:00
1319,600.0,2019-09-29 11:00:00
1320,700.0,2019-09-29 12:00:00
1321,700.0,2019-09-29 13:00:00
1322,600.0,2019-09-29 14:00:00
1323,600.0,2019-09-29 15:00:00
1324,600.0,2019-09-29 16:00:00
1325,500.0,2019-09-29 17:00:00
1326,1100.0,2019-09-29 18:00:00
1327,1400.0,2019-09-29 19:00:00
1328,1000.0,2019-09-29 20:00:00
1329,1000.0,2019-09-29 21:00:00
1330,900.0,2019-09-29 22:00:00
1331,800.0,2019-09-29 23:00:00
1332,600.0,2019-09-30 00:00:00
1333,600.0,2019-09-30 01:00:00
1334,400.0,2019-09-30 02:00:00
1335,500.0,2019-09-30 03:00:00
1336,400.0,2019-09-30 04:00:00
1337,500.0,2019-09-30 05:00:00
1338,500.0,2019-09-30 06:00:00
1339,600.0,2019-09-30 07:00:00
1340,600.0,2019-09-30 08:00:00
1341,700.0,2019-09-30 09:00:00
1342,400.0,2019-09-30 10:00:00
1343,600.0,2019-09-30 11:00:00
1344,800.0,2019-09-30 12:00:00
1345,700.0,2019-09-30 13:00:00
1346,800.0,2019-09-30 14:00:00
1956,,2019-09-30 15:00:00
1957,,2019-09-30 16:00:00
1347,700.0,2019-09-30 17:00:00
1348,1800.0,2019-09-30 18:00:00
1349,2800.0,2019-09-30 19:00:00
1350,1600.0,2019-09-30 20:00:00
1351,1400.0,2019-09-30 21:00:00
1352,1300.0,2019-09-30 22:00:00
1353,1200.0,2019-09-30 23:00:00
1354,900.0,2019-10-01 00:00:00
1355,1000.0,2019-10-01 01:00:00
1356,1000.0,2019-10-01 02:00:00
1357,900.0,2019-10-01 03:00:00
1358,800.0,2019-10-01 04:00:00
1359,900.0,2019-10-01 05:00:00
1360,1100.0,2019-10-01 06:00:00
1361,1300.0,2019-10-01 07:00:00
1362,1300.0,2019-10-01 08:00:00
1363,1000.0,2019-10-01 09:00:00
1364,900.0,2019-10-01 10:00:00
1365,900.0,2019-10-01 11:00:00
1366,1000.0,2019-10-01 12:00:00
1367,1000.0,2019-10-01 13:00:00
1368,1000.0,2019-10-01 14:00:00
1369,1100.0,2019-10-01 15:00:00
1958,,2019-10-01 16:00:00
1370,1200.0,2019-10-01 17:00:00
1371,1400.0,2019-10-01 18:00:00
1372,1500.0,2019-10-01 19:00:00
1373,1700.0,2019-10-01 20:00:00
1374,1400.0,2019-10-01 21:00:00
1959,,2019-10-01 22:00:00
1375,1900.0,2019-10-01 23:00:00
1960,,2019-10-02 00:00:00
1961,,2019-10-02 01:00:00
1962,,2019-10-02 02:00:00
1963,,2019-10-02 03:00:00
1964,,2019-10-02 04:00:00
1965,,2019-10-02 05:00:00
1966,,2019-10-02 06:00:00
1967,,2019-10-02 07:00:00
1968,,2019-10-02 08:00:00
1969,,2019-10-02 09:00:00
1376,500.0,2019-10-02 10:00:00
1970,,2019-10-02 11:00:00
1377,500.0,2019-10-02 12:00:00
1971,,2019-10-02 13:00:00
1378,400.0,2019-10-02 14:00:00
1379,400.0,2019-10-02 15:00:00
1380,400.0,2019-10-02 16:00:00
1381,1000.0,2019-10-02 17:00:00
1382,900.0,2019-10-02 18:00:00
1383,1200.0,2019-10-02 19:00:00
1384,1100.0,2019-10-02 20:00:00
1385,1100.0,2019-10-02 21:00:00
1386,1400.0,2019-10-02 22:00:00
1387,1900.0,2019-10-02 23:00:00
1388,1300.0,2019-10-03 00:00:00
1389,1600.0,2019-10-03 01:00:00
1390,900.0,2019-10-03 02:00:00
1391,800.0,2019-10-03 03:00:00
1392,800.0,2019-10-03 04:00:00
1393,800.0,2019-10-03 05:00:00
1394,700.0,2019-10-03 06:00:00
1395,2600.0,2019-10-03 07:00:00
1396,1200.0,2019-10-03 08:00:00
1972,,2019-10-03 09:00:00
1397,800.0,2019-10-03 10:00:00
1398,700.0,2019-10-03 11:00:00
1399,500.0,2019-10-03 12:00:00
1400,400.0,2019-10-03 13:00:00
1401,400.0,2019-10-03 14:00:00
1402,500.0,2019-10-03 15:00:00
1403,800.0,2019-10-03 16:00:00
1404,1000.0,2019-10-03 17:00:00
1405,1000.0,2019-10-03 18:00:00
1406,2500.0,2019-10-03 19:00:00
1407,900.0,2019-10-03 20:00:00
1408,700.0,2019-10-03 21:00:00
1409,1100.0,2019-10-03 22:00:00
1410,800.0,2019-10-03 23:00:00
1411,500.0,2019-10-04 00:00:00
1412,600.0,2019-10-04 01:00:00
1413,500.0,2019-10-04 02:00:00
1414,500.0,2019-10-04 03:00:00
1415,500.0,2019-10-04 04:00:00
1416,600.0,2019-10-04 05:00:00
1417,700.0,2019-10-04 06:00:00
1418,1400.0,2019-10-04 07:00:00
1419,900.0,2019-10-04 08:00:00
1420,700.0,2019-10-04 09:00:00
1421,600.0,2019-10-04 10:00:00
1422,600.0,2019-10-04 11:00:00
1423,600.0,2019-10-04 12:00:00
1424,500.0,2019-10-04 13:00:00
1425,400.0,2019-10-04 14:00:00
1426,400.0,2019-10-04 15:00:00
1427,400.0,2019-10-04 16:00:00
1428,500.0,2019-10-04 17:00:00
1429,600.0,2019-10-04 18:00:00
1430,600.0,2019-10-04 19:00:00
1431,700.0,2019-10-04 20:00:00
1432,1700.0,2019-10-04 21:00:00
1433,1500.0,2019-10-04 22:00:00
1434,600.0,2019-10-04 23:00:00
1435,800.0,2019-10-05 00:00:00
1436,600.0,2019-10-05 01:00:00
1437,500.0,2019-10-05 02:00:00
1438,500.0,2019-10-05 03:00:00
1439,500.0,2019-10-05 04:00:00
1440,400.0,2019-10-05 05:00:00
1973,,2019-10-05 06:00:00
1441,1000.0,2019-10-05 07:00:00
1442,800.0,2019-10-05 08:00:00
1443,400.0,2019-10-05 09:00:00
1444,400.0,2019-10-05 10:00:00
1974,,2019-10-05 11:00:00
1975,,2019-10-05 12:00:00
1976,,2019-10-05 13:00:00
1445,300.0,2019-10-05 14:00:00
1446,300.0,2019-10-05 15:00:00
1447,300.0,2019-10-05 16:00:00
1448,300.0,2019-10-05 17:00:00
1449,400.0,2019-10-05 18:00:00
1450,700.0,2019-10-05 19:00:00
1451,1000.0,2019-10-05 20:00:00
1452,1100.0,2019-10-05 21:00:00
1453,1400.0,2019-10-05 22:00:00
1454,800.0,2019-10-05 23:00:00
1455,700.0,2019-10-06 00:00:00
1456,600.0,2019-10-06 01:00:00
1977,,2019-10-06 02:00:00
1457,500.0,2019-10-06 03:00:00
1458,700.0,2019-10-06 04:00:00
1459,700.0,2019-10-06 05:00:00
1460,700.0,2019-10-06 06:00:00
1461,900.0,2019-10-06 07:00:00
1462,1000.0,2019-10-06 08:00:00
1463,900.0,2019-10-06 09:00:00
1464,700.0,2019-10-06 10:00:00
1465,700.0,2019-10-06 11:00:00
1466,600.0,2019-10-06 12:00:00
1467,500.0,2019-10-06 13:00:00
1468,500.0,2019-10-06 14:00:00
1469,300.0,2019-10-06 15:00:00
1470,400.0,2019-10-06 16:00:00
1471,400.0,2019-10-06 17:00:00
1472,600.0,2019-10-06 18:00:00
1473,1000.0,2019-10-06 19:00:00
1474,1100.0,2019-10-06 20:00:00
1475,700.0,2019-10-06 21:00:00
1978,,2019-10-06 22:00:00
1476,600.0,2019-10-06 23:00:00
1477,600.0,2019-10-07 00:00:00
1478,600.0,2019-10-07 01:00:00
1979,,2019-10-07 02:00:00
1479,600.0,2019-10-07 03:00:00
1480,600.0,2019-10-07 04:00:00
1481,700.0,2019-10-07 05:00:00
1482,900.0,2019-10-07 06:00:00
1483,800.0,2019-10-07 07:00:00
1484,900.0,2019-10-07 08:00:00
1485,600.0,2019-10-07 09:00:00
1486,600.0,2019-10-07 10:00:00
1487,500.0,2019-10-07 11:00:00
1488,500.0,2019-10-07 12:00:00
1489,400.0,2019-10-07 13:00:00
1490,500.0,2019-10-07 14:00:00
1491,400.0,2019-10-07 15:00:00
1492,500.0,2019-10-07 16:00:00
1493,400.0,2019-10-07 17:00:00
1494,600.0,2019-10-07 18:00:00
1495,800.0,2019-10-07 19:00:00
1496,700.0,2019-10-07 20:00:00
1497,800.0,2019-10-07 21:00:00
1498,600.0,2019-10-07 22:00:00
1499,600.0,2019-10-07 23:00:00
1500,200.0,2019-10-08 00:00:00
1501,300.0,2019-10-08 01:00:00
1502,200.0,2019-10-08 02:00:00
1503,300.0,2019-10-08 03:00:00
1504,400.0,2019-10-08 04:00:00
1505,400.0,2019-10-08 05:00:00
1506,400.0,2019-10-08 06:00:00
1507,600.0,2019-10-08 07:00:00
1508,600.0,2019-10-08 08:00:00
1509,700.0,2019-10-08 09:00:00
1510,700.0,2019-10-08 10:00:00
1511,400.0,2019-10-08 11:00:00
1512,300.0,2019-10-08 12:00:00
1513,300.0,2019-10-08 13:00:00
1514,300.0,2019-10-08 14:00:00
1515,300.0,2019-10-08 15:00:00
1516,300.0,2019-10-08 16:00:00
1517,300.0,2019-10-08 17:00:00
1518,400.0,2019-10-08 18:00:00
1519,1300.0,2019-10-08 19:00:00
1520,1700.0,2019-10-08 20:00:00
1521,1900.0,2019-10-08 21:00:00
1522,1700.0,2019-10-08 22:00:00
1523,3100.0,2019-10-08 23:00:00
1524,1800.0,2019-10-09 00:00:00
1525,1600.0,2019-10-09 01:00:00
1526,1600.0,2019-10-09 02:00:00
1527,1500.0,2019-10-09 03:00:00
1528,1400.0,2019-10-09 04:00:00
1529,1500.0,2019-10-09 05:00:00
1530,1500.0,2019-10-09 06:00:00
1531,2500.0,2019-10-09 07:00:00
1532,1300.0,2019-10-09 08:00:00
1533,1000.0,2019-10-09 09:00:00
1534,600.0,2019-10-09 10:00:00
1535,700.0,2019-10-09 11:00:00
1536,500.0,2019-10-09 12:00:00
1537,500.0,2019-10-09 13:00:00
1538,500.0,2019-10-09 14:00:00
1539,500.0,2019-10-09 15:00:00
1540,500.0,2019-10-09 16:00:00
1541,600.0,2019-10-09 17:00:00
1542,900.0,2019-10-09 18:00:00
1543,1400.0,2019-10-09 19:00:00
1544,1500.0,2019-10-09 20:00:00
1545,1700.0,2019-10-09 21:00:00
1546,1600.0,2019-10-09 22:00:00
1547,2100.0,2019-10-09 23:00:00
1548,1500.0,2019-10-10 00:00:00
1549,1300.0,2019-10-10 01:00:00
1550,1000.0,2019-10-10 02:00:00
1551,1300.0,2019-10-10 03:00:00
1552,1100.0,2019-10-10 04:00:00
1553,1100.0,2019-10-10 05:00:00
1554,1400.0,2019-10-10 06:00:00
1555,1600.0,2019-10-10 07:00:00
1556,1600.0,2019-10-10 08:00:00
1557,1300.0,2019-10-10 09:00:00
1558,1300.0,2019-10-10 10:00:00
1559,1200.0,2019-10-10 11:00:00
1560,900.0,2019-10-10 12:00:00
1561,900.0,2019-10-10 13:00:00
1562,800.0,2019-10-10 14:00:00
1563,600.0,2019-10-10 15:00:00
1564,700.0,2019-10-10 16:00:00
1565,800.0,2019-10-10 17:00:00
1566,900.0,2019-10-10 18:00:00
1567,1400.0,2019-10-10 19:00:00
1568,1800.0,2019-10-10 20:00:00
1569,1900.0,2019-10-10 21:00:00
1980,,2019-10-10 22:00:00
1981,,2019-10-10 23:00:00
1982,,2019-10-11 00:00:00
1983,,2019-10-11 01:00:00
1984,,2019-10-11 02:00:00
1985,,2019-10-11 03:00:00
1986,,2019-10-11 04:00:00
1570,1100.0,2019-10-11 05:00:00
1571,1100.0,2019-10-11 06:00:00
1572,1600.0,2019-10-11 07:00:00
1573,2300.0,2019-10-11 08:00:00
1574,1300.0,2019-10-11 09:00:00
1575,800.0,2019-10-11 10:00:00
1576,600.0,2019-10-11 11:00:00
1577,600.0,2019-10-11 12:00:00
1578,600.0,2019-10-11 13:00:00
1579,500.0,2019-10-11 14:00:00
1580,600.0,2019-10-11 15:00:00
1581,600.0,2019-10-11 16:00:00
1582,700.0,2019-10-11 17:00:00
1583,900.0,2019-10-11 18:00:00
1584,1100.0,2019-10-11 19:00:00
1585,4800.0,2019-10-11 20:00:00
1586,1900.0,2019-10-11 21:00:00
1587,2500.0,2019-10-11 22:00:00
1588,1900.0,2019-10-11 23:00:00
1589,1100.0,2019-10-12 00:00:00
1590,1100.0,2019-10-12 01:00:00
1591,1000.0,2019-10-12 02:00:00
1592,1100.0,2019-10-12 03:00:00
1593,1500.0,2019-10-12 04:00:00
1594,1400.0,2019-10-12 05:00:00
1595,1200.0,2019-10-12 06:00:00
1596,1700.0,2019-10-12 07:00:00
1597,1500.0,2019-10-12 08:00:00
1598,1400.0,2019-10-12 09:00:00
1599,1000.0,2019-10-12 10:00:00
1600,600.0,2019-10-12 11:00:00
1601,600.0,2019-10-12 12:00:00
1602,500.0,2019-10-12 13:00:00
1603,500.0,2019-10-12 14:00:00
1604,400.0,2019-10-12 15:00:00
1605,400.0,2019-10-12 16:00:00
1606,600.0,2019-10-12 17:00:00
1607,900.0,2019-10-12 18:00:00
1608,1400.0,2019-10-12 19:00:00
1609,3200.0,2019-10-12 20:00:00
1610,3000.0,2019-10-12 21:00:00
1611,3100.0,2019-10-12 22:00:00
1612,1400.0,2019-10-12 23:00:00
1613,2200.0,2019-10-13 00:00:00
1614,1900.0,2019-10-13 01:00:00
1615,1900.0,2019-10-13 02:00:00
1616,2200.0,2019-10-13 03:00:00
1617,1400.0,2019-10-13 04:00:00
1618,1500.0,2019-10-13 05:00:00
1619,1400.0,2019-10-13 06:00:00
1620,1800.0,2019-10-13 07:00:00
1621,1700.0,2019-10-13 08:00:00
1622,1300.0,2019-10-13 09:00:00
1623,800.0,2019-10-13 10:00:00
1624,800.0,2019-10-13 11:00:00
1625,800.0,2019-10-13 12:00:00
1626,600.0,2019-10-13 13:00:00
1627,600.0,2019-10-13 14:00:00
1628,500.0,2019-10-13 15:00:00
1629,500.0,2019-10-13 16:00:00
1630,500.0,2019-10-13 17:00:00
1631,900.0,2019-10-13 18:00:00
1632,1900.0,2019-10-13 19:00:00
1633,2200.0,2019-10-13 20:00:00
1634,2700.0,2019-10-13 21:00:00
1635,2300.0,2019-10-13 22:00:00
1636,1900.0,2019-10-13 23:00:00
1637,2400.0,2019-10-14 00:00:00
1638,2500.0,2019-10-14 01:00:00
1639,1600.0,2019-10-14 02:00:00
1640,1600.0,2019-10-14 03:00:00
1641,1600.0,2019-10-14 04:00:00
1642,1700.0,2019-10-14 05:00:00
1643,1800.0,2019-10-14 06:00:00
1644,1900.0,2019-10-14 07:00:00
1645,2700.0,2019-10-14 08:00:00
1646,1700.0,2019-10-14 09:00:00
1647,1100.0,2019-10-14 10:00:00
1648,800.0,2019-10-14 11:00:00
1649,700.0,2019-10-14 12:00:00
1650,900.0,2019-10-14 13:00:00
1651,700.0,2019-10-14 14:00:00
1652,800.0,2019-10-14 15:00:00
1653,900.0,2019-10-14 16:00:00
1654,900.0,2019-10-14 17:00:00
1655,1300.0,2019-10-14 18:00:00
1656,2100.0,2019-10-14 19:00:00
1657,2400.0,2019-10-14 20:00:00
1658,4600.0,2019-10-14 21:00:00
1659,6700.0,2019-10-14 22:00:00
1660,6000.0,2019-10-14 23:00:00
1661,4800.0,2019-10-15 00:00:00
1662,5000.0,2019-10-15 01:00:00
1663,3600.0,2019-10-15 02:00:00
1664,2600.0,2019-10-15 03:00:00
1665,1900.0,2019-10-15 04:00:00
1666,2000.0,2019-10-15 05:00:00
1667,3300.0,2019-10-15 06:00:00
1668,3000.0,2019-10-15 07:00:00
1669,2700.0,2019-10-15 08:00:00
1670,2100.0,2019-10-15 09:00:00
1671,1400.0,2019-10-15 10:00:00
1672,1900.0,2019-10-15 11:00:00
1673,1000.0,2019-10-15 12:00:00
1674,700.0,2019-10-15 13:00:00
1675,800.0,2019-10-15 14:00:00
1676,600.0,2019-10-15 15:00:00
1677,800.0,2019-10-15 16:00:00
1678,900.0,2019-10-15 17:00:00
1679,1500.0,2019-10-15 18:00:00
1680,5100.0,2019-10-15 19:00:00
1681,3600.0,2019-10-15 20:00:00
1682,3200.0,2019-10-15 21:00:00
1683,2600.0,2019-10-15 22:00:00
1684,2600.0,2019-10-15 23:00:00
1685,3900.0,2019-10-16 00:00:00
1686,3600.0,2019-10-16 01:00:00
1687,2900.0,2019-10-16 02:00:00
1688,2200.0,2019-10-16 03:00:00
1689,1600.0,2019-10-16 04:00:00
1690,1500.0,2019-10-16 05:00:00
1691,1500.0,2019-10-16 06:00:00
1692,1800.0,2019-10-16 07:00:00
1693,2000.0,2019-10-16 08:00:00
1694,1600.0,2019-10-16 09:00:00
1695,1700.0,2019-10-16 10:00:00
1696,1300.0,2019-10-16 11:00:00
1697,1200.0,2019-10-16 12:00:00
1698,1400.0,2019-10-16 13:00:00
1699,1200.0,2019-10-16 14:00:00
1700,1400.0,2019-10-16 15:00:00
1701,1300.0,2019-10-16 16:00:00
1702,1400.0,2019-10-16 17:00:00
1703,1900.0,2019-10-16 18:00:00
1704,3100.0,2019-10-16 19:00:00
1705,2700.0,2019-10-16 20:00:00
1706,2500.0,2019-10-16 21:00:00
1707,2700.0,2019-10-16 22:00:00
1708,2500.0,2019-10-16 23:00:00
1709,2000.0,2019-10-17 00:00:00
1710,1900.0,2019-10-17 01:00:00
1711,1800.0,2019-10-17 02:00:00
1712,1500.0,2019-10-17 03:00:00
1713,1200.0,2019-10-17 04:00:00
1714,1300.0,2019-10-17 05:00:00
1715,1800.0,2019-10-17 06:00:00
1716,1900.0,2019-10-17 07:00:00
1717,2000.0,2019-10-17 08:00:00
1718,1800.0,2019-10-17 09:00:00
1719,1600.0,2019-10-17 10:00:00
1720,1500.0,2019-10-17 11:00:00
1721,1200.0,2019-10-17 12:00:00
1722,1000.0,2019-10-17 13:00:00
1723,900.0,2019-10-17 14:00:00
1724,900.0,2019-10-17 15:00:00
1725,1000.0,2019-10-17 16:00:00
1726,1200.0,2019-10-17 17:00:00
1727,1600.0,2019-10-17 18:00:00
1728,2800.0,2019-10-17 19:00:00
1729,3400.0,2019-10-17 20:00:00
1730,3800.0,2019-10-17 21:00:00
1731,2100.0,2019-10-17 22:00:00
1732,1600.0,2019-10-17 23:00:00
1733,1600.0,2019-10-18 00:00:00
1734,1400.0,2019-10-18 01:00:00
1987,,2019-10-18 02:00:00
1735,1200.0,2019-10-18 03:00:00
1736,1200.0,2019-10-18 04:00:00
1737,1000.0,2019-10-18 05:00:00
1738,1200.0,2019-10-18 06:00:00
1739,1400.0,2019-10-18 07:00:00
1740,1600.0,2019-10-18 08:00:00
1741,1200.0,2019-10-18 09:00:00
1742,1200.0,2019-10-18 10:00:00
1743,1200.0,2019-10-18 11:00:00
1744,1100.0,2019-10-18 12:00:00
1745,900.0,2019-10-18 13:00:00
1746,800.0,2019-10-18 14:00:00
1747,800.0,2019-10-18 15:00:00
1748,1200.0,2019-10-18 16:00:00
1749,1200.0,2019-10-18 17:00:00
1750,1600.0,2019-10-18 18:00:00
1751,600.0,2019-10-18 19:00:00
1752,600.0,2019-10-18 20:00:00
1753,600.0,2019-10-18 21:00:00
1754,1000.0,2019-10-18 22:00:00
1755,1300.0,2019-10-18 23:00:00
1756,1400.0,2019-10-19 00:00:00
1757,1600.0,2019-10-19 01:00:00
1988,,2019-10-19 02:00:00
1758,800.0,2019-10-19 03:00:00
1759,1000.0,2019-10-19 04:00:00
1760,1300.0,2019-10-19 05:00:00
1761,1100.0,2019-10-19 06:00:00
1762,1400.0,2019-10-19 07:00:00
1763,1500.0,2019-10-19 08:00:00
1764,1400.0,2019-10-19 09:00:00
1765,1200.0,2019-10-19 10:00:00
1766,800.0,2019-10-19 11:00:00
1767,800.0,2019-10-19 12:00:00
1768,800.0,2019-10-19 13:00:00
1769,700.0,2019-10-19 14:00:00
1770,700.0,2019-10-19 15:00:00
1771,700.0,2019-10-19 16:00:00
1772,800.0,2019-10-19 17:00:00
1773,1200.0,2019-10-19 18:00:00
1774,2400.0,2019-10-19 19:00:00
1775,2900.0,2019-10-19 20:00:00
1776,2600.0,2019-10-19 21:00:00
1777,2500.0,2019-10-19 22:00:00
1778,1800.0,2019-10-19 23:00:00
1779,1200.0,2019-10-20 00:00:00
1780,900.0,2019-10-20 01:00:00
1781,900.0,2019-10-20 02:00:00
1782,900.0,2019-10-20 03:00:00
1783,1000.0,2019-10-20 04:00:00
1784,1000.0,2019-10-20 05:00:00
1785,1700.0,2019-10-20 06:00:00
1786,1300.0,2019-10-20 07:00:00
1787,1200.0,2019-10-20 08:00:00
1788,1000.0,2019-10-20 09:00:00
1789,900.0,2019-10-20 10:00:00
1790,700.0,2019-10-20 11:00:00
1791,500.0,2019-10-20 12:00:00
1792,500.0,2019-10-20 13:00:00
1793,400.0,2019-10-20 14:00:00
1794,600.0,2019-10-20 15:00:00
1795,400.0,2019-10-20 16:00:00
1796,500.0,2019-10-20 17:00:00
1797,700.0,2019-10-20 18:00:00
1798,3800.0,2019-10-20 19:00:00
1799,4400.0,2019-10-20 20:00:00
1800,2600.0,2019-10-20 21:00:00
1801,2400.0,2019-10-20 22:00:00
1802,1100.0,2019-10-20 23:00:00
1803,1100.0,2019-10-21 00:00:00
1804,1200.0,2019-10-21 01:00:00
1805,1000.0,2019-10-21 02:00:00
1806,1000.0,2019-10-21 03:00:00
1807,1100.0,2019-10-21 04:00:00
1808,1200.0,2019-10-21 05:00:00
1809,1300.0,2019-10-21 06:00:00
1810,2000.0,2019-10-21 07:00:00
1811,1500.0,2019-10-21 08:00:00
1812,1200.0,2019-10-21 09:00:00
1813,1100.0,2019-10-21 10:00:00
1814,1000.0,2019-10-21 11:00:00
1815,900.0,2019-10-21 12:00:00
1816,800.0,2019-10-21 13:00:00
1817,700.0,2019-10-21 14:00:00
1818,700.0,2019-10-21 15:00:00
1819,600.0,2019-10-21 16:00:00
1820,700.0,2019-10-21 17:00:00
1821,1100.0,2019-10-21 18:00:00
1822,3400.0,2019-10-21 19:00:00
1823,5000.0,2019-10-21 20:00:00
1824,4100.0,2019-10-21 21:00:00
1825,1900.0,2019-10-21 22:00:00
1826,2500.0,2019-10-21 23:00:00
1827,1500.0,2019-10-22 00:00:00
1828,1200.0,2019-10-22 01:00:00
1829,1000.0,2019-10-22 02:00:00
1830,1000.0,2019-10-22 03:00:00
1831,900.0,2019-10-22 04:00:00
1832,900.0,2019-10-22 05:00:00
1833,900.0,2019-10-22 06:00:00
1834,1100.0,2019-10-22 07:00:00
1835,1200.0,2019-10-22 08:00:00
1836,1000.0,2019-10-22 09:00:00
1837,900.0,2019-10-22 10:00:00
1838,700.0,2019-10-22 11:00:00
1839,700.0,2019-10-22 12:00:00
1840,700.0,2019-10-22 13:00:00
1841,500.0,2019-10-22 14:00:00
1842,500.0,2019-10-22 15:00:00
1843,600.0,2019-10-22 16:00:00
1844,700.0,2019-10-22 17:00:00
1845,1400.0,2019-10-22 18:00:00
1846,3400.0,2019-10-22 19:00:00
1847,4500.0,2019-10-22 20:00:00
1848,3900.0,2019-10-22 21:00:00
1849,3000.0,2019-10-22 22:00:00
1850,2100.0,2019-10-22 23:00:00
1851,1800.0,2019-10-23 00:00:00
1852,1700.0,2019-10-23 01:00:00
1853,1400.0,2019-10-23 02:00:00
1854,1400.0,2019-10-23 03:00:00
1855,1300.0,2019-10-23 04:00:00
1856,1300.0,2019-10-23 05:00:00
1857,1300.0,2019-10-23 06:00:00
1858,1800.0,2019-10-23 07:00:00
1859,2100.0,2019-10-23 08:00:00
1860,1500.0,2019-10-23 09:00:00
1861,1500.0,2019-10-23 10:00:00
1862,1000.0,2019-10-23 11:00:00
1863,900.0,2019-10-23 12:00:00
1864,800.0,2019-10-23 13:00:00
1865,800.0,2019-10-23 14:00:00
1866,700.0,2019-10-23 15:00:00
1867,700.0,2019-10-23 16:00:00
1868,700.0,2019-10-23 17:00:00
1869,1100.0,2019-10-23 18:00:00
1870,4600.0,2019-10-23 19:00:00
1871,6200.0,2019-10-23 20:00:00
1989,,2019-10-23 21:00:00
1990,,2019-10-23 22:00:00
1991,,2019-10-23 23:00:00
