,o3,local_time
0,3.3,2019-08-02 00:00:00
1,6.5,2019-08-02 01:00:00
2,5.2,2019-08-02 02:00:00
3,7.2,2019-08-02 03:00:00
4,3.9,2019-08-02 04:00:00
5,5.4,2019-08-02 05:00:00
6,4.1,2019-08-02 06:00:00
7,4.2,2019-08-02 07:00:00
8,5.1,2019-08-02 08:00:00
9,11.3,2019-08-02 09:00:00
10,19.4,2019-08-02 10:00:00
11,24.5,2019-08-02 11:00:00
12,44.8,2019-08-02 12:00:00
13,29.4,2019-08-02 13:00:00
14,22.6,2019-08-02 14:00:00
15,13.9,2019-08-02 15:00:00
16,14.2,2019-08-02 16:00:00
17,9.4,2019-08-02 17:00:00
18,14.4,2019-08-02 18:00:00
19,6.5,2019-08-02 19:00:00
20,10.3,2019-08-02 20:00:00
21,60.9,2019-08-02 21:00:00
22,11.2,2019-08-02 22:00:00
23,14.1,2019-08-02 23:00:00
24,3.8,2019-08-03 00:00:00
25,12.2,2019-08-03 01:00:00
26,21.8,2019-08-03 02:00:00
27,41.6,2019-08-03 03:00:00
28,8.1,2019-08-03 04:00:00
29,15.1,2019-08-03 05:00:00
30,6.7,2019-08-03 06:00:00
31,5.8,2019-08-03 07:00:00
32,5.7,2019-08-03 08:00:00
33,10.0,2019-08-03 09:00:00
34,8.2,2019-08-03 10:00:00
35,5.5,2019-08-03 11:00:00
36,8.6,2019-08-03 12:00:00
37,14.6,2019-08-03 13:00:00
38,11.2,2019-08-03 14:00:00
39,9.9,2019-08-03 15:00:00
40,23.7,2019-08-03 16:00:00
41,32.5,2019-08-03 17:00:00
42,14.5,2019-08-03 18:00:00
43,8.2,2019-08-03 19:00:00
44,4.2,2019-08-03 20:00:00
45,3.2,2019-08-03 21:00:00
46,11.1,2019-08-03 22:00:00
47,3.9,2019-08-03 23:00:00
48,3.5,2019-08-04 00:00:00
49,10.8,2019-08-04 01:00:00
50,10.5,2019-08-04 02:00:00
51,5.7,2019-08-04 03:00:00
52,9.6,2019-08-04 04:00:00
53,11.1,2019-08-04 05:00:00
54,7.6,2019-08-04 06:00:00
55,6.7,2019-08-04 07:00:00
56,6.1,2019-08-04 08:00:00
57,6.0,2019-08-04 09:00:00
58,7.2,2019-08-04 10:00:00
59,11.0,2019-08-04 11:00:00
60,18.3,2019-08-04 12:00:00
61,27.8,2019-08-04 13:00:00
62,23.8,2019-08-04 14:00:00
63,28.7,2019-08-04 15:00:00
64,17.9,2019-08-04 16:00:00
65,24.3,2019-08-04 17:00:00
66,17.8,2019-08-04 18:00:00
67,5.4,2019-08-04 19:00:00
68,6.7,2019-08-04 20:00:00
69,4.5,2019-08-04 21:00:00
70,3.9,2019-08-04 22:00:00
71,8.7,2019-08-04 23:00:00
72,28.1,2019-08-05 00:00:00
73,6.4,2019-08-05 01:00:00
74,4.9,2019-08-05 02:00:00
75,2.8,2019-08-05 03:00:00
76,3.1,2019-08-05 04:00:00
77,15.2,2019-08-05 05:00:00
78,5.8,2019-08-05 06:00:00
79,3.1,2019-08-05 07:00:00
80,3.9,2019-08-05 08:00:00
81,7.9,2019-08-05 09:00:00
82,40.8,2019-08-05 10:00:00
83,46.3,2019-08-05 11:00:00
84,49.7,2019-08-05 12:00:00
85,65.7,2019-08-05 13:00:00
86,39.1,2019-08-05 14:00:00
87,21.6,2019-08-05 15:00:00
88,6.7,2019-08-05 16:00:00
89,7.5,2019-08-05 17:00:00
90,7.5,2019-08-05 18:00:00
91,6.0,2019-08-05 19:00:00
92,2.5,2019-08-05 20:00:00
93,2.1,2019-08-05 21:00:00
94,2.1,2019-08-05 22:00:00
95,3.3,2019-08-05 23:00:00
96,3.2,2019-08-06 00:00:00
1870,,2019-08-06 01:00:00
97,6.1,2019-08-06 02:00:00
98,3.0,2019-08-06 03:00:00
99,2.2,2019-08-06 04:00:00
100,2.1,2019-08-06 05:00:00
101,1.8,2019-08-06 06:00:00
102,6.7,2019-08-06 07:00:00
103,4.1,2019-08-06 08:00:00
104,2.5,2019-08-06 09:00:00
105,9.3,2019-08-06 10:00:00
106,9.9,2019-08-06 11:00:00
107,5.0,2019-08-06 12:00:00
108,5.4,2019-08-06 13:00:00
109,1.8,2019-08-06 14:00:00
110,6.4,2019-08-06 15:00:00
111,6.8,2019-08-06 16:00:00
112,28.7,2019-08-06 17:00:00
113,49.4,2019-08-06 18:00:00
114,12.8,2019-08-06 19:00:00
115,3.9,2019-08-06 20:00:00
116,2.7,2019-08-06 21:00:00
117,2.3,2019-08-06 22:00:00
118,450.9,2019-08-06 23:00:00
119,7.4,2019-08-07 00:00:00
120,19.8,2019-08-07 01:00:00
121,10.1,2019-08-07 02:00:00
122,4.0,2019-08-07 03:00:00
123,4.4,2019-08-07 04:00:00
124,2.7,2019-08-07 05:00:00
125,3.1,2019-08-07 06:00:00
126,2.9,2019-08-07 07:00:00
127,4.0,2019-08-07 08:00:00
128,5.5,2019-08-07 09:00:00
129,9.2,2019-08-07 10:00:00
130,27.3,2019-08-07 11:00:00
131,21.9,2019-08-07 12:00:00
132,19.7,2019-08-07 13:00:00
133,19.0,2019-08-07 14:00:00
134,20.8,2019-08-07 15:00:00
135,19.5,2019-08-07 16:00:00
136,16.2,2019-08-07 17:00:00
137,19.6,2019-08-07 18:00:00
138,9.9,2019-08-07 19:00:00
139,6.4,2019-08-07 20:00:00
140,3.6,2019-08-07 21:00:00
141,2.8,2019-08-07 22:00:00
142,3.9,2019-08-07 23:00:00
143,2.5,2019-08-08 00:00:00
144,4.9,2019-08-08 01:00:00
145,3.8,2019-08-08 02:00:00
146,2.9,2019-08-08 03:00:00
147,16.4,2019-08-08 04:00:00
148,3.8,2019-08-08 05:00:00
149,3.2,2019-08-08 06:00:00
150,3.6,2019-08-08 07:00:00
151,6.0,2019-08-08 08:00:00
152,85.5,2019-08-08 09:00:00
153,17.6,2019-08-08 10:00:00
154,46.4,2019-08-08 11:00:00
155,67.3,2019-08-08 12:00:00
156,63.4,2019-08-08 13:00:00
157,51.4,2019-08-08 14:00:00
158,55.4,2019-08-08 15:00:00
159,36.1,2019-08-08 16:00:00
160,30.1,2019-08-08 17:00:00
161,15.4,2019-08-08 18:00:00
162,9.8,2019-08-08 19:00:00
163,4.2,2019-08-08 20:00:00
164,2.6,2019-08-08 21:00:00
165,2.8,2019-08-08 22:00:00
166,3.1,2019-08-08 23:00:00
167,3.3,2019-08-09 00:00:00
168,4.9,2019-08-09 01:00:00
169,4.9,2019-08-09 02:00:00
170,11.2,2019-08-09 03:00:00
171,9.0,2019-08-09 04:00:00
172,58.4,2019-08-09 05:00:00
173,25.0,2019-08-09 06:00:00
174,6.8,2019-08-09 07:00:00
175,8.3,2019-08-09 08:00:00
176,13.5,2019-08-09 09:00:00
177,15.3,2019-08-09 10:00:00
178,16.7,2019-08-09 11:00:00
179,16.3,2019-08-09 12:00:00
180,17.2,2019-08-09 13:00:00
181,22.7,2019-08-09 14:00:00
182,19.9,2019-08-09 15:00:00
183,19.8,2019-08-09 16:00:00
184,19.2,2019-08-09 17:00:00
185,18.5,2019-08-09 18:00:00
186,14.2,2019-08-09 19:00:00
187,9.7,2019-08-09 20:00:00
188,10.1,2019-08-09 21:00:00
189,22.7,2019-08-09 22:00:00
190,10.7,2019-08-09 23:00:00
191,9.4,2019-08-10 00:00:00
192,7.9,2019-08-10 01:00:00
193,8.5,2019-08-10 02:00:00
194,7.8,2019-08-10 03:00:00
195,8.0,2019-08-10 04:00:00
196,6.7,2019-08-10 05:00:00
197,7.7,2019-08-10 06:00:00
198,15.0,2019-08-10 07:00:00
199,8.3,2019-08-10 08:00:00
200,14.9,2019-08-10 09:00:00
201,9.7,2019-08-10 10:00:00
202,38.6,2019-08-10 11:00:00
203,14.5,2019-08-10 12:00:00
204,11.3,2019-08-10 13:00:00
205,14.8,2019-08-10 14:00:00
206,15.5,2019-08-10 15:00:00
207,16.7,2019-08-10 16:00:00
208,15.6,2019-08-10 17:00:00
209,12.4,2019-08-10 18:00:00
210,9.7,2019-08-10 19:00:00
211,3.5,2019-08-10 20:00:00
212,3.0,2019-08-10 21:00:00
213,3.0,2019-08-10 22:00:00
214,3.3,2019-08-10 23:00:00
215,2.9,2019-08-11 00:00:00
1871,,2019-08-11 01:00:00
216,44.8,2019-08-11 02:00:00
217,24.3,2019-08-11 03:00:00
218,31.5,2019-08-11 04:00:00
219,16.3,2019-08-11 05:00:00
220,21.3,2019-08-11 06:00:00
1872,,2019-08-11 07:00:00
221,6.0,2019-08-11 08:00:00
222,8.6,2019-08-11 09:00:00
223,15.1,2019-08-11 10:00:00
224,19.7,2019-08-11 11:00:00
225,33.8,2019-08-11 12:00:00
226,28.8,2019-08-11 13:00:00
227,38.0,2019-08-11 14:00:00
228,41.7,2019-08-11 15:00:00
229,36.7,2019-08-11 16:00:00
230,25.4,2019-08-11 17:00:00
231,23.6,2019-08-11 18:00:00
232,12.9,2019-08-11 19:00:00
233,4.0,2019-08-11 20:00:00
234,3.0,2019-08-11 21:00:00
235,3.2,2019-08-11 22:00:00
236,4.1,2019-08-11 23:00:00
237,4.8,2019-08-12 00:00:00
1873,,2019-08-12 01:00:00
238,2.9,2019-08-12 02:00:00
239,6.2,2019-08-12 03:00:00
240,5.7,2019-08-12 04:00:00
241,6.0,2019-08-12 05:00:00
242,11.3,2019-08-12 06:00:00
243,10.4,2019-08-12 07:00:00
244,6.6,2019-08-12 08:00:00
245,6.7,2019-08-12 09:00:00
246,10.3,2019-08-12 10:00:00
1874,,2019-08-12 11:00:00
247,18.2,2019-08-12 12:00:00
248,27.1,2019-08-12 13:00:00
249,30.8,2019-08-12 14:00:00
250,12.7,2019-08-12 15:00:00
1875,,2019-08-12 16:00:00
1876,,2019-08-12 17:00:00
1877,,2019-08-12 18:00:00
251,2.1,2019-08-12 19:00:00
252,2.1,2019-08-12 20:00:00
253,3.0,2019-08-12 21:00:00
254,5.6,2019-08-12 22:00:00
255,2.3,2019-08-12 23:00:00
256,3.4,2019-08-13 00:00:00
257,7.2,2019-08-13 01:00:00
258,7.3,2019-08-13 02:00:00
259,3.9,2019-08-13 03:00:00
260,3.6,2019-08-13 04:00:00
261,3.6,2019-08-13 05:00:00
262,4.7,2019-08-13 06:00:00
263,3.1,2019-08-13 07:00:00
264,4.7,2019-08-13 08:00:00
265,6.7,2019-08-13 09:00:00
266,9.1,2019-08-13 10:00:00
267,13.5,2019-08-13 11:00:00
268,17.3,2019-08-13 12:00:00
269,19.5,2019-08-13 13:00:00
270,17.7,2019-08-13 14:00:00
271,15.4,2019-08-13 15:00:00
272,10.2,2019-08-13 16:00:00
273,2.6,2019-08-13 17:00:00
274,5.7,2019-08-13 18:00:00
275,2.9,2019-08-13 19:00:00
276,1.9,2019-08-13 20:00:00
277,1.0,2019-08-13 21:00:00
278,1.9,2019-08-13 22:00:00
279,4.7,2019-08-13 23:00:00
280,4.0,2019-08-14 00:00:00
281,17.8,2019-08-14 01:00:00
282,8.5,2019-08-14 02:00:00
283,4.5,2019-08-14 03:00:00
284,4.9,2019-08-14 04:00:00
285,3.3,2019-08-14 05:00:00
286,6.9,2019-08-14 06:00:00
287,9.2,2019-08-14 07:00:00
288,3.2,2019-08-14 08:00:00
289,3.6,2019-08-14 09:00:00
290,6.3,2019-08-14 10:00:00
291,14.8,2019-08-14 11:00:00
292,29.5,2019-08-14 12:00:00
293,13.8,2019-08-14 13:00:00
294,19.8,2019-08-14 14:00:00
295,26.8,2019-08-14 15:00:00
296,37.6,2019-08-14 16:00:00
297,41.6,2019-08-14 17:00:00
298,36.8,2019-08-14 18:00:00
299,15.4,2019-08-14 19:00:00
300,9.8,2019-08-14 20:00:00
301,6.3,2019-08-14 21:00:00
302,4.1,2019-08-14 22:00:00
303,3.4,2019-08-14 23:00:00
304,2.8,2019-08-15 00:00:00
305,5.9,2019-08-15 01:00:00
306,4.4,2019-08-15 02:00:00
307,2.5,2019-08-15 03:00:00
308,4.8,2019-08-15 04:00:00
309,4.2,2019-08-15 05:00:00
310,7.8,2019-08-15 06:00:00
311,7.5,2019-08-15 07:00:00
312,5.0,2019-08-15 08:00:00
313,5.8,2019-08-15 09:00:00
314,6.2,2019-08-15 10:00:00
315,7.0,2019-08-15 11:00:00
316,32.9,2019-08-15 12:00:00
317,19.7,2019-08-15 13:00:00
318,16.9,2019-08-15 14:00:00
319,17.9,2019-08-15 15:00:00
320,19.4,2019-08-15 16:00:00
321,19.1,2019-08-15 17:00:00
322,18.9,2019-08-15 18:00:00
323,12.0,2019-08-15 19:00:00
324,9.8,2019-08-15 20:00:00
325,10.7,2019-08-15 21:00:00
326,10.7,2019-08-15 22:00:00
327,9.6,2019-08-15 23:00:00
328,15.1,2019-08-16 00:00:00
329,12.8,2019-08-16 01:00:00
330,13.7,2019-08-16 02:00:00
331,10.8,2019-08-16 03:00:00
332,12.5,2019-08-16 04:00:00
333,9.3,2019-08-16 05:00:00
334,8.3,2019-08-16 06:00:00
335,3.1,2019-08-16 07:00:00
336,6.0,2019-08-16 08:00:00
337,8.8,2019-08-16 09:00:00
338,12.4,2019-08-16 10:00:00
339,14.4,2019-08-16 11:00:00
340,17.2,2019-08-16 12:00:00
341,17.6,2019-08-16 13:00:00
342,20.6,2019-08-16 14:00:00
343,18.8,2019-08-16 15:00:00
344,16.2,2019-08-16 16:00:00
345,4.9,2019-08-16 17:00:00
346,8.0,2019-08-16 18:00:00
347,5.7,2019-08-16 19:00:00
348,5.5,2019-08-16 20:00:00
349,4.3,2019-08-16 21:00:00
350,5.1,2019-08-16 22:00:00
351,4.4,2019-08-16 23:00:00
352,23.2,2019-08-17 00:00:00
353,8.0,2019-08-17 01:00:00
354,6.5,2019-08-17 02:00:00
355,6.3,2019-08-17 03:00:00
356,6.5,2019-08-17 04:00:00
357,7.6,2019-08-17 05:00:00
358,5.3,2019-08-17 06:00:00
359,4.0,2019-08-17 07:00:00
360,3.5,2019-08-17 08:00:00
361,3.5,2019-08-17 09:00:00
362,4.0,2019-08-17 10:00:00
363,4.6,2019-08-17 11:00:00
364,4.6,2019-08-17 12:00:00
365,5.8,2019-08-17 13:00:00
366,6.2,2019-08-17 14:00:00
367,5.2,2019-08-17 15:00:00
368,5.0,2019-08-17 16:00:00
369,4.7,2019-08-17 17:00:00
370,4.7,2019-08-17 18:00:00
371,3.4,2019-08-17 19:00:00
372,2.4,2019-08-17 20:00:00
373,2.7,2019-08-17 21:00:00
374,3.2,2019-08-17 22:00:00
375,2.9,2019-08-17 23:00:00
376,2.6,2019-08-18 00:00:00
377,6.6,2019-08-18 01:00:00
378,6.0,2019-08-18 02:00:00
379,4.2,2019-08-18 03:00:00
380,4.1,2019-08-18 04:00:00
381,6.4,2019-08-18 05:00:00
382,7.1,2019-08-18 06:00:00
383,6.9,2019-08-18 07:00:00
384,4.8,2019-08-18 08:00:00
385,7.2,2019-08-18 09:00:00
386,9.9,2019-08-18 10:00:00
387,10.4,2019-08-18 11:00:00
388,11.4,2019-08-18 12:00:00
389,12.8,2019-08-18 13:00:00
390,15.5,2019-08-18 14:00:00
391,15.9,2019-08-18 15:00:00
392,18.1,2019-08-18 16:00:00
393,18.4,2019-08-18 17:00:00
394,16.2,2019-08-18 18:00:00
395,7.8,2019-08-18 19:00:00
396,3.2,2019-08-18 20:00:00
397,3.9,2019-08-18 21:00:00
398,3.0,2019-08-18 22:00:00
399,3.4,2019-08-18 23:00:00
400,3.7,2019-08-19 00:00:00
401,44.8,2019-08-19 01:00:00
402,42.3,2019-08-19 02:00:00
403,29.9,2019-08-19 03:00:00
404,15.4,2019-08-19 04:00:00
405,14.8,2019-08-19 05:00:00
406,36.7,2019-08-19 06:00:00
407,8.9,2019-08-19 07:00:00
408,5.8,2019-08-19 08:00:00
409,6.8,2019-08-19 09:00:00
410,8.2,2019-08-19 10:00:00
411,11.4,2019-08-19 11:00:00
412,16.6,2019-08-19 12:00:00
413,20.4,2019-08-19 13:00:00
414,19.8,2019-08-19 14:00:00
415,23.4,2019-08-19 15:00:00
416,25.2,2019-08-19 16:00:00
417,20.7,2019-08-19 17:00:00
418,19.1,2019-08-19 18:00:00
419,23.7,2019-08-19 19:00:00
420,10.4,2019-08-19 20:00:00
421,14.9,2019-08-19 21:00:00
422,4.8,2019-08-19 22:00:00
423,4.7,2019-08-19 23:00:00
424,21.0,2019-08-20 00:00:00
425,7.2,2019-08-20 01:00:00
426,5.7,2019-08-20 02:00:00
427,3.5,2019-08-20 03:00:00
428,3.8,2019-08-20 04:00:00
429,3.6,2019-08-20 05:00:00
430,8.9,2019-08-20 06:00:00
431,3.2,2019-08-20 07:00:00
432,3.3,2019-08-20 08:00:00
433,6.7,2019-08-20 09:00:00
434,7.6,2019-08-20 10:00:00
435,12.1,2019-08-20 11:00:00
436,13.3,2019-08-20 12:00:00
437,16.5,2019-08-20 13:00:00
438,16.7,2019-08-20 14:00:00
439,20.6,2019-08-20 15:00:00
440,29.1,2019-08-20 16:00:00
441,32.9,2019-08-20 17:00:00
442,29.2,2019-08-20 18:00:00
443,24.0,2019-08-20 19:00:00
444,17.9,2019-08-20 20:00:00
445,10.2,2019-08-20 21:00:00
446,4.7,2019-08-20 22:00:00
447,4.4,2019-08-20 23:00:00
448,5.5,2019-08-21 00:00:00
449,7.5,2019-08-21 01:00:00
450,6.5,2019-08-21 02:00:00
451,4.5,2019-08-21 03:00:00
452,3.9,2019-08-21 04:00:00
453,5.0,2019-08-21 05:00:00
454,5.3,2019-08-21 06:00:00
455,4.0,2019-08-21 07:00:00
456,5.1,2019-08-21 08:00:00
457,8.4,2019-08-21 09:00:00
458,12.7,2019-08-21 10:00:00
459,20.8,2019-08-21 11:00:00
460,24.0,2019-08-21 12:00:00
461,29.0,2019-08-21 13:00:00
462,30.9,2019-08-21 14:00:00
463,31.1,2019-08-21 15:00:00
464,32.8,2019-08-21 16:00:00
465,34.8,2019-08-21 17:00:00
466,32.1,2019-08-21 18:00:00
467,25.2,2019-08-21 19:00:00
468,14.0,2019-08-21 20:00:00
469,4.6,2019-08-21 21:00:00
470,6.3,2019-08-21 22:00:00
471,4.5,2019-08-21 23:00:00
472,5.6,2019-08-22 00:00:00
473,4.1,2019-08-22 01:00:00
474,3.1,2019-08-22 02:00:00
475,3.7,2019-08-22 03:00:00
476,3.8,2019-08-22 04:00:00
477,3.2,2019-08-22 05:00:00
478,3.3,2019-08-22 06:00:00
479,3.0,2019-08-22 07:00:00
480,3.6,2019-08-22 08:00:00
481,6.8,2019-08-22 09:00:00
482,12.4,2019-08-22 10:00:00
483,20.0,2019-08-22 11:00:00
484,22.4,2019-08-22 12:00:00
485,25.7,2019-08-22 13:00:00
486,26.5,2019-08-22 14:00:00
487,17.1,2019-08-22 15:00:00
488,8.8,2019-08-22 16:00:00
489,6.7,2019-08-22 17:00:00
490,8.1,2019-08-22 18:00:00
491,4.1,2019-08-22 19:00:00
492,4.8,2019-08-22 20:00:00
493,5.2,2019-08-22 21:00:00
494,3.2,2019-08-22 22:00:00
495,3.2,2019-08-22 23:00:00
496,3.4,2019-08-23 00:00:00
497,5.6,2019-08-23 01:00:00
498,3.3,2019-08-23 02:00:00
499,3.6,2019-08-23 03:00:00
500,3.1,2019-08-23 04:00:00
501,3.4,2019-08-23 05:00:00
502,4.0,2019-08-23 06:00:00
503,4.1,2019-08-23 07:00:00
504,4.5,2019-08-23 08:00:00
505,8.8,2019-08-23 09:00:00
506,14.6,2019-08-23 10:00:00
507,17.9,2019-08-23 11:00:00
508,23.3,2019-08-23 12:00:00
509,26.7,2019-08-23 13:00:00
510,23.9,2019-08-23 14:00:00
511,28.3,2019-08-23 15:00:00
512,27.2,2019-08-23 16:00:00
513,30.1,2019-08-23 17:00:00
514,24.1,2019-08-23 18:00:00
515,15.3,2019-08-23 19:00:00
516,5.8,2019-08-23 20:00:00
517,5.4,2019-08-23 21:00:00
518,4.3,2019-08-23 22:00:00
519,3.2,2019-08-23 23:00:00
520,4.2,2019-08-24 00:00:00
521,6.0,2019-08-24 01:00:00
522,6.0,2019-08-24 02:00:00
523,4.5,2019-08-24 03:00:00
524,3.8,2019-08-24 04:00:00
525,3.6,2019-08-24 05:00:00
526,4.1,2019-08-24 06:00:00
527,4.1,2019-08-24 07:00:00
528,6.2,2019-08-24 08:00:00
529,10.9,2019-08-24 09:00:00
530,22.9,2019-08-24 10:00:00
531,20.2,2019-08-24 11:00:00
532,26.9,2019-08-24 12:00:00
533,35.0,2019-08-24 13:00:00
534,28.8,2019-08-24 14:00:00
535,27.8,2019-08-24 15:00:00
536,18.9,2019-08-24 16:00:00
537,17.6,2019-08-24 17:00:00
538,9.0,2019-08-24 18:00:00
539,9.5,2019-08-24 19:00:00
540,5.4,2019-08-24 20:00:00
541,3.0,2019-08-24 21:00:00
542,3.2,2019-08-24 22:00:00
543,2.7,2019-08-24 23:00:00
544,3.8,2019-08-25 00:00:00
545,3.5,2019-08-25 01:00:00
546,3.1,2019-08-25 02:00:00
547,2.7,2019-08-25 03:00:00
548,2.8,2019-08-25 04:00:00
549,2.9,2019-08-25 05:00:00
550,4.0,2019-08-25 06:00:00
551,2.9,2019-08-25 07:00:00
552,4.6,2019-08-25 08:00:00
553,7.5,2019-08-25 09:00:00
554,8.5,2019-08-25 10:00:00
555,11.5,2019-08-25 11:00:00
556,21.2,2019-08-25 12:00:00
557,36.4,2019-08-25 13:00:00
558,46.9,2019-08-25 14:00:00
559,63.2,2019-08-25 15:00:00
560,17.0,2019-08-25 16:00:00
561,15.5,2019-08-25 17:00:00
562,12.8,2019-08-25 18:00:00
563,8.6,2019-08-25 19:00:00
564,4.2,2019-08-25 20:00:00
565,3.7,2019-08-25 21:00:00
566,3.8,2019-08-25 22:00:00
567,3.0,2019-08-25 23:00:00
568,2.7,2019-08-26 00:00:00
569,5.1,2019-08-26 01:00:00
570,3.8,2019-08-26 02:00:00
571,2.7,2019-08-26 03:00:00
572,3.3,2019-08-26 04:00:00
573,3.7,2019-08-26 05:00:00
574,3.1,2019-08-26 06:00:00
575,4.0,2019-08-26 07:00:00
1878,,2019-08-26 08:00:00
1879,,2019-08-26 09:00:00
1880,,2019-08-26 10:00:00
1881,,2019-08-26 11:00:00
1882,,2019-08-26 12:00:00
1883,,2019-08-26 13:00:00
1884,,2019-08-26 14:00:00
1885,,2019-08-26 15:00:00
1886,,2019-08-26 16:00:00
1887,,2019-08-26 17:00:00
1888,,2019-08-26 18:00:00
1889,,2019-08-26 19:00:00
1890,,2019-08-26 20:00:00
1891,,2019-08-26 21:00:00
1892,,2019-08-26 22:00:00
1893,,2019-08-26 23:00:00
1894,,2019-08-27 00:00:00
1895,,2019-08-27 01:00:00
1896,,2019-08-27 02:00:00
1897,,2019-08-27 03:00:00
1898,,2019-08-27 04:00:00
1899,,2019-08-27 05:00:00
1900,,2019-08-27 06:00:00
576,111.7,2019-08-27 07:00:00
577,157.3,2019-08-27 08:00:00
578,19.1,2019-08-27 09:00:00
579,30.5,2019-08-27 10:00:00
580,70.6,2019-08-27 11:00:00
581,48.5,2019-08-27 12:00:00
582,41.6,2019-08-27 13:00:00
583,26.6,2019-08-27 14:00:00
584,22.0,2019-08-27 15:00:00
585,20.6,2019-08-27 16:00:00
586,19.3,2019-08-27 17:00:00
587,18.4,2019-08-27 18:00:00
588,11.2,2019-08-27 19:00:00
589,4.2,2019-08-27 20:00:00
590,6.0,2019-08-27 21:00:00
591,4.2,2019-08-27 22:00:00
592,5.1,2019-08-27 23:00:00
593,394.7,2019-08-28 00:00:00
594,59.9,2019-08-28 01:00:00
595,44.8,2019-08-28 02:00:00
596,116.7,2019-08-28 03:00:00
597,81.5,2019-08-28 04:00:00
598,63.8,2019-08-28 05:00:00
599,38.1,2019-08-28 06:00:00
600,8.7,2019-08-28 07:00:00
601,21.2,2019-08-28 08:00:00
602,8.2,2019-08-28 09:00:00
603,6.4,2019-08-28 10:00:00
604,19.0,2019-08-28 11:00:00
605,46.0,2019-08-28 12:00:00
606,32.7,2019-08-28 13:00:00
607,20.6,2019-08-28 14:00:00
608,18.7,2019-08-28 15:00:00
609,18.8,2019-08-28 16:00:00
610,19.5,2019-08-28 17:00:00
611,11.7,2019-08-28 18:00:00
612,9.6,2019-08-28 19:00:00
613,3.9,2019-08-28 20:00:00
614,3.6,2019-08-28 21:00:00
615,21.1,2019-08-28 22:00:00
616,3.9,2019-08-28 23:00:00
617,3.9,2019-08-29 00:00:00
618,3.4,2019-08-29 01:00:00
619,4.0,2019-08-29 02:00:00
620,3.6,2019-08-29 03:00:00
621,5.5,2019-08-29 04:00:00
622,5.3,2019-08-29 05:00:00
623,3.6,2019-08-29 06:00:00
624,2.2,2019-08-29 07:00:00
625,4.4,2019-08-29 08:00:00
626,5.9,2019-08-29 09:00:00
627,13.1,2019-08-29 10:00:00
628,20.9,2019-08-29 11:00:00
629,33.9,2019-08-29 12:00:00
630,40.9,2019-08-29 13:00:00
631,52.2,2019-08-29 14:00:00
632,36.3,2019-08-29 15:00:00
633,52.9,2019-08-29 16:00:00
634,19.9,2019-08-29 17:00:00
635,7.1,2019-08-29 18:00:00
636,5.4,2019-08-29 19:00:00
637,3.2,2019-08-29 20:00:00
638,3.3,2019-08-29 21:00:00
639,3.3,2019-08-29 22:00:00
640,2.9,2019-08-29 23:00:00
641,3.6,2019-08-30 00:00:00
642,3.7,2019-08-30 01:00:00
643,2.7,2019-08-30 02:00:00
644,14.7,2019-08-30 03:00:00
645,12.0,2019-08-30 04:00:00
646,12.3,2019-08-30 05:00:00
647,8.1,2019-08-30 06:00:00
648,6.4,2019-08-30 07:00:00
649,18.6,2019-08-30 08:00:00
1901,,2019-08-30 09:00:00
1902,,2019-08-30 10:00:00
650,57.7,2019-08-30 11:00:00
651,70.9,2019-08-30 12:00:00
652,93.5,2019-08-30 13:00:00
653,47.5,2019-08-30 14:00:00
654,65.0,2019-08-30 15:00:00
655,74.5,2019-08-30 16:00:00
656,51.1,2019-08-30 17:00:00
657,60.7,2019-08-30 18:00:00
658,36.5,2019-08-30 19:00:00
659,14.3,2019-08-30 20:00:00
660,13.1,2019-08-30 21:00:00
661,12.5,2019-08-30 22:00:00
662,7.6,2019-08-30 23:00:00
663,7.8,2019-08-31 00:00:00
664,4.5,2019-08-31 01:00:00
665,4.6,2019-08-31 02:00:00
666,4.6,2019-08-31 03:00:00
667,38.0,2019-08-31 04:00:00
668,10.7,2019-08-31 05:00:00
669,14.9,2019-08-31 06:00:00
670,3.5,2019-08-31 07:00:00
671,5.8,2019-08-31 08:00:00
672,11.6,2019-08-31 09:00:00
673,24.0,2019-08-31 10:00:00
674,42.3,2019-08-31 11:00:00
675,61.6,2019-08-31 12:00:00
676,37.7,2019-08-31 13:00:00
677,23.5,2019-08-31 14:00:00
678,6.4,2019-08-31 15:00:00
679,16.2,2019-08-31 16:00:00
680,24.5,2019-08-31 17:00:00
681,17.1,2019-08-31 18:00:00
682,13.2,2019-08-31 19:00:00
683,5.4,2019-08-31 20:00:00
684,7.6,2019-08-31 21:00:00
685,13.8,2019-08-31 22:00:00
686,7.3,2019-08-31 23:00:00
687,10.2,2019-09-01 00:00:00
688,5.8,2019-09-01 01:00:00
689,4.7,2019-09-01 02:00:00
690,3.9,2019-09-01 03:00:00
691,3.4,2019-09-01 04:00:00
692,2.9,2019-09-01 05:00:00
693,23.0,2019-09-01 06:00:00
694,9.3,2019-09-01 07:00:00
695,12.8,2019-09-01 08:00:00
696,7.5,2019-09-01 09:00:00
697,32.7,2019-09-01 10:00:00
698,20.6,2019-09-01 11:00:00
699,17.9,2019-09-01 12:00:00
700,12.5,2019-09-01 13:00:00
701,25.4,2019-09-01 14:00:00
702,79.8,2019-09-01 15:00:00
703,30.5,2019-09-01 16:00:00
704,23.5,2019-09-01 17:00:00
705,33.8,2019-09-01 18:00:00
706,16.2,2019-09-01 19:00:00
707,15.6,2019-09-01 20:00:00
708,15.6,2019-09-01 21:00:00
709,18.2,2019-09-01 22:00:00
710,6.4,2019-09-01 23:00:00
711,40.9,2019-09-02 00:00:00
712,5.7,2019-09-02 01:00:00
713,4.5,2019-09-02 02:00:00
714,16.7,2019-09-02 03:00:00
715,3.5,2019-09-02 04:00:00
716,3.8,2019-09-02 05:00:00
717,3.3,2019-09-02 06:00:00
718,5.4,2019-09-02 07:00:00
719,5.1,2019-09-02 08:00:00
720,7.1,2019-09-02 09:00:00
721,12.3,2019-09-02 10:00:00
722,39.2,2019-09-02 11:00:00
723,62.2,2019-09-02 12:00:00
724,50.8,2019-09-02 13:00:00
725,41.9,2019-09-02 14:00:00
726,38.5,2019-09-02 15:00:00
727,42.2,2019-09-02 16:00:00
728,40.2,2019-09-02 17:00:00
729,34.6,2019-09-02 18:00:00
730,34.7,2019-09-02 19:00:00
731,30.4,2019-09-02 20:00:00
732,18.6,2019-09-02 21:00:00
733,12.5,2019-09-02 22:00:00
734,5.4,2019-09-02 23:00:00
735,5.4,2019-09-03 00:00:00
736,5.8,2019-09-03 01:00:00
737,5.0,2019-09-03 02:00:00
738,4.4,2019-09-03 03:00:00
739,3.8,2019-09-03 04:00:00
740,3.7,2019-09-03 05:00:00
741,3.9,2019-09-03 06:00:00
742,3.8,2019-09-03 07:00:00
743,5.9,2019-09-03 08:00:00
744,8.9,2019-09-03 09:00:00
745,13.1,2019-09-03 10:00:00
746,24.3,2019-09-03 11:00:00
747,26.9,2019-09-03 12:00:00
748,30.0,2019-09-03 13:00:00
1903,,2019-09-03 14:00:00
749,40.8,2019-09-03 15:00:00
750,40.9,2019-09-03 16:00:00
751,45.6,2019-09-03 17:00:00
752,40.8,2019-09-03 18:00:00
753,8.7,2019-09-03 19:00:00
754,2.6,2019-09-03 20:00:00
755,2.9,2019-09-03 21:00:00
756,9.9,2019-09-03 22:00:00
757,16.8,2019-09-03 23:00:00
758,18.4,2019-09-04 00:00:00
759,23.3,2019-09-04 01:00:00
760,17.0,2019-09-04 02:00:00
761,13.9,2019-09-04 03:00:00
762,10.6,2019-09-04 04:00:00
763,11.0,2019-09-04 05:00:00
764,5.4,2019-09-04 06:00:00
765,4.7,2019-09-04 07:00:00
766,5.6,2019-09-04 08:00:00
767,9.1,2019-09-04 09:00:00
768,11.9,2019-09-04 10:00:00
769,18.2,2019-09-04 11:00:00
770,49.5,2019-09-04 12:00:00
771,105.9,2019-09-04 13:00:00
772,57.9,2019-09-04 14:00:00
773,36.3,2019-09-04 15:00:00
774,38.7,2019-09-04 16:00:00
775,36.3,2019-09-04 17:00:00
776,26.3,2019-09-04 18:00:00
777,20.1,2019-09-04 19:00:00
778,10.3,2019-09-04 20:00:00
779,80.4,2019-09-04 21:00:00
780,5.7,2019-09-04 22:00:00
781,7.3,2019-09-04 23:00:00
782,3.5,2019-09-05 00:00:00
783,4.9,2019-09-05 01:00:00
784,4.9,2019-09-05 02:00:00
785,5.7,2019-09-05 03:00:00
786,5.5,2019-09-05 04:00:00
787,5.8,2019-09-05 05:00:00
788,4.2,2019-09-05 06:00:00
789,108.5,2019-09-05 07:00:00
790,93.2,2019-09-05 08:00:00
791,10.3,2019-09-05 09:00:00
792,16.0,2019-09-05 10:00:00
793,25.6,2019-09-05 11:00:00
794,36.2,2019-09-05 12:00:00
795,24.0,2019-09-05 13:00:00
796,47.0,2019-09-05 14:00:00
797,21.5,2019-09-05 15:00:00
798,48.2,2019-09-05 16:00:00
799,86.6,2019-09-05 17:00:00
800,30.8,2019-09-05 18:00:00
801,16.4,2019-09-05 19:00:00
802,7.7,2019-09-05 20:00:00
803,5.7,2019-09-05 21:00:00
804,3.2,2019-09-05 22:00:00
805,2.3,2019-09-05 23:00:00
806,2.8,2019-09-06 00:00:00
1904,,2019-09-06 01:00:00
807,32.2,2019-09-06 02:00:00
808,3.2,2019-09-06 03:00:00
809,4.8,2019-09-06 04:00:00
810,5.6,2019-09-06 05:00:00
811,4.9,2019-09-06 06:00:00
812,20.5,2019-09-06 07:00:00
813,12.5,2019-09-06 08:00:00
814,18.9,2019-09-06 09:00:00
815,20.7,2019-09-06 10:00:00
816,38.4,2019-09-06 11:00:00
1905,,2019-09-06 12:00:00
1906,,2019-09-06 13:00:00
1907,,2019-09-06 14:00:00
1908,,2019-09-06 15:00:00
817,24.0,2019-09-06 16:00:00
818,19.0,2019-09-06 17:00:00
819,12.8,2019-09-06 18:00:00
820,5.2,2019-09-06 19:00:00
1909,,2019-09-06 20:00:00
1910,,2019-09-06 21:00:00
1911,,2019-09-06 22:00:00
1912,,2019-09-06 23:00:00
1913,,2019-09-07 00:00:00
1914,,2019-09-07 01:00:00
1915,,2019-09-07 02:00:00
1916,,2019-09-07 03:00:00
1917,,2019-09-07 04:00:00
1918,,2019-09-07 05:00:00
821,6.5,2019-09-07 06:00:00
822,5.3,2019-09-07 07:00:00
1919,,2019-09-07 08:00:00
823,0.5,2019-09-07 09:00:00
824,2.9,2019-09-07 10:00:00
1920,,2019-09-07 11:00:00
825,3.5,2019-09-07 12:00:00
826,5.1,2019-09-07 13:00:00
827,3.4,2019-09-07 14:00:00
828,13.7,2019-09-07 15:00:00
829,15.1,2019-09-07 16:00:00
830,9.5,2019-09-07 17:00:00
831,4.9,2019-09-07 18:00:00
832,3.7,2019-09-07 19:00:00
833,3.8,2019-09-07 20:00:00
834,3.4,2019-09-07 21:00:00
835,3.5,2019-09-07 22:00:00
836,57.3,2019-09-07 23:00:00
837,14.5,2019-09-08 00:00:00
1921,,2019-09-08 01:00:00
838,6.1,2019-09-08 02:00:00
839,44.6,2019-09-08 03:00:00
840,33.3,2019-09-08 04:00:00
841,15.6,2019-09-08 05:00:00
842,9.6,2019-09-08 06:00:00
843,7.3,2019-09-08 07:00:00
844,14.6,2019-09-08 08:00:00
845,17.3,2019-09-08 09:00:00
846,14.5,2019-09-08 10:00:00
847,10.6,2019-09-08 11:00:00
848,12.4,2019-09-08 12:00:00
849,15.0,2019-09-08 13:00:00
850,14.6,2019-09-08 14:00:00
851,14.3,2019-09-08 15:00:00
852,14.6,2019-09-08 16:00:00
853,15.2,2019-09-08 17:00:00
854,12.8,2019-09-08 18:00:00
855,11.0,2019-09-08 19:00:00
856,10.3,2019-09-08 20:00:00
857,12.4,2019-09-08 21:00:00
858,232.5,2019-09-08 22:00:00
859,12.4,2019-09-08 23:00:00
860,6.5,2019-09-09 00:00:00
861,16.6,2019-09-09 01:00:00
862,10.4,2019-09-09 02:00:00
863,6.9,2019-09-09 03:00:00
864,5.9,2019-09-09 04:00:00
865,8.0,2019-09-09 05:00:00
866,7.0,2019-09-09 06:00:00
867,5.8,2019-09-09 07:00:00
868,5.4,2019-09-09 08:00:00
869,6.5,2019-09-09 09:00:00
870,12.0,2019-09-09 10:00:00
871,17.4,2019-09-09 11:00:00
872,21.4,2019-09-09 12:00:00
873,24.0,2019-09-09 13:00:00
874,23.7,2019-09-09 14:00:00
875,23.3,2019-09-09 15:00:00
876,24.3,2019-09-09 16:00:00
877,23.6,2019-09-09 17:00:00
878,17.6,2019-09-09 18:00:00
879,11.2,2019-09-09 19:00:00
880,8.2,2019-09-09 20:00:00
881,7.5,2019-09-09 21:00:00
882,6.9,2019-09-09 22:00:00
883,6.7,2019-09-09 23:00:00
884,71.1,2019-09-10 00:00:00
885,10.5,2019-09-10 01:00:00
886,8.9,2019-09-10 02:00:00
887,7.4,2019-09-10 03:00:00
888,5.3,2019-09-10 04:00:00
889,7.0,2019-09-10 05:00:00
890,9.1,2019-09-10 06:00:00
891,6.8,2019-09-10 07:00:00
892,6.8,2019-09-10 08:00:00
893,8.6,2019-09-10 09:00:00
894,15.3,2019-09-10 10:00:00
895,20.0,2019-09-10 11:00:00
896,24.1,2019-09-10 12:00:00
897,31.6,2019-09-10 13:00:00
898,35.1,2019-09-10 14:00:00
899,37.5,2019-09-10 15:00:00
900,36.7,2019-09-10 16:00:00
901,34.5,2019-09-10 17:00:00
902,33.9,2019-09-10 18:00:00
903,12.9,2019-09-10 19:00:00
904,9.2,2019-09-10 20:00:00
905,5.8,2019-09-10 21:00:00
906,6.1,2019-09-10 22:00:00
907,6.1,2019-09-10 23:00:00
908,9.0,2019-09-11 00:00:00
909,9.8,2019-09-11 01:00:00
910,7.3,2019-09-11 02:00:00
911,5.8,2019-09-11 03:00:00
912,5.6,2019-09-11 04:00:00
913,5.1,2019-09-11 05:00:00
914,5.5,2019-09-11 06:00:00
915,7.5,2019-09-11 07:00:00
916,5.6,2019-09-11 08:00:00
917,13.1,2019-09-11 09:00:00
918,27.7,2019-09-11 10:00:00
919,38.2,2019-09-11 11:00:00
920,53.1,2019-09-11 12:00:00
921,70.6,2019-09-11 13:00:00
922,66.7,2019-09-11 14:00:00
923,69.3,2019-09-11 15:00:00
924,66.7,2019-09-11 16:00:00
925,66.8,2019-09-11 17:00:00
926,49.0,2019-09-11 18:00:00
1922,,2019-09-11 19:00:00
1923,,2019-09-11 20:00:00
1924,,2019-09-11 21:00:00
1925,,2019-09-11 22:00:00
1926,,2019-09-11 23:00:00
927,9.3,2019-09-12 00:00:00
928,8.8,2019-09-12 01:00:00
929,8.8,2019-09-12 02:00:00
930,8.3,2019-09-12 03:00:00
931,7.1,2019-09-12 04:00:00
932,7.1,2019-09-12 05:00:00
933,5.9,2019-09-12 06:00:00
934,4.4,2019-09-12 07:00:00
935,9.6,2019-09-12 08:00:00
936,12.8,2019-09-12 09:00:00
937,27.6,2019-09-12 10:00:00
1927,,2019-09-12 11:00:00
938,43.8,2019-09-12 12:00:00
939,37.1,2019-09-12 13:00:00
940,53.4,2019-09-12 14:00:00
941,30.4,2019-09-12 15:00:00
942,18.9,2019-09-12 16:00:00
943,16.0,2019-09-12 17:00:00
944,25.4,2019-09-12 18:00:00
945,26.6,2019-09-12 19:00:00
946,27.3,2019-09-12 20:00:00
947,6.5,2019-09-12 21:00:00
948,3.2,2019-09-12 22:00:00
949,1.3,2019-09-12 23:00:00
950,1.9,2019-09-13 00:00:00
951,1.2,2019-09-13 01:00:00
952,0.2,2019-09-13 02:00:00
953,0.7,2019-09-13 03:00:00
954,4.9,2019-09-13 04:00:00
955,3.5,2019-09-13 05:00:00
956,20.4,2019-09-13 06:00:00
957,7.3,2019-09-13 07:00:00
958,7.9,2019-09-13 08:00:00
959,35.3,2019-09-13 09:00:00
960,10.2,2019-09-13 10:00:00
961,22.4,2019-09-13 11:00:00
962,45.3,2019-09-13 12:00:00
963,75.8,2019-09-13 13:00:00
964,67.5,2019-09-13 14:00:00
965,40.8,2019-09-13 15:00:00
966,26.0,2019-09-13 16:00:00
967,29.5,2019-09-13 17:00:00
968,5.9,2019-09-13 18:00:00
969,5.2,2019-09-13 19:00:00
970,4.1,2019-09-13 20:00:00
971,2.4,2019-09-13 21:00:00
972,2.3,2019-09-13 22:00:00
973,2.5,2019-09-13 23:00:00
974,1.6,2019-09-14 00:00:00
975,3.7,2019-09-14 01:00:00
976,5.0,2019-09-14 02:00:00
977,2.9,2019-09-14 03:00:00
978,39.0,2019-09-14 04:00:00
979,9.4,2019-09-14 05:00:00
980,5.0,2019-09-14 06:00:00
981,4.4,2019-09-14 07:00:00
982,21.8,2019-09-14 08:00:00
983,29.7,2019-09-14 09:00:00
984,55.5,2019-09-14 10:00:00
985,78.1,2019-09-14 11:00:00
986,29.9,2019-09-14 12:00:00
987,25.5,2019-09-14 13:00:00
988,25.3,2019-09-14 14:00:00
989,24.8,2019-09-14 15:00:00
990,25.5,2019-09-14 16:00:00
991,24.4,2019-09-14 17:00:00
992,20.7,2019-09-14 18:00:00
993,15.3,2019-09-14 19:00:00
994,13.0,2019-09-14 20:00:00
995,6.1,2019-09-14 21:00:00
996,5.6,2019-09-14 22:00:00
997,27.4,2019-09-14 23:00:00
998,111.0,2019-09-15 00:00:00
999,25.1,2019-09-15 01:00:00
1000,49.0,2019-09-15 02:00:00
1001,4.8,2019-09-15 03:00:00
1002,5.5,2019-09-15 04:00:00
1003,3.9,2019-09-15 05:00:00
1004,3.7,2019-09-15 06:00:00
1005,5.0,2019-09-15 07:00:00
1006,4.6,2019-09-15 08:00:00
1007,5.8,2019-09-15 09:00:00
1008,9.6,2019-09-15 10:00:00
1009,13.3,2019-09-15 11:00:00
1010,17.8,2019-09-15 12:00:00
1011,21.9,2019-09-15 13:00:00
1012,28.1,2019-09-15 14:00:00
1013,29.0,2019-09-15 15:00:00
1014,24.8,2019-09-15 16:00:00
1015,24.2,2019-09-15 17:00:00
1016,19.1,2019-09-15 18:00:00
1017,2.8,2019-09-15 19:00:00
1018,3.5,2019-09-15 20:00:00
1019,4.2,2019-09-15 21:00:00
1020,2.9,2019-09-15 22:00:00
1021,2.3,2019-09-15 23:00:00
1022,2.4,2019-09-16 00:00:00
1023,6.4,2019-09-16 01:00:00
1024,7.9,2019-09-16 02:00:00
1025,18.1,2019-09-16 03:00:00
1026,8.5,2019-09-16 04:00:00
1027,6.5,2019-09-16 05:00:00
1028,4.8,2019-09-16 06:00:00
1029,11.7,2019-09-16 07:00:00
1030,3.4,2019-09-16 08:00:00
1031,3.0,2019-09-16 09:00:00
1032,7.5,2019-09-16 10:00:00
1033,15.9,2019-09-16 11:00:00
1034,21.6,2019-09-16 12:00:00
1928,,2019-09-16 13:00:00
1035,38.3,2019-09-16 14:00:00
1036,44.6,2019-09-16 15:00:00
1037,44.4,2019-09-16 16:00:00
1038,42.9,2019-09-16 17:00:00
1039,30.7,2019-09-16 18:00:00
1040,23.3,2019-09-16 19:00:00
1041,12.9,2019-09-16 20:00:00
1042,8.3,2019-09-16 21:00:00
1043,8.6,2019-09-16 22:00:00
1044,10.5,2019-09-16 23:00:00
1045,3.3,2019-09-17 00:00:00
1046,88.4,2019-09-17 01:00:00
1047,79.2,2019-09-17 02:00:00
1048,8.9,2019-09-17 03:00:00
1049,9.9,2019-09-17 04:00:00
1050,8.8,2019-09-17 05:00:00
1051,4.2,2019-09-17 06:00:00
1052,5.4,2019-09-17 07:00:00
1053,6.0,2019-09-17 08:00:00
1054,18.0,2019-09-17 09:00:00
1055,26.7,2019-09-17 10:00:00
1056,50.4,2019-09-17 11:00:00
1057,72.5,2019-09-17 12:00:00
1058,63.5,2019-09-17 13:00:00
1059,64.3,2019-09-17 14:00:00
1060,60.7,2019-09-17 15:00:00
1061,59.9,2019-09-17 16:00:00
1062,53.3,2019-09-17 17:00:00
1063,48.3,2019-09-17 18:00:00
1064,24.3,2019-09-17 19:00:00
1065,14.5,2019-09-17 20:00:00
1066,8.1,2019-09-17 21:00:00
1067,6.3,2019-09-17 22:00:00
1068,8.4,2019-09-17 23:00:00
1069,13.8,2019-09-18 00:00:00
1070,15.8,2019-09-18 01:00:00
1071,13.0,2019-09-18 02:00:00
1072,18.6,2019-09-18 03:00:00
1073,21.9,2019-09-18 04:00:00
1074,3.1,2019-09-18 05:00:00
1075,30.6,2019-09-18 06:00:00
1076,5.2,2019-09-18 07:00:00
1077,14.8,2019-09-18 08:00:00
1078,24.6,2019-09-18 09:00:00
1079,34.4,2019-09-18 10:00:00
1080,48.8,2019-09-18 11:00:00
1081,91.8,2019-09-18 12:00:00
1082,86.1,2019-09-18 13:00:00
1083,84.3,2019-09-18 14:00:00
1084,74.5,2019-09-18 15:00:00
1085,54.7,2019-09-18 16:00:00
1086,43.3,2019-09-18 17:00:00
1087,36.0,2019-09-18 18:00:00
1088,16.6,2019-09-18 19:00:00
1089,10.7,2019-09-18 20:00:00
1090,3.3,2019-09-18 21:00:00
1091,10.0,2019-09-18 22:00:00
1092,9.2,2019-09-18 23:00:00
1093,7.2,2019-09-19 00:00:00
1094,6.7,2019-09-19 01:00:00
1095,7.7,2019-09-19 02:00:00
1096,11.8,2019-09-19 03:00:00
1097,14.4,2019-09-19 04:00:00
1098,11.1,2019-09-19 05:00:00
1099,4.1,2019-09-19 06:00:00
1100,5.8,2019-09-19 07:00:00
1101,31.1,2019-09-19 08:00:00
1102,13.1,2019-09-19 09:00:00
1103,35.1,2019-09-19 10:00:00
1929,,2019-09-19 11:00:00
1104,34.7,2019-09-19 12:00:00
1105,51.2,2019-09-19 13:00:00
1106,34.1,2019-09-19 14:00:00
1107,21.4,2019-09-19 15:00:00
1108,8.8,2019-09-19 16:00:00
1109,12.8,2019-09-19 17:00:00
1110,17.8,2019-09-19 18:00:00
1111,8.1,2019-09-19 19:00:00
1112,6.6,2019-09-19 20:00:00
1113,5.2,2019-09-19 21:00:00
1114,28.5,2019-09-19 22:00:00
1115,2.8,2019-09-19 23:00:00
1116,2.3,2019-09-20 00:00:00
1117,20.1,2019-09-20 01:00:00
1118,32.2,2019-09-20 02:00:00
1119,23.9,2019-09-20 03:00:00
1120,106.8,2019-09-20 04:00:00
1121,109.7,2019-09-20 05:00:00
1122,59.4,2019-09-20 06:00:00
1123,28.0,2019-09-20 07:00:00
1124,39.3,2019-09-20 08:00:00
1125,29.2,2019-09-20 09:00:00
1126,34.9,2019-09-20 10:00:00
1127,22.9,2019-09-20 11:00:00
1128,28.9,2019-09-20 12:00:00
1129,31.2,2019-09-20 13:00:00
1130,30.4,2019-09-20 14:00:00
1131,34.8,2019-09-20 15:00:00
1132,41.2,2019-09-20 16:00:00
1133,40.3,2019-09-20 17:00:00
1134,28.0,2019-09-20 18:00:00
1135,9.6,2019-09-20 19:00:00
1136,34.0,2019-09-20 20:00:00
1137,15.9,2019-09-20 21:00:00
1138,15.9,2019-09-20 22:00:00
1139,8.4,2019-09-20 23:00:00
1140,2.5,2019-09-21 00:00:00
1141,4.5,2019-09-21 01:00:00
1142,5.8,2019-09-21 02:00:00
1143,4.8,2019-09-21 03:00:00
1144,3.1,2019-09-21 04:00:00
1145,3.5,2019-09-21 05:00:00
1146,3.3,2019-09-21 06:00:00
1147,4.3,2019-09-21 07:00:00
1148,4.0,2019-09-21 08:00:00
1149,8.7,2019-09-21 09:00:00
1150,14.7,2019-09-21 10:00:00
1151,20.2,2019-09-21 11:00:00
1152,38.5,2019-09-21 12:00:00
1153,85.0,2019-09-21 13:00:00
1154,58.1,2019-09-21 14:00:00
1155,67.4,2019-09-21 15:00:00
1156,55.2,2019-09-21 16:00:00
1157,25.6,2019-09-21 17:00:00
1930,,2019-09-21 18:00:00
1931,,2019-09-21 19:00:00
1932,,2019-09-21 20:00:00
1933,,2019-09-21 21:00:00
1934,,2019-09-21 22:00:00
1935,,2019-09-21 23:00:00
1936,,2019-09-22 00:00:00
1937,,2019-09-22 01:00:00
1938,,2019-09-22 02:00:00
1939,,2019-09-22 03:00:00
1940,,2019-09-22 04:00:00
1158,2.5,2019-09-22 05:00:00
1159,3.2,2019-09-22 06:00:00
1160,3.2,2019-09-22 07:00:00
1161,16.6,2019-09-22 08:00:00
1162,8.3,2019-09-22 09:00:00
1163,12.6,2019-09-22 10:00:00
1164,11.8,2019-09-22 11:00:00
1165,36.7,2019-09-22 12:00:00
1166,19.8,2019-09-22 13:00:00
1167,32.5,2019-09-22 14:00:00
1168,15.7,2019-09-22 15:00:00
1169,16.7,2019-09-22 16:00:00
1170,22.4,2019-09-22 17:00:00
1171,19.4,2019-09-22 18:00:00
1172,6.0,2019-09-22 19:00:00
1173,27.4,2019-09-22 20:00:00
1174,6.1,2019-09-22 21:00:00
1175,3.2,2019-09-22 22:00:00
1176,2.6,2019-09-22 23:00:00
1177,2.6,2019-09-23 00:00:00
1178,6.0,2019-09-23 01:00:00
1179,27.2,2019-09-23 02:00:00
1180,7.9,2019-09-23 03:00:00
1181,3.3,2019-09-23 04:00:00
1182,2.7,2019-09-23 05:00:00
1183,12.8,2019-09-23 06:00:00
1184,7.6,2019-09-23 07:00:00
1185,6.9,2019-09-23 08:00:00
1186,9.9,2019-09-23 09:00:00
1187,12.4,2019-09-23 10:00:00
1188,20.8,2019-09-23 11:00:00
1189,33.9,2019-09-23 12:00:00
1190,51.7,2019-09-23 13:00:00
1191,60.0,2019-09-23 14:00:00
1192,62.3,2019-09-23 15:00:00
1193,59.1,2019-09-23 16:00:00
1194,48.3,2019-09-23 17:00:00
1195,35.2,2019-09-23 18:00:00
1196,3.4,2019-09-23 19:00:00
1197,3.2,2019-09-23 20:00:00
1198,2.1,2019-09-23 21:00:00
1199,3.4,2019-09-23 22:00:00
1200,3.5,2019-09-23 23:00:00
1201,5.8,2019-09-24 00:00:00
1202,5.8,2019-09-24 01:00:00
1203,6.3,2019-09-24 02:00:00
1204,7.7,2019-09-24 03:00:00
1205,3.5,2019-09-24 04:00:00
1206,1.8,2019-09-24 05:00:00
1207,1.1,2019-09-24 06:00:00
1208,3.3,2019-09-24 07:00:00
1209,3.2,2019-09-24 08:00:00
1210,9.5,2019-09-24 09:00:00
1211,18.8,2019-09-24 10:00:00
1212,53.0,2019-09-24 11:00:00
1213,64.0,2019-09-24 12:00:00
1214,64.6,2019-09-24 13:00:00
1215,41.4,2019-09-24 14:00:00
1216,36.9,2019-09-24 15:00:00
1217,35.3,2019-09-24 16:00:00
1218,28.2,2019-09-24 17:00:00
1219,14.7,2019-09-24 18:00:00
1220,5.1,2019-09-24 19:00:00
1221,1.9,2019-09-24 20:00:00
1222,2.0,2019-09-24 21:00:00
1223,2.7,2019-09-24 22:00:00
1224,4.0,2019-09-24 23:00:00
1225,4.0,2019-09-25 00:00:00
1226,4.6,2019-09-25 01:00:00
1227,7.5,2019-09-25 02:00:00
1228,9.4,2019-09-25 03:00:00
1229,4.2,2019-09-25 04:00:00
1230,2.1,2019-09-25 05:00:00
1231,5.4,2019-09-25 06:00:00
1232,2.9,2019-09-25 07:00:00
1233,6.3,2019-09-25 08:00:00
1234,10.1,2019-09-25 09:00:00
1235,18.9,2019-09-25 10:00:00
1236,34.8,2019-09-25 11:00:00
1237,67.4,2019-09-25 12:00:00
1238,59.4,2019-09-25 13:00:00
1239,40.0,2019-09-25 14:00:00
1240,38.1,2019-09-25 15:00:00
1241,35.9,2019-09-25 16:00:00
1242,33.3,2019-09-25 17:00:00
1243,14.8,2019-09-25 18:00:00
1244,4.1,2019-09-25 19:00:00
1245,3.9,2019-09-25 20:00:00
1246,3.4,2019-09-25 21:00:00
1247,3.9,2019-09-25 22:00:00
1248,3.9,2019-09-25 23:00:00
1249,382.4,2019-09-26 00:00:00
1250,140.3,2019-09-26 01:00:00
1251,48.9,2019-09-26 02:00:00
1252,4.9,2019-09-26 03:00:00
1253,3.5,2019-09-26 04:00:00
1254,15.8,2019-09-26 05:00:00
1255,8.7,2019-09-26 06:00:00
1256,46.1,2019-09-26 07:00:00
1257,40.0,2019-09-26 08:00:00
1258,30.5,2019-09-26 09:00:00
1941,,2019-09-26 10:00:00
1942,,2019-09-26 11:00:00
1943,,2019-09-26 12:00:00
1259,24.7,2019-09-26 13:00:00
1260,19.9,2019-09-26 14:00:00
1261,16.0,2019-09-26 15:00:00
1262,34.7,2019-09-26 16:00:00
1263,15.6,2019-09-26 17:00:00
1264,6.1,2019-09-26 18:00:00
1265,27.2,2019-09-26 19:00:00
1266,3.2,2019-09-26 20:00:00
1267,2.7,2019-09-26 21:00:00
1268,3.1,2019-09-26 22:00:00
1269,60.9,2019-09-26 23:00:00
1270,47.5,2019-09-27 00:00:00
1944,,2019-09-27 01:00:00
1271,80.4,2019-09-27 02:00:00
1272,56.9,2019-09-27 03:00:00
1273,5.7,2019-09-27 04:00:00
1274,5.4,2019-09-27 05:00:00
1275,3.7,2019-09-27 06:00:00
1276,4.3,2019-09-27 07:00:00
1277,6.0,2019-09-27 08:00:00
1278,7.0,2019-09-27 09:00:00
1279,8.5,2019-09-27 10:00:00
1280,9.9,2019-09-27 11:00:00
1281,14.6,2019-09-27 12:00:00
1282,17.2,2019-09-27 13:00:00
1283,22.5,2019-09-27 14:00:00
1284,19.7,2019-09-27 15:00:00
1285,23.4,2019-09-27 16:00:00
1286,15.3,2019-09-27 17:00:00
1287,12.3,2019-09-27 18:00:00
1288,4.5,2019-09-27 19:00:00
1289,11.8,2019-09-27 20:00:00
1290,6.6,2019-09-27 21:00:00
1291,4.0,2019-09-27 22:00:00
1292,13.8,2019-09-27 23:00:00
1293,85.5,2019-09-28 00:00:00
1294,4.8,2019-09-28 01:00:00
1295,5.6,2019-09-28 02:00:00
1296,3.5,2019-09-28 03:00:00
1297,2.5,2019-09-28 04:00:00
1298,2.4,2019-09-28 05:00:00
1299,2.4,2019-09-28 06:00:00
1300,2.8,2019-09-28 07:00:00
1301,3.2,2019-09-28 08:00:00
1302,6.9,2019-09-28 09:00:00
1303,10.8,2019-09-28 10:00:00
1304,15.5,2019-09-28 11:00:00
1305,18.7,2019-09-28 12:00:00
1306,17.6,2019-09-28 13:00:00
1307,18.8,2019-09-28 14:00:00
1308,18.2,2019-09-28 15:00:00
1309,22.3,2019-09-28 16:00:00
1310,30.1,2019-09-28 17:00:00
1311,25.1,2019-09-28 18:00:00
1312,10.9,2019-09-28 19:00:00
1313,13.5,2019-09-28 20:00:00
1314,1.5,2019-09-28 21:00:00
1315,2.2,2019-09-28 22:00:00
1316,1.6,2019-09-28 23:00:00
1317,29.5,2019-09-29 00:00:00
1318,3.1,2019-09-29 01:00:00
1319,2.6,2019-09-29 02:00:00
1320,3.6,2019-09-29 03:00:00
1321,17.5,2019-09-29 04:00:00
1322,6.9,2019-09-29 05:00:00
1323,7.1,2019-09-29 06:00:00
1324,7.6,2019-09-29 07:00:00
1325,3.1,2019-09-29 08:00:00
1326,10.5,2019-09-29 09:00:00
1327,9.7,2019-09-29 10:00:00
1328,9.9,2019-09-29 11:00:00
1329,22.5,2019-09-29 12:00:00
1330,26.5,2019-09-29 13:00:00
1331,24.4,2019-09-29 14:00:00
1332,29.8,2019-09-29 15:00:00
1333,25.3,2019-09-29 16:00:00
1334,20.1,2019-09-29 17:00:00
1335,8.1,2019-09-29 18:00:00
1336,3.5,2019-09-29 19:00:00
1337,11.9,2019-09-29 20:00:00
1338,1.4,2019-09-29 21:00:00
1339,1.4,2019-09-29 22:00:00
1340,1.8,2019-09-29 23:00:00
1341,1.3,2019-09-30 00:00:00
1342,2.5,2019-09-30 01:00:00
1343,2.7,2019-09-30 02:00:00
1344,2.9,2019-09-30 03:00:00
1345,5.6,2019-09-30 04:00:00
1346,3.7,2019-09-30 05:00:00
1347,4.6,2019-09-30 06:00:00
1348,2.4,2019-09-30 07:00:00
1349,3.5,2019-09-30 08:00:00
1350,3.9,2019-09-30 09:00:00
1351,6.3,2019-09-30 10:00:00
1352,18.7,2019-09-30 11:00:00
1353,12.8,2019-09-30 12:00:00
1354,39.4,2019-09-30 13:00:00
1355,47.9,2019-09-30 14:00:00
1945,,2019-09-30 15:00:00
1946,,2019-09-30 16:00:00
1356,50.8,2019-09-30 17:00:00
1357,11.8,2019-09-30 18:00:00
1358,5.2,2019-09-30 19:00:00
1359,22.8,2019-09-30 20:00:00
1360,12.9,2019-09-30 21:00:00
1361,2.5,2019-09-30 22:00:00
1362,1.8,2019-09-30 23:00:00
1363,1.6,2019-10-01 00:00:00
1364,1.7,2019-10-01 01:00:00
1365,1.5,2019-10-01 02:00:00
1366,1.8,2019-10-01 03:00:00
1367,1.6,2019-10-01 04:00:00
1368,1.6,2019-10-01 05:00:00
1369,1.8,2019-10-01 06:00:00
1370,2.4,2019-10-01 07:00:00
1371,2.0,2019-10-01 08:00:00
1372,5.6,2019-10-01 09:00:00
1373,9.9,2019-10-01 10:00:00
1374,19.1,2019-10-01 11:00:00
1375,44.8,2019-10-01 12:00:00
1376,60.5,2019-10-01 13:00:00
1377,71.0,2019-10-01 14:00:00
1378,49.0,2019-10-01 15:00:00
1947,,2019-10-01 16:00:00
1948,,2019-10-01 17:00:00
1949,,2019-10-01 18:00:00
1950,,2019-10-01 19:00:00
1951,,2019-10-01 20:00:00
1952,,2019-10-01 21:00:00
1953,,2019-10-01 22:00:00
1954,,2019-10-01 23:00:00
1955,,2019-10-02 00:00:00
1956,,2019-10-02 01:00:00
1957,,2019-10-02 02:00:00
1958,,2019-10-02 03:00:00
1959,,2019-10-02 04:00:00
1960,,2019-10-02 05:00:00
1961,,2019-10-02 06:00:00
1962,,2019-10-02 07:00:00
1963,,2019-10-02 08:00:00
1964,,2019-10-02 09:00:00
1965,,2019-10-02 10:00:00
1966,,2019-10-02 11:00:00
1379,44.6,2019-10-02 12:00:00
1967,,2019-10-02 13:00:00
1380,44.5,2019-10-02 14:00:00
1381,39.4,2019-10-02 15:00:00
1382,40.1,2019-10-02 16:00:00
1383,32.0,2019-10-02 17:00:00
1384,23.7,2019-10-02 18:00:00
1385,4.6,2019-10-02 19:00:00
1386,2.2,2019-10-02 20:00:00
1387,2.5,2019-10-02 21:00:00
1388,3.8,2019-10-02 22:00:00
1389,3.0,2019-10-02 23:00:00
1390,1.9,2019-10-03 00:00:00
1391,4.0,2019-10-03 01:00:00
1392,4.7,2019-10-03 02:00:00
1393,4.4,2019-10-03 03:00:00
1394,5.1,2019-10-03 04:00:00
1395,4.8,2019-10-03 05:00:00
1396,4.9,2019-10-03 06:00:00
1397,6.3,2019-10-03 07:00:00
1398,2.3,2019-10-03 08:00:00
1968,,2019-10-03 09:00:00
1399,14.2,2019-10-03 10:00:00
1400,41.8,2019-10-03 11:00:00
1401,65.4,2019-10-03 12:00:00
1402,80.1,2019-10-03 13:00:00
1403,75.4,2019-10-03 14:00:00
1404,52.3,2019-10-03 15:00:00
1405,48.2,2019-10-03 16:00:00
1406,54.2,2019-10-03 17:00:00
1407,34.7,2019-10-03 18:00:00
1408,16.1,2019-10-03 19:00:00
1409,19.8,2019-10-03 20:00:00
1410,29.2,2019-10-03 21:00:00
1411,6.1,2019-10-03 22:00:00
1412,11.0,2019-10-03 23:00:00
1413,25.3,2019-10-04 00:00:00
1414,16.8,2019-10-04 01:00:00
1415,19.6,2019-10-04 02:00:00
1416,16.1,2019-10-04 03:00:00
1417,8.4,2019-10-04 04:00:00
1418,3.5,2019-10-04 05:00:00
1419,3.7,2019-10-04 06:00:00
1420,3.1,2019-10-04 07:00:00
1421,3.8,2019-10-04 08:00:00
1422,11.8,2019-10-04 09:00:00
1423,21.5,2019-10-04 10:00:00
1424,32.5,2019-10-04 11:00:00
1425,40.3,2019-10-04 12:00:00
1426,40.1,2019-10-04 13:00:00
1427,41.2,2019-10-04 14:00:00
1428,43.6,2019-10-04 15:00:00
1429,42.2,2019-10-04 16:00:00
1430,40.4,2019-10-04 17:00:00
1431,30.9,2019-10-04 18:00:00
1432,24.0,2019-10-04 19:00:00
1433,15.6,2019-10-04 20:00:00
1434,2.5,2019-10-04 21:00:00
1435,3.0,2019-10-04 22:00:00
1436,10.6,2019-10-04 23:00:00
1437,6.1,2019-10-05 00:00:00
1438,6.1,2019-10-05 01:00:00
1439,8.5,2019-10-05 02:00:00
1440,10.2,2019-10-05 03:00:00
1441,12.5,2019-10-05 04:00:00
1442,12.2,2019-10-05 05:00:00
1969,,2019-10-05 06:00:00
1443,7.1,2019-10-05 07:00:00
1444,10.0,2019-10-05 08:00:00
1445,24.2,2019-10-05 09:00:00
1446,34.0,2019-10-05 10:00:00
1970,,2019-10-05 11:00:00
1971,,2019-10-05 12:00:00
1972,,2019-10-05 13:00:00
1447,47.7,2019-10-05 14:00:00
1448,48.3,2019-10-05 15:00:00
1449,47.5,2019-10-05 16:00:00
1450,43.4,2019-10-05 17:00:00
1451,32.1,2019-10-05 18:00:00
1452,17.2,2019-10-05 19:00:00
1453,5.3,2019-10-05 20:00:00
1454,3.0,2019-10-05 21:00:00
1455,2.9,2019-10-05 22:00:00
1456,5.1,2019-10-05 23:00:00
1457,10.5,2019-10-06 00:00:00
1458,13.0,2019-10-06 01:00:00
1459,14.0,2019-10-06 02:00:00
1460,19.8,2019-10-06 03:00:00
1461,3.9,2019-10-06 04:00:00
1462,8.0,2019-10-06 05:00:00
1463,3.4,2019-10-06 06:00:00
1464,3.4,2019-10-06 07:00:00
1465,12.8,2019-10-06 08:00:00
1466,28.7,2019-10-06 09:00:00
1467,44.5,2019-10-06 10:00:00
1468,48.3,2019-10-06 11:00:00
1469,51.4,2019-10-06 12:00:00
1470,50.4,2019-10-06 13:00:00
1471,53.0,2019-10-06 14:00:00
1472,53.2,2019-10-06 15:00:00
1473,49.5,2019-10-06 16:00:00
1474,43.5,2019-10-06 17:00:00
1475,32.6,2019-10-06 18:00:00
1476,7.6,2019-10-06 19:00:00
1477,5.6,2019-10-06 20:00:00
1478,22.3,2019-10-06 21:00:00
1973,,2019-10-06 22:00:00
1479,24.4,2019-10-06 23:00:00
1480,24.6,2019-10-07 00:00:00
1481,19.8,2019-10-07 01:00:00
1482,21.7,2019-10-07 02:00:00
1483,18.4,2019-10-07 03:00:00
1484,15.3,2019-10-07 04:00:00
1485,9.9,2019-10-07 05:00:00
1486,7.2,2019-10-07 06:00:00
1487,6.4,2019-10-07 07:00:00
1488,14.6,2019-10-07 08:00:00
1489,25.5,2019-10-07 09:00:00
1490,33.9,2019-10-07 10:00:00
1491,43.3,2019-10-07 11:00:00
1492,45.7,2019-10-07 12:00:00
1493,48.4,2019-10-07 13:00:00
1494,48.0,2019-10-07 14:00:00
1495,47.3,2019-10-07 15:00:00
1496,48.1,2019-10-07 16:00:00
1497,42.6,2019-10-07 17:00:00
1498,26.5,2019-10-07 18:00:00
1499,23.1,2019-10-07 19:00:00
1500,25.8,2019-10-07 20:00:00
1501,23.1,2019-10-07 21:00:00
1502,23.7,2019-10-07 22:00:00
1503,18.9,2019-10-07 23:00:00
1504,20.8,2019-10-08 00:00:00
1505,17.9,2019-10-08 01:00:00
1506,20.0,2019-10-08 02:00:00
1507,20.8,2019-10-08 03:00:00
1508,22.9,2019-10-08 04:00:00
1509,23.9,2019-10-08 05:00:00
1510,20.9,2019-10-08 06:00:00
1511,10.9,2019-10-08 07:00:00
1512,19.2,2019-10-08 08:00:00
1513,33.2,2019-10-08 09:00:00
1514,47.2,2019-10-08 10:00:00
1515,51.1,2019-10-08 11:00:00
1516,53.7,2019-10-08 12:00:00
1517,54.1,2019-10-08 13:00:00
1518,53.3,2019-10-08 14:00:00
1519,51.5,2019-10-08 15:00:00
1520,53.0,2019-10-08 16:00:00
1521,49.3,2019-10-08 17:00:00
1522,40.4,2019-10-08 18:00:00
1523,12.0,2019-10-08 19:00:00
1524,7.5,2019-10-08 20:00:00
1525,6.7,2019-10-08 21:00:00
1526,4.8,2019-10-08 22:00:00
1527,5.1,2019-10-08 23:00:00
1528,2.6,2019-10-09 00:00:00
1529,3.8,2019-10-09 01:00:00
1530,3.2,2019-10-09 02:00:00
1531,3.0,2019-10-09 03:00:00
1532,3.9,2019-10-09 04:00:00
1533,3.0,2019-10-09 05:00:00
1534,5.2,2019-10-09 06:00:00
1535,5.7,2019-10-09 07:00:00
1536,27.3,2019-10-09 08:00:00
1537,56.0,2019-10-09 09:00:00
1538,44.8,2019-10-09 10:00:00
1539,54.4,2019-10-09 11:00:00
1540,74.2,2019-10-09 12:00:00
1541,90.1,2019-10-09 13:00:00
1542,90.3,2019-10-09 14:00:00
1543,97.8,2019-10-09 15:00:00
1544,99.5,2019-10-09 16:00:00
1545,71.9,2019-10-09 17:00:00
1546,35.8,2019-10-09 18:00:00
1547,15.3,2019-10-09 19:00:00
1548,10.6,2019-10-09 20:00:00
1549,6.1,2019-10-09 21:00:00
1550,5.2,2019-10-09 22:00:00
1551,3.9,2019-10-09 23:00:00
1552,3.4,2019-10-10 00:00:00
1553,2.6,2019-10-10 01:00:00
1554,2.5,2019-10-10 02:00:00
1555,1.9,2019-10-10 03:00:00
1556,2.4,2019-10-10 04:00:00
1557,2.8,2019-10-10 05:00:00
1558,3.4,2019-10-10 06:00:00
1559,2.8,2019-10-10 07:00:00
1560,3.9,2019-10-10 08:00:00
1561,25.9,2019-10-10 09:00:00
1562,75.3,2019-10-10 10:00:00
1563,93.7,2019-10-10 11:00:00
1564,121.8,2019-10-10 12:00:00
1565,137.1,2019-10-10 13:00:00
1566,124.4,2019-10-10 14:00:00
1567,98.9,2019-10-10 15:00:00
1568,84.1,2019-10-10 16:00:00
1569,55.9,2019-10-10 17:00:00
1570,42.9,2019-10-10 18:00:00
1571,10.4,2019-10-10 19:00:00
1572,4.4,2019-10-10 20:00:00
1573,3.2,2019-10-10 21:00:00
1974,,2019-10-10 22:00:00
1975,,2019-10-10 23:00:00
1976,,2019-10-11 00:00:00
1977,,2019-10-11 01:00:00
1978,,2019-10-11 02:00:00
1979,,2019-10-11 03:00:00
1980,,2019-10-11 04:00:00
1574,3.7,2019-10-11 05:00:00
1575,2.8,2019-10-11 06:00:00
1576,2.5,2019-10-11 07:00:00
1577,4.4,2019-10-11 08:00:00
1578,14.7,2019-10-11 09:00:00
1579,42.0,2019-10-11 10:00:00
1580,61.3,2019-10-11 11:00:00
1581,80.0,2019-10-11 12:00:00
1582,90.5,2019-10-11 13:00:00
1583,82.8,2019-10-11 14:00:00
1584,80.5,2019-10-11 15:00:00
1585,80.3,2019-10-11 16:00:00
1586,61.0,2019-10-11 17:00:00
1587,41.2,2019-10-11 18:00:00
1588,32.4,2019-10-11 19:00:00
1589,10.1,2019-10-11 20:00:00
1590,1.4,2019-10-11 21:00:00
1591,1.8,2019-10-11 22:00:00
1592,1.4,2019-10-11 23:00:00
1593,4.3,2019-10-12 00:00:00
1594,6.4,2019-10-12 01:00:00
1595,8.1,2019-10-12 02:00:00
1596,1.9,2019-10-12 03:00:00
1597,1.8,2019-10-12 04:00:00
1598,1.9,2019-10-12 05:00:00
1599,2.5,2019-10-12 06:00:00
1600,3.1,2019-10-12 07:00:00
1601,4.6,2019-10-12 08:00:00
1602,16.2,2019-10-12 09:00:00
1603,35.6,2019-10-12 10:00:00
1604,56.6,2019-10-12 11:00:00
1605,67.9,2019-10-12 12:00:00
1606,71.6,2019-10-12 13:00:00
1607,75.4,2019-10-12 14:00:00
1608,73.1,2019-10-12 15:00:00
1609,70.9,2019-10-12 16:00:00
1610,68.5,2019-10-12 17:00:00
1611,33.8,2019-10-12 18:00:00
1612,16.1,2019-10-12 19:00:00
1613,5.4,2019-10-12 20:00:00
1614,3.7,2019-10-12 21:00:00
1615,2.6,2019-10-12 22:00:00
1616,611.5,2019-10-12 23:00:00
1617,421.7,2019-10-13 00:00:00
1618,122.8,2019-10-13 01:00:00
1619,88.8,2019-10-13 02:00:00
1620,67.6,2019-10-13 03:00:00
1621,4.0,2019-10-13 04:00:00
1622,3.2,2019-10-13 05:00:00
1623,3.0,2019-10-13 06:00:00
1624,1.8,2019-10-13 07:00:00
1625,5.2,2019-10-13 08:00:00
1626,16.1,2019-10-13 09:00:00
1627,42.4,2019-10-13 10:00:00
1628,58.9,2019-10-13 11:00:00
1629,77.9,2019-10-13 12:00:00
1630,71.0,2019-10-13 13:00:00
1631,69.0,2019-10-13 14:00:00
1632,66.0,2019-10-13 15:00:00
1633,64.4,2019-10-13 16:00:00
1634,57.3,2019-10-13 17:00:00
1635,31.3,2019-10-13 18:00:00
1636,2.4,2019-10-13 19:00:00
1981,,2019-10-13 20:00:00
1982,,2019-10-13 21:00:00
1983,,2019-10-13 22:00:00
1984,,2019-10-13 23:00:00
1985,,2019-10-14 00:00:00
1986,,2019-10-14 01:00:00
1637,2.3,2019-10-14 02:00:00
1638,2.0,2019-10-14 03:00:00
1639,2.3,2019-10-14 04:00:00
1640,2.2,2019-10-14 05:00:00
1641,2.6,2019-10-14 06:00:00
1642,3.1,2019-10-14 07:00:00
1643,2.6,2019-10-14 08:00:00
1644,11.7,2019-10-14 09:00:00
1645,37.1,2019-10-14 10:00:00
1646,62.3,2019-10-14 11:00:00
1647,69.7,2019-10-14 12:00:00
1648,62.4,2019-10-14 13:00:00
1649,64.3,2019-10-14 14:00:00
1650,67.4,2019-10-14 15:00:00
1651,62.3,2019-10-14 16:00:00
1652,55.3,2019-10-14 17:00:00
1653,17.9,2019-10-14 18:00:00
1654,4.9,2019-10-14 19:00:00
1655,3.4,2019-10-14 20:00:00
1656,4.4,2019-10-14 21:00:00
1657,6.0,2019-10-14 22:00:00
1658,6.7,2019-10-14 23:00:00
1659,7.7,2019-10-15 00:00:00
1660,20.9,2019-10-15 01:00:00
1661,10.9,2019-10-15 02:00:00
1662,20.0,2019-10-15 03:00:00
1663,44.8,2019-10-15 04:00:00
1664,22.1,2019-10-15 05:00:00
1665,17.2,2019-10-15 06:00:00
1666,10.3,2019-10-15 07:00:00
1667,5.1,2019-10-15 08:00:00
1668,10.5,2019-10-15 09:00:00
1669,18.8,2019-10-15 10:00:00
1670,43.3,2019-10-15 11:00:00
1671,72.3,2019-10-15 12:00:00
1672,104.9,2019-10-15 13:00:00
1673,111.0,2019-10-15 14:00:00
1674,73.8,2019-10-15 15:00:00
1675,103.1,2019-10-15 16:00:00
1676,67.7,2019-10-15 17:00:00
1677,9.5,2019-10-15 18:00:00
1678,5.1,2019-10-15 19:00:00
1679,6.4,2019-10-15 20:00:00
1680,5.0,2019-10-15 21:00:00
1681,4.5,2019-10-15 22:00:00
1682,3.5,2019-10-15 23:00:00
1683,10.1,2019-10-16 00:00:00
1684,79.0,2019-10-16 01:00:00
1685,70.4,2019-10-16 02:00:00
1686,13.9,2019-10-16 03:00:00
1687,5.7,2019-10-16 04:00:00
1688,3.8,2019-10-16 05:00:00
1689,2.7,2019-10-16 06:00:00
1690,2.5,2019-10-16 07:00:00
1691,3.1,2019-10-16 08:00:00
1692,12.5,2019-10-16 09:00:00
1693,23.6,2019-10-16 10:00:00
1694,61.6,2019-10-16 11:00:00
1695,79.9,2019-10-16 12:00:00
1696,93.7,2019-10-16 13:00:00
1697,112.0,2019-10-16 14:00:00
1698,122.6,2019-10-16 15:00:00
1699,87.1,2019-10-16 16:00:00
1700,62.2,2019-10-16 17:00:00
1701,33.1,2019-10-16 18:00:00
1702,6.4,2019-10-16 19:00:00
1703,10.8,2019-10-16 20:00:00
1704,5.2,2019-10-16 21:00:00
1705,2.7,2019-10-16 22:00:00
1706,3.0,2019-10-16 23:00:00
1707,2.9,2019-10-17 00:00:00
1708,54.4,2019-10-17 01:00:00
1709,79.8,2019-10-17 02:00:00
1710,129.3,2019-10-17 03:00:00
1711,43.3,2019-10-17 04:00:00
1712,25.0,2019-10-17 05:00:00
1713,36.9,2019-10-17 06:00:00
1714,22.6,2019-10-17 07:00:00
1715,62.7,2019-10-17 08:00:00
1716,132.8,2019-10-17 09:00:00
1717,99.8,2019-10-17 10:00:00
1718,44.3,2019-10-17 11:00:00
1719,60.2,2019-10-17 12:00:00
1720,73.4,2019-10-17 13:00:00
1721,95.0,2019-10-17 14:00:00
1722,99.6,2019-10-17 15:00:00
1723,91.9,2019-10-17 16:00:00
1724,80.6,2019-10-17 17:00:00
1725,38.4,2019-10-17 18:00:00
1726,5.4,2019-10-17 19:00:00
1727,9.1,2019-10-17 20:00:00
1728,8.6,2019-10-17 21:00:00
1729,73.6,2019-10-17 22:00:00
1730,14.4,2019-10-17 23:00:00
1731,5.3,2019-10-18 00:00:00
1987,,2019-10-18 01:00:00
1732,2.9,2019-10-18 02:00:00
1733,2.7,2019-10-18 03:00:00
1734,3.0,2019-10-18 04:00:00
1735,2.2,2019-10-18 05:00:00
1736,2.7,2019-10-18 06:00:00
1737,2.9,2019-10-18 07:00:00
1738,3.1,2019-10-18 08:00:00
1739,8.2,2019-10-18 09:00:00
1740,21.5,2019-10-18 10:00:00
1741,41.5,2019-10-18 11:00:00
1742,61.1,2019-10-18 12:00:00
1743,71.1,2019-10-18 13:00:00
1744,56.6,2019-10-18 14:00:00
1745,49.5,2019-10-18 15:00:00
1746,42.1,2019-10-18 16:00:00
1747,5.3,2019-10-18 17:00:00
1748,8.4,2019-10-18 18:00:00
1749,27.2,2019-10-18 19:00:00
1750,30.9,2019-10-18 20:00:00
1751,32.9,2019-10-18 21:00:00
1752,16.7,2019-10-18 22:00:00
1753,3.2,2019-10-18 23:00:00
1754,4.8,2019-10-19 00:00:00
1988,,2019-10-19 01:00:00
1755,8.9,2019-10-19 02:00:00
1756,12.8,2019-10-19 03:00:00
1757,9.3,2019-10-19 04:00:00
1758,14.0,2019-10-19 05:00:00
1759,6.0,2019-10-19 06:00:00
1760,6.6,2019-10-19 07:00:00
1761,6.6,2019-10-19 08:00:00
1762,11.6,2019-10-19 09:00:00
1763,22.9,2019-10-19 10:00:00
1764,48.5,2019-10-19 11:00:00
1765,65.3,2019-10-19 12:00:00
1766,71.1,2019-10-19 13:00:00
1767,93.0,2019-10-19 14:00:00
1768,85.3,2019-10-19 15:00:00
1769,74.3,2019-10-19 16:00:00
1770,69.3,2019-10-19 17:00:00
1771,10.6,2019-10-19 18:00:00
1772,4.0,2019-10-19 19:00:00
1773,3.8,2019-10-19 20:00:00
1774,4.3,2019-10-19 21:00:00
1775,3.9,2019-10-19 22:00:00
1776,3.3,2019-10-19 23:00:00
1777,7.6,2019-10-20 00:00:00
1778,11.8,2019-10-20 01:00:00
1779,10.9,2019-10-20 02:00:00
1780,7.4,2019-10-20 03:00:00
1781,3.9,2019-10-20 04:00:00
1782,3.1,2019-10-20 05:00:00
1783,2.6,2019-10-20 06:00:00
1784,2.6,2019-10-20 07:00:00
1785,5.9,2019-10-20 08:00:00
1786,13.1,2019-10-20 09:00:00
1787,23.2,2019-10-20 10:00:00
1788,42.1,2019-10-20 11:00:00
1789,48.9,2019-10-20 12:00:00
1790,50.4,2019-10-20 13:00:00
1791,51.1,2019-10-20 14:00:00
1792,52.8,2019-10-20 15:00:00
1793,54.1,2019-10-20 16:00:00
1794,44.9,2019-10-20 17:00:00
1795,12.0,2019-10-20 18:00:00
1796,2.6,2019-10-20 19:00:00
1797,2.8,2019-10-20 20:00:00
1798,2.8,2019-10-20 21:00:00
1799,2.9,2019-10-20 22:00:00
1800,7.9,2019-10-20 23:00:00
1801,6.3,2019-10-21 00:00:00
1802,2.8,2019-10-21 01:00:00
1803,4.5,2019-10-21 02:00:00
1804,2.7,2019-10-21 03:00:00
1805,2.6,2019-10-21 04:00:00
1806,2.1,2019-10-21 05:00:00
1807,2.6,2019-10-21 06:00:00
1808,2.3,2019-10-21 07:00:00
1809,5.2,2019-10-21 08:00:00
1810,21.7,2019-10-21 09:00:00
1811,40.7,2019-10-21 10:00:00
1812,55.0,2019-10-21 11:00:00
1813,63.4,2019-10-21 12:00:00
1814,57.7,2019-10-21 13:00:00
1815,56.7,2019-10-21 14:00:00
1816,56.8,2019-10-21 15:00:00
1817,55.2,2019-10-21 16:00:00
1818,48.6,2019-10-21 17:00:00
1819,21.2,2019-10-21 18:00:00
1820,2.1,2019-10-21 19:00:00
1821,2.6,2019-10-21 20:00:00
1822,2.0,2019-10-21 21:00:00
1823,3.2,2019-10-21 22:00:00
1824,2.0,2019-10-21 23:00:00
1825,2.8,2019-10-22 00:00:00
1826,5.0,2019-10-22 01:00:00
1827,6.8,2019-10-22 02:00:00
1828,8.7,2019-10-22 03:00:00
1829,12.5,2019-10-22 04:00:00
1830,10.5,2019-10-22 05:00:00
1831,8.2,2019-10-22 06:00:00
1832,4.1,2019-10-22 07:00:00
1833,12.0,2019-10-22 08:00:00
1834,32.2,2019-10-22 09:00:00
1835,50.1,2019-10-22 10:00:00
1836,58.2,2019-10-22 11:00:00
1837,59.2,2019-10-22 12:00:00
1838,57.3,2019-10-22 13:00:00
1839,52.9,2019-10-22 14:00:00
1840,54.7,2019-10-22 15:00:00
1841,57.3,2019-10-22 16:00:00
1842,48.4,2019-10-22 17:00:00
1843,11.9,2019-10-22 18:00:00
1844,1.6,2019-10-22 19:00:00
1845,2.0,2019-10-22 20:00:00
1846,2.2,2019-10-22 21:00:00
1847,2.6,2019-10-22 22:00:00
1848,2.6,2019-10-22 23:00:00
1849,2.0,2019-10-23 00:00:00
1850,2.4,2019-10-23 01:00:00
1851,2.6,2019-10-23 02:00:00
1852,2.3,2019-10-23 03:00:00
1853,2.3,2019-10-23 04:00:00
1854,2.4,2019-10-23 05:00:00
1855,1.8,2019-10-23 06:00:00
1856,2.1,2019-10-23 07:00:00
1857,3.0,2019-10-23 08:00:00
1858,13.2,2019-10-23 09:00:00
1859,32.4,2019-10-23 10:00:00
1860,63.7,2019-10-23 11:00:00
1861,75.9,2019-10-23 12:00:00
1862,77.2,2019-10-23 13:00:00
1863,77.4,2019-10-23 14:00:00
1864,64.0,2019-10-23 15:00:00
1865,66.2,2019-10-23 16:00:00
1866,57.3,2019-10-23 17:00:00
1867,18.7,2019-10-23 18:00:00
1868,2.6,2019-10-23 19:00:00
1869,2.5,2019-10-23 20:00:00
1989,,2019-10-23 21:00:00
1990,,2019-10-23 22:00:00
1991,,2019-10-23 23:00:00
