,noida,utc_time
1569,,2019-07-06 00:00:00
1570,,2019-07-06 01:00:00
1571,,2019-07-06 02:00:00
1572,,2019-07-06 03:00:00
1573,,2019-07-06 04:00:00
1574,,2019-07-06 05:00:00
1575,,2019-07-06 06:00:00
1576,,2019-07-06 07:00:00
1577,,2019-07-06 08:00:00
1578,,2019-07-06 09:00:00
1579,,2019-07-06 10:00:00
1580,,2019-07-06 11:00:00
1581,,2019-07-06 12:00:00
1582,,2019-07-06 13:00:00
1583,,2019-07-06 14:00:00
1584,,2019-07-06 15:00:00
1585,,2019-07-06 16:00:00
1586,,2019-07-06 17:00:00
1587,,2019-07-06 18:00:00
1588,,2019-07-06 19:00:00
1589,,2019-07-06 20:00:00
1590,,2019-07-06 21:00:00
1591,,2019-07-06 22:00:00
1592,,2019-07-06 23:00:00
1593,,2019-07-07 00:00:00
1594,,2019-07-07 01:00:00
1595,,2019-07-07 02:00:00
1596,,2019-07-07 03:00:00
1597,,2019-07-07 04:00:00
1598,,2019-07-07 05:00:00
1599,,2019-07-07 06:00:00
1600,,2019-07-07 07:00:00
1601,,2019-07-07 08:00:00
1602,,2019-07-07 09:00:00
1603,,2019-07-07 10:00:00
1604,,2019-07-07 11:00:00
1605,,2019-07-07 12:00:00
1606,,2019-07-07 13:00:00
1607,,2019-07-07 14:00:00
1608,,2019-07-07 15:00:00
1609,,2019-07-07 16:00:00
1610,,2019-07-07 17:00:00
1611,,2019-07-07 18:00:00
1612,,2019-07-07 19:00:00
1613,,2019-07-07 20:00:00
1614,,2019-07-07 21:00:00
1615,,2019-07-07 22:00:00
1616,,2019-07-07 23:00:00
1617,,2019-07-08 00:00:00
1618,,2019-07-08 01:00:00
1619,,2019-07-08 02:00:00
1620,,2019-07-08 03:00:00
1621,,2019-07-08 04:00:00
1622,,2019-07-08 05:00:00
1623,,2019-07-08 06:00:00
1624,,2019-07-08 07:00:00
1625,,2019-07-08 08:00:00
1626,,2019-07-08 09:00:00
1627,,2019-07-08 10:00:00
1628,,2019-07-08 11:00:00
1629,,2019-07-08 12:00:00
1630,,2019-07-08 13:00:00
1631,,2019-07-08 14:00:00
1632,,2019-07-08 15:00:00
1633,,2019-07-08 16:00:00
1634,,2019-07-08 17:00:00
1635,,2019-07-08 18:00:00
1636,,2019-07-08 19:00:00
1637,,2019-07-08 20:00:00
1638,,2019-07-08 21:00:00
1639,,2019-07-08 22:00:00
1640,,2019-07-08 23:00:00
1641,,2019-07-09 00:00:00
1642,,2019-07-09 01:00:00
1643,,2019-07-09 02:00:00
1644,,2019-07-09 03:00:00
1645,,2019-07-09 04:00:00
1646,,2019-07-09 05:00:00
1647,,2019-07-09 06:00:00
1648,,2019-07-09 07:00:00
1649,,2019-07-09 08:00:00
1650,,2019-07-09 09:00:00
1651,,2019-07-09 10:00:00
1652,,2019-07-09 11:00:00
1653,,2019-07-09 12:00:00
1654,,2019-07-09 13:00:00
1655,,2019-07-09 14:00:00
1656,,2019-07-09 15:00:00
1657,,2019-07-09 16:00:00
1658,,2019-07-09 17:00:00
1659,,2019-07-09 18:00:00
1660,,2019-07-09 19:00:00
1661,,2019-07-09 20:00:00
1662,,2019-07-09 21:00:00
1663,,2019-07-09 22:00:00
1664,,2019-07-09 23:00:00
1665,,2019-07-10 00:00:00
1666,,2019-07-10 01:00:00
1667,,2019-07-10 02:00:00
1668,,2019-07-10 03:00:00
1669,,2019-07-10 04:00:00
1670,,2019-07-10 05:00:00
1671,,2019-07-10 06:00:00
1672,,2019-07-10 07:00:00
1673,,2019-07-10 08:00:00
1674,,2019-07-10 09:00:00
1675,,2019-07-10 10:00:00
1676,,2019-07-10 11:00:00
1677,,2019-07-10 12:00:00
1678,,2019-07-10 13:00:00
1679,,2019-07-10 14:00:00
1680,,2019-07-10 15:00:00
1681,,2019-07-10 16:00:00
1682,,2019-07-10 17:00:00
1683,,2019-07-10 18:00:00
1684,,2019-07-10 19:00:00
1685,,2019-07-10 20:00:00
1686,,2019-07-10 21:00:00
1687,,2019-07-10 22:00:00
1688,,2019-07-10 23:00:00
1689,,2019-07-11 00:00:00
1690,,2019-07-11 01:00:00
1691,,2019-07-11 02:00:00
1692,,2019-07-11 03:00:00
1693,,2019-07-11 04:00:00
1694,,2019-07-11 05:00:00
1695,,2019-07-11 06:00:00
1696,,2019-07-11 07:00:00
1697,,2019-07-11 08:00:00
1698,,2019-07-11 09:00:00
1699,,2019-07-11 10:00:00
0,69.0,2019-07-11 11:00:00
1,69.0,2019-07-11 12:00:00
2,66.0,2019-07-11 13:00:00
3,69.0,2019-07-11 14:00:00
4,62.0,2019-07-11 15:00:00
5,58.0,2019-07-11 16:00:00
6,53.0,2019-07-11 17:00:00
7,43.0,2019-07-11 18:00:00
8,50.0,2019-07-11 19:00:00
9,50.0,2019-07-11 20:00:00
10,53.0,2019-07-11 21:00:00
11,52.0,2019-07-11 22:00:00
12,54.0,2019-07-11 23:00:00
13,60.0,2019-07-12 00:00:00
14,61.0,2019-07-12 01:00:00
15,49.0,2019-07-12 02:00:00
16,42.0,2019-07-12 03:00:00
17,42.0,2019-07-12 04:00:00
18,56.0,2019-07-12 05:00:00
19,65.0,2019-07-12 06:00:00
20,70.0,2019-07-12 07:00:00
21,71.0,2019-07-12 08:00:00
22,81.0,2019-07-12 09:00:00
23,81.0,2019-07-12 10:00:00
24,69.0,2019-07-12 11:00:00
25,56.0,2019-07-12 12:00:00
26,57.0,2019-07-12 13:00:00
27,53.0,2019-07-12 14:00:00
28,77.0,2019-07-12 15:00:00
29,77.0,2019-07-12 16:00:00
30,79.0,2019-07-12 17:00:00
31,75.0,2019-07-12 18:00:00
32,75.0,2019-07-12 19:00:00
33,75.0,2019-07-12 20:00:00
34,72.0,2019-07-12 21:00:00
35,64.0,2019-07-12 22:00:00
36,38.0,2019-07-12 23:00:00
37,26.0,2019-07-13 00:00:00
38,21.0,2019-07-13 01:00:00
39,28.0,2019-07-13 02:00:00
40,35.0,2019-07-13 03:00:00
41,31.0,2019-07-13 04:00:00
42,45.0,2019-07-13 05:00:00
43,83.0,2019-07-13 06:00:00
44,74.0,2019-07-13 07:00:00
45,61.0,2019-07-13 08:00:00
46,51.0,2019-07-13 09:00:00
47,52.0,2019-07-13 10:00:00
48,46.0,2019-07-13 11:00:00
49,44.0,2019-07-13 12:00:00
50,42.0,2019-07-13 13:00:00
51,35.0,2019-07-13 14:00:00
52,53.0,2019-07-13 15:00:00
1700,,2019-07-13 16:00:00
1701,,2019-07-13 17:00:00
1702,,2019-07-13 18:00:00
1703,,2019-07-13 19:00:00
1704,,2019-07-13 20:00:00
1705,,2019-07-13 21:00:00
1706,,2019-07-13 22:00:00
1707,,2019-07-13 23:00:00
1708,,2019-07-14 00:00:00
1709,,2019-07-14 01:00:00
1710,,2019-07-14 02:00:00
1711,,2019-07-14 03:00:00
1712,,2019-07-14 04:00:00
1713,,2019-07-14 05:00:00
1714,,2019-07-14 06:00:00
1715,,2019-07-14 07:00:00
1716,,2019-07-14 08:00:00
1717,,2019-07-14 09:00:00
1718,,2019-07-14 10:00:00
1719,,2019-07-14 11:00:00
1720,,2019-07-14 12:00:00
1721,,2019-07-14 13:00:00
1722,,2019-07-14 14:00:00
1723,,2019-07-14 15:00:00
1724,,2019-07-14 16:00:00
1725,,2019-07-14 17:00:00
1726,,2019-07-14 18:00:00
1727,,2019-07-14 19:00:00
1728,,2019-07-14 20:00:00
1729,,2019-07-14 21:00:00
1730,,2019-07-14 22:00:00
1731,,2019-07-14 23:00:00
1732,,2019-07-15 00:00:00
1733,,2019-07-15 01:00:00
1734,,2019-07-15 02:00:00
1735,,2019-07-15 03:00:00
1736,,2019-07-15 04:00:00
1737,,2019-07-15 05:00:00
1738,,2019-07-15 06:00:00
1739,,2019-07-15 07:00:00
1740,,2019-07-15 08:00:00
1741,,2019-07-15 09:00:00
1742,,2019-07-15 10:00:00
1743,,2019-07-15 11:00:00
1744,,2019-07-15 12:00:00
1745,,2019-07-15 13:00:00
1746,,2019-07-15 14:00:00
1747,,2019-07-15 15:00:00
1748,,2019-07-15 16:00:00
1749,,2019-07-15 17:00:00
1750,,2019-07-15 18:00:00
1751,,2019-07-15 19:00:00
1752,,2019-07-15 20:00:00
1753,,2019-07-15 21:00:00
1754,,2019-07-15 22:00:00
1755,,2019-07-15 23:00:00
1756,,2019-07-16 00:00:00
1757,,2019-07-16 01:00:00
1758,,2019-07-16 02:00:00
53,30.0,2019-07-16 03:00:00
1759,,2019-07-16 04:00:00
1760,,2019-07-16 05:00:00
1761,,2019-07-16 06:00:00
1762,,2019-07-16 07:00:00
1763,,2019-07-16 08:00:00
1764,,2019-07-16 09:00:00
1765,,2019-07-16 10:00:00
1766,,2019-07-16 11:00:00
54,24.0,2019-07-16 12:00:00
55,24.0,2019-07-16 13:00:00
56,20.0,2019-07-16 14:00:00
57,22.0,2019-07-16 15:00:00
58,22.0,2019-07-16 16:00:00
59,18.0,2019-07-16 17:00:00
60,29.0,2019-07-16 18:00:00
1767,,2019-07-16 19:00:00
61,40.0,2019-07-16 20:00:00
62,50.0,2019-07-16 21:00:00
63,69.0,2019-07-16 22:00:00
64,69.0,2019-07-16 23:00:00
65,63.0,2019-07-17 00:00:00
66,25.0,2019-07-17 01:00:00
67,33.0,2019-07-17 02:00:00
68,22.0,2019-07-17 03:00:00
69,13.0,2019-07-17 04:00:00
70,8.0,2019-07-17 05:00:00
71,15.0,2019-07-17 06:00:00
72,15.0,2019-07-17 07:00:00
73,26.0,2019-07-17 08:00:00
74,23.0,2019-07-17 09:00:00
75,19.0,2019-07-17 10:00:00
76,27.0,2019-07-17 11:00:00
77,40.0,2019-07-17 12:00:00
78,63.0,2019-07-17 13:00:00
79,52.0,2019-07-17 14:00:00
80,37.0,2019-07-17 15:00:00
81,89.0,2019-07-17 16:00:00
82,87.0,2019-07-17 17:00:00
83,103.0,2019-07-17 18:00:00
84,89.0,2019-07-17 19:00:00
85,90.0,2019-07-17 20:00:00
86,81.0,2019-07-17 21:00:00
87,61.0,2019-07-17 22:00:00
1768,,2019-07-17 23:00:00
1769,,2019-07-18 00:00:00
1770,,2019-07-18 01:00:00
1771,,2019-07-18 02:00:00
88,16.0,2019-07-18 03:00:00
89,16.0,2019-07-18 04:00:00
90,13.0,2019-07-18 05:00:00
91,25.0,2019-07-18 06:00:00
92,35.0,2019-07-18 07:00:00
93,15.0,2019-07-18 08:00:00
94,8.0,2019-07-18 09:00:00
95,29.0,2019-07-18 10:00:00
96,38.0,2019-07-18 11:00:00
97,48.0,2019-07-18 12:00:00
98,50.0,2019-07-18 13:00:00
99,40.0,2019-07-18 14:00:00
100,35.0,2019-07-18 15:00:00
101,43.0,2019-07-18 16:00:00
102,72.0,2019-07-18 17:00:00
103,61.0,2019-07-18 18:00:00
104,56.0,2019-07-18 19:00:00
105,52.0,2019-07-18 20:00:00
106,67.0,2019-07-18 21:00:00
107,73.0,2019-07-18 22:00:00
108,78.0,2019-07-18 23:00:00
109,85.0,2019-07-19 00:00:00
110,80.0,2019-07-19 01:00:00
111,135.0,2019-07-19 02:00:00
112,150.0,2019-07-19 03:00:00
113,100.0,2019-07-19 04:00:00
114,49.0,2019-07-19 05:00:00
115,42.0,2019-07-19 06:00:00
116,29.0,2019-07-19 07:00:00
117,21.0,2019-07-19 08:00:00
118,30.0,2019-07-19 09:00:00
119,37.0,2019-07-19 10:00:00
120,41.0,2019-07-19 11:00:00
121,42.0,2019-07-19 12:00:00
122,41.0,2019-07-19 13:00:00
123,48.0,2019-07-19 14:00:00
124,74.0,2019-07-19 15:00:00
125,96.0,2019-07-19 16:00:00
126,83.0,2019-07-19 17:00:00
127,73.0,2019-07-19 18:00:00
128,77.0,2019-07-19 19:00:00
129,88.0,2019-07-19 20:00:00
130,82.0,2019-07-19 21:00:00
131,73.0,2019-07-19 22:00:00
132,58.0,2019-07-19 23:00:00
133,58.0,2019-07-20 00:00:00
134,56.0,2019-07-20 01:00:00
135,61.0,2019-07-20 02:00:00
136,54.0,2019-07-20 03:00:00
137,46.0,2019-07-20 04:00:00
138,37.0,2019-07-20 05:00:00
139,38.0,2019-07-20 06:00:00
140,38.0,2019-07-20 07:00:00
141,32.0,2019-07-20 08:00:00
142,31.0,2019-07-20 09:00:00
143,15.0,2019-07-20 10:00:00
144,37.0,2019-07-20 11:00:00
145,56.0,2019-07-20 12:00:00
146,43.0,2019-07-20 13:00:00
147,30.0,2019-07-20 14:00:00
148,36.0,2019-07-20 15:00:00
149,61.0,2019-07-20 16:00:00
150,87.0,2019-07-20 17:00:00
151,101.0,2019-07-20 18:00:00
152,87.0,2019-07-20 19:00:00
153,87.0,2019-07-20 20:00:00
154,82.0,2019-07-20 21:00:00
155,50.0,2019-07-20 22:00:00
156,34.0,2019-07-20 23:00:00
157,52.0,2019-07-21 00:00:00
158,63.0,2019-07-21 01:00:00
159,62.0,2019-07-21 02:00:00
160,48.0,2019-07-21 03:00:00
161,55.0,2019-07-21 04:00:00
162,64.0,2019-07-21 05:00:00
163,36.0,2019-07-21 06:00:00
164,36.0,2019-07-21 07:00:00
165,36.0,2019-07-21 08:00:00
166,43.0,2019-07-21 09:00:00
167,42.0,2019-07-21 10:00:00
168,39.0,2019-07-21 11:00:00
169,16.0,2019-07-21 12:00:00
170,47.0,2019-07-21 13:00:00
171,47.0,2019-07-21 14:00:00
172,60.0,2019-07-21 15:00:00
173,66.0,2019-07-21 16:00:00
174,75.0,2019-07-21 17:00:00
175,81.0,2019-07-21 18:00:00
176,73.0,2019-07-21 19:00:00
177,71.0,2019-07-21 20:00:00
178,71.0,2019-07-21 21:00:00
179,73.0,2019-07-21 22:00:00
180,90.0,2019-07-21 23:00:00
181,81.0,2019-07-22 00:00:00
182,81.0,2019-07-22 01:00:00
183,101.0,2019-07-22 02:00:00
184,109.0,2019-07-22 03:00:00
185,88.0,2019-07-22 04:00:00
186,73.0,2019-07-22 05:00:00
187,34.0,2019-07-22 06:00:00
188,46.0,2019-07-22 07:00:00
189,37.0,2019-07-22 08:00:00
190,53.0,2019-07-22 09:00:00
191,53.0,2019-07-22 10:00:00
192,32.0,2019-07-22 11:00:00
193,63.0,2019-07-22 12:00:00
194,71.0,2019-07-22 13:00:00
195,59.0,2019-07-22 14:00:00
196,55.0,2019-07-22 15:00:00
197,60.0,2019-07-22 16:00:00
198,87.0,2019-07-22 17:00:00
199,95.0,2019-07-22 18:00:00
200,103.0,2019-07-22 19:00:00
201,103.0,2019-07-22 20:00:00
202,123.0,2019-07-22 21:00:00
203,108.0,2019-07-22 22:00:00
204,96.0,2019-07-22 23:00:00
205,99.0,2019-07-23 00:00:00
206,96.0,2019-07-23 01:00:00
207,100.0,2019-07-23 02:00:00
208,104.0,2019-07-23 03:00:00
209,94.0,2019-07-23 04:00:00
210,87.0,2019-07-23 05:00:00
211,53.0,2019-07-23 06:00:00
212,59.0,2019-07-23 07:00:00
213,48.0,2019-07-23 08:00:00
214,53.0,2019-07-23 09:00:00
215,86.0,2019-07-23 10:00:00
216,56.0,2019-07-23 11:00:00
217,20.0,2019-07-23 12:00:00
218,35.0,2019-07-23 13:00:00
219,24.0,2019-07-23 14:00:00
220,34.0,2019-07-23 15:00:00
221,100.0,2019-07-23 16:00:00
222,100.0,2019-07-23 17:00:00
223,92.0,2019-07-23 18:00:00
224,105.0,2019-07-23 19:00:00
225,165.0,2019-07-23 20:00:00
226,203.0,2019-07-23 21:00:00
227,198.0,2019-07-23 22:00:00
228,197.0,2019-07-23 23:00:00
229,190.0,2019-07-24 00:00:00
230,178.0,2019-07-24 01:00:00
231,30.0,2019-07-24 02:00:00
232,55.0,2019-07-24 03:00:00
233,87.0,2019-07-24 04:00:00
234,98.0,2019-07-24 05:00:00
235,101.0,2019-07-24 06:00:00
236,112.0,2019-07-24 07:00:00
237,100.0,2019-07-24 08:00:00
238,82.0,2019-07-24 09:00:00
239,117.0,2019-07-24 10:00:00
240,117.0,2019-07-24 11:00:00
241,122.0,2019-07-24 12:00:00
242,28.0,2019-07-24 13:00:00
243,33.0,2019-07-24 14:00:00
244,14.0,2019-07-24 15:00:00
245,23.0,2019-07-24 16:00:00
246,21.0,2019-07-24 17:00:00
247,25.0,2019-07-24 18:00:00
248,15.0,2019-07-24 19:00:00
249,30.0,2019-07-24 20:00:00
250,22.0,2019-07-24 21:00:00
251,16.0,2019-07-24 22:00:00
252,10.0,2019-07-24 23:00:00
253,8.0,2019-07-25 00:00:00
254,14.0,2019-07-25 01:00:00
255,20.0,2019-07-25 02:00:00
256,31.0,2019-07-25 03:00:00
257,16.0,2019-07-25 04:00:00
258,16.0,2019-07-25 05:00:00
259,20.0,2019-07-25 06:00:00
260,28.0,2019-07-25 07:00:00
261,32.0,2019-07-25 08:00:00
262,32.0,2019-07-25 09:00:00
263,24.0,2019-07-25 10:00:00
264,12.0,2019-07-25 11:00:00
265,6.0,2019-07-25 12:00:00
266,11.0,2019-07-25 13:00:00
267,24.0,2019-07-25 14:00:00
268,30.0,2019-07-25 15:00:00
269,32.0,2019-07-25 16:00:00
270,29.0,2019-07-25 17:00:00
271,38.0,2019-07-25 18:00:00
272,35.0,2019-07-25 19:00:00
273,32.0,2019-07-25 20:00:00
274,34.0,2019-07-25 21:00:00
275,34.0,2019-07-25 22:00:00
276,46.0,2019-07-25 23:00:00
277,50.0,2019-07-26 00:00:00
278,52.0,2019-07-26 01:00:00
279,56.0,2019-07-26 02:00:00
280,48.0,2019-07-26 03:00:00
281,35.0,2019-07-26 04:00:00
282,30.0,2019-07-26 05:00:00
283,26.0,2019-07-26 06:00:00
284,27.0,2019-07-26 07:00:00
285,18.0,2019-07-26 08:00:00
286,19.0,2019-07-26 09:00:00
287,7.0,2019-07-26 10:00:00
288,15.0,2019-07-26 11:00:00
289,11.0,2019-07-26 12:00:00
290,12.0,2019-07-26 13:00:00
291,18.0,2019-07-26 14:00:00
292,27.0,2019-07-26 15:00:00
293,27.0,2019-07-26 16:00:00
294,37.0,2019-07-26 17:00:00
295,25.0,2019-07-26 18:00:00
296,23.0,2019-07-26 19:00:00
297,18.0,2019-07-26 20:00:00
298,17.0,2019-07-26 21:00:00
299,19.0,2019-07-26 22:00:00
300,13.0,2019-07-26 23:00:00
301,17.0,2019-07-27 00:00:00
302,17.0,2019-07-27 01:00:00
303,26.0,2019-07-27 02:00:00
304,24.0,2019-07-27 03:00:00
305,19.0,2019-07-27 04:00:00
306,35.0,2019-07-27 05:00:00
307,17.0,2019-07-27 06:00:00
308,9.0,2019-07-27 07:00:00
309,9.0,2019-07-27 08:00:00
310,8.0,2019-07-27 09:00:00
311,16.0,2019-07-27 10:00:00
312,8.0,2019-07-27 11:00:00
313,5.0,2019-07-27 12:00:00
314,14.0,2019-07-27 13:00:00
315,16.0,2019-07-27 14:00:00
316,31.0,2019-07-27 15:00:00
317,51.0,2019-07-27 16:00:00
318,45.0,2019-07-27 17:00:00
319,46.0,2019-07-27 18:00:00
320,51.0,2019-07-27 19:00:00
321,29.0,2019-07-27 20:00:00
322,26.0,2019-07-27 21:00:00
323,19.0,2019-07-27 22:00:00
324,18.0,2019-07-27 23:00:00
325,12.0,2019-07-28 00:00:00
326,23.0,2019-07-28 01:00:00
327,25.0,2019-07-28 02:00:00
328,24.0,2019-07-28 03:00:00
329,33.0,2019-07-28 04:00:00
330,27.0,2019-07-28 05:00:00
331,35.0,2019-07-28 06:00:00
332,20.0,2019-07-28 07:00:00
333,20.0,2019-07-28 08:00:00
334,24.0,2019-07-28 09:00:00
335,20.0,2019-07-28 10:00:00
336,30.0,2019-07-28 11:00:00
337,2.0,2019-07-28 12:00:00
338,4.0,2019-07-28 13:00:00
339,8.0,2019-07-28 14:00:00
340,16.0,2019-07-28 15:00:00
341,31.0,2019-07-28 16:00:00
342,36.0,2019-07-28 17:00:00
343,30.0,2019-07-28 18:00:00
344,20.0,2019-07-28 19:00:00
345,20.0,2019-07-28 20:00:00
346,17.0,2019-07-28 21:00:00
347,27.0,2019-07-28 22:00:00
348,15.0,2019-07-28 23:00:00
349,18.0,2019-07-29 00:00:00
350,18.0,2019-07-29 01:00:00
351,18.0,2019-07-29 02:00:00
352,17.0,2019-07-29 03:00:00
353,18.0,2019-07-29 04:00:00
354,12.0,2019-07-29 05:00:00
355,14.0,2019-07-29 06:00:00
356,16.0,2019-07-29 07:00:00
357,22.0,2019-07-29 08:00:00
358,7.0,2019-07-29 09:00:00
359,7.0,2019-07-29 10:00:00
360,17.0,2019-07-29 11:00:00
361,17.0,2019-07-29 12:00:00
362,21.0,2019-07-29 13:00:00
363,20.0,2019-07-29 14:00:00
364,22.0,2019-07-29 15:00:00
365,28.0,2019-07-29 16:00:00
366,36.0,2019-07-29 17:00:00
367,38.0,2019-07-29 18:00:00
368,40.0,2019-07-29 19:00:00
369,37.0,2019-07-29 20:00:00
370,40.0,2019-07-29 21:00:00
371,36.0,2019-07-29 22:00:00
372,37.0,2019-07-29 23:00:00
373,29.0,2019-07-30 00:00:00
374,36.0,2019-07-30 01:00:00
375,37.0,2019-07-30 02:00:00
376,29.0,2019-07-30 03:00:00
377,23.0,2019-07-30 04:00:00
378,21.0,2019-07-30 05:00:00
379,17.0,2019-07-30 06:00:00
380,17.0,2019-07-30 07:00:00
381,32.0,2019-07-30 08:00:00
382,19.0,2019-07-30 09:00:00
383,25.0,2019-07-30 10:00:00
384,25.0,2019-07-30 11:00:00
385,15.0,2019-07-30 12:00:00
386,23.0,2019-07-30 13:00:00
387,27.0,2019-07-30 14:00:00
388,22.0,2019-07-30 15:00:00
389,34.0,2019-07-30 16:00:00
390,51.0,2019-07-30 17:00:00
391,36.0,2019-07-30 18:00:00
392,26.0,2019-07-30 19:00:00
393,25.0,2019-07-30 20:00:00
394,26.0,2019-07-30 21:00:00
395,30.0,2019-07-30 22:00:00
396,19.0,2019-07-30 23:00:00
397,20.0,2019-07-31 00:00:00
398,20.0,2019-07-31 01:00:00
399,30.0,2019-07-31 02:00:00
400,33.0,2019-07-31 03:00:00
401,33.0,2019-07-31 04:00:00
402,48.0,2019-07-31 05:00:00
403,41.0,2019-07-31 06:00:00
1772,,2019-07-31 07:00:00
1773,,2019-07-31 08:00:00
1774,,2019-07-31 09:00:00
1775,,2019-07-31 10:00:00
1776,,2019-07-31 11:00:00
404,25.0,2019-07-31 12:00:00
405,18.0,2019-07-31 13:00:00
1777,,2019-07-31 14:00:00
1778,,2019-07-31 15:00:00
1779,,2019-07-31 16:00:00
1780,,2019-07-31 17:00:00
406,43.0,2019-07-31 18:00:00
407,36.0,2019-07-31 19:00:00
408,50.0,2019-07-31 20:00:00
409,57.0,2019-07-31 21:00:00
410,64.0,2019-07-31 22:00:00
411,48.0,2019-07-31 23:00:00
412,59.0,2019-08-01 00:00:00
413,66.0,2019-08-01 01:00:00
414,60.0,2019-08-01 02:00:00
415,50.0,2019-08-01 03:00:00
416,44.0,2019-08-01 04:00:00
1781,,2019-08-01 05:00:00
417,37.0,2019-08-01 06:00:00
418,28.0,2019-08-01 07:00:00
419,20.0,2019-08-01 08:00:00
420,25.0,2019-08-01 09:00:00
421,18.0,2019-08-01 10:00:00
422,18.0,2019-08-01 11:00:00
423,12.0,2019-08-01 12:00:00
424,13.0,2019-08-01 13:00:00
425,32.0,2019-08-01 14:00:00
426,32.0,2019-08-01 15:00:00
427,42.0,2019-08-01 16:00:00
428,34.0,2019-08-01 17:00:00
429,48.0,2019-08-01 18:00:00
430,49.0,2019-08-01 19:00:00
431,48.0,2019-08-01 20:00:00
432,58.0,2019-08-01 21:00:00
433,57.0,2019-08-01 22:00:00
434,53.0,2019-08-01 23:00:00
435,45.0,2019-08-02 00:00:00
436,57.0,2019-08-02 01:00:00
437,80.0,2019-08-02 02:00:00
438,54.0,2019-08-02 03:00:00
439,54.0,2019-08-02 04:00:00
440,48.0,2019-08-02 05:00:00
441,46.0,2019-08-02 06:00:00
442,36.0,2019-08-02 07:00:00
443,21.0,2019-08-02 08:00:00
444,27.0,2019-08-02 09:00:00
445,30.0,2019-08-02 10:00:00
446,19.0,2019-08-02 11:00:00
447,30.0,2019-08-02 12:00:00
448,34.0,2019-08-02 13:00:00
449,38.0,2019-08-02 14:00:00
450,48.0,2019-08-02 15:00:00
451,50.0,2019-08-02 16:00:00
452,57.0,2019-08-02 17:00:00
453,72.0,2019-08-02 18:00:00
454,55.0,2019-08-02 19:00:00
455,43.0,2019-08-02 20:00:00
456,49.0,2019-08-02 21:00:00
457,57.0,2019-08-02 22:00:00
458,45.0,2019-08-02 23:00:00
459,46.0,2019-08-03 00:00:00
460,50.0,2019-08-03 01:00:00
461,60.0,2019-08-03 02:00:00
462,48.0,2019-08-03 03:00:00
463,38.0,2019-08-03 04:00:00
1782,,2019-08-03 05:00:00
1783,,2019-08-03 06:00:00
464,50.0,2019-08-03 07:00:00
465,78.0,2019-08-03 08:00:00
466,78.0,2019-08-03 09:00:00
467,30.0,2019-08-03 10:00:00
468,26.0,2019-08-03 11:00:00
469,15.0,2019-08-03 12:00:00
1784,,2019-08-03 13:00:00
1785,,2019-08-03 14:00:00
1786,,2019-08-03 15:00:00
470,92.0,2019-08-03 16:00:00
1787,,2019-08-03 17:00:00
1788,,2019-08-03 18:00:00
1789,,2019-08-03 19:00:00
1790,,2019-08-03 20:00:00
1791,,2019-08-03 21:00:00
1792,,2019-08-03 22:00:00
1793,,2019-08-03 23:00:00
1794,,2019-08-04 00:00:00
1795,,2019-08-04 01:00:00
471,59.0,2019-08-04 02:00:00
1796,,2019-08-04 03:00:00
1797,,2019-08-04 04:00:00
1798,,2019-08-04 05:00:00
1799,,2019-08-04 06:00:00
1800,,2019-08-04 07:00:00
1801,,2019-08-04 08:00:00
1802,,2019-08-04 09:00:00
1803,,2019-08-04 10:00:00
1804,,2019-08-04 11:00:00
1805,,2019-08-04 12:00:00
1806,,2019-08-04 13:00:00
1807,,2019-08-04 14:00:00
1808,,2019-08-04 15:00:00
1809,,2019-08-04 16:00:00
1810,,2019-08-04 17:00:00
1811,,2019-08-04 18:00:00
1812,,2019-08-04 19:00:00
1813,,2019-08-04 20:00:00
1814,,2019-08-04 21:00:00
1815,,2019-08-04 22:00:00
1816,,2019-08-04 23:00:00
1817,,2019-08-05 00:00:00
1818,,2019-08-05 01:00:00
1819,,2019-08-05 02:00:00
1820,,2019-08-05 03:00:00
1821,,2019-08-05 04:00:00
472,52.0,2019-08-05 05:00:00
473,52.0,2019-08-05 06:00:00
474,27.0,2019-08-05 07:00:00
475,32.0,2019-08-05 08:00:00
1822,,2019-08-05 09:00:00
1823,,2019-08-05 10:00:00
1824,,2019-08-05 11:00:00
1825,,2019-08-05 12:00:00
1826,,2019-08-05 13:00:00
1827,,2019-08-05 14:00:00
1828,,2019-08-05 15:00:00
1829,,2019-08-05 16:00:00
1830,,2019-08-05 17:00:00
1831,,2019-08-05 18:00:00
1832,,2019-08-05 19:00:00
1833,,2019-08-05 20:00:00
1834,,2019-08-05 21:00:00
1835,,2019-08-05 22:00:00
1836,,2019-08-05 23:00:00
476,94.0,2019-08-06 00:00:00
477,94.0,2019-08-06 01:00:00
478,104.0,2019-08-06 02:00:00
479,114.0,2019-08-06 03:00:00
480,33.0,2019-08-06 04:00:00
481,16.0,2019-08-06 05:00:00
482,5.0,2019-08-06 06:00:00
483,5.0,2019-08-06 07:00:00
484,11.0,2019-08-06 08:00:00
485,11.0,2019-08-06 09:00:00
486,12.0,2019-08-06 10:00:00
487,12.0,2019-08-06 11:00:00
488,6.0,2019-08-06 12:00:00
489,7.0,2019-08-06 13:00:00
490,25.0,2019-08-06 14:00:00
491,25.0,2019-08-06 15:00:00
492,50.0,2019-08-06 16:00:00
493,37.0,2019-08-06 17:00:00
494,47.0,2019-08-06 18:00:00
495,51.0,2019-08-06 19:00:00
496,60.0,2019-08-06 20:00:00
497,65.0,2019-08-06 21:00:00
498,63.0,2019-08-06 22:00:00
499,74.0,2019-08-06 23:00:00
500,90.0,2019-08-07 00:00:00
501,73.0,2019-08-07 01:00:00
502,90.0,2019-08-07 02:00:00
503,90.0,2019-08-07 03:00:00
504,69.0,2019-08-07 04:00:00
505,29.0,2019-08-07 05:00:00
506,13.0,2019-08-07 06:00:00
507,13.0,2019-08-07 07:00:00
508,8.0,2019-08-07 08:00:00
509,7.0,2019-08-07 09:00:00
510,6.0,2019-08-07 10:00:00
511,5.0,2019-08-07 11:00:00
512,6.0,2019-08-07 12:00:00
513,8.0,2019-08-07 13:00:00
514,7.0,2019-08-07 14:00:00
515,18.0,2019-08-07 15:00:00
516,21.0,2019-08-07 16:00:00
517,22.0,2019-08-07 17:00:00
518,31.0,2019-08-07 18:00:00
519,16.0,2019-08-07 19:00:00
520,15.0,2019-08-07 20:00:00
521,20.0,2019-08-07 21:00:00
522,7.0,2019-08-07 22:00:00
1837,,2019-08-07 23:00:00
1838,,2019-08-08 00:00:00
1839,,2019-08-08 01:00:00
523,45.0,2019-08-08 02:00:00
524,45.0,2019-08-08 03:00:00
525,39.0,2019-08-08 04:00:00
526,25.0,2019-08-08 05:00:00
527,8.0,2019-08-08 06:00:00
528,5.0,2019-08-08 07:00:00
529,5.0,2019-08-08 08:00:00
530,6.0,2019-08-08 09:00:00
531,7.0,2019-08-08 10:00:00
532,8.0,2019-08-08 11:00:00
533,11.0,2019-08-08 12:00:00
534,9.0,2019-08-08 13:00:00
535,9.0,2019-08-08 14:00:00
536,10.0,2019-08-08 15:00:00
537,22.0,2019-08-08 16:00:00
538,27.0,2019-08-08 17:00:00
539,28.0,2019-08-08 18:00:00
540,15.0,2019-08-08 19:00:00
541,3.0,2019-08-08 20:00:00
542,7.0,2019-08-08 21:00:00
543,7.0,2019-08-08 22:00:00
544,5.0,2019-08-08 23:00:00
545,3.0,2019-08-09 00:00:00
546,5.0,2019-08-09 01:00:00
547,6.0,2019-08-09 02:00:00
548,7.0,2019-08-09 03:00:00
549,7.0,2019-08-09 04:00:00
550,8.0,2019-08-09 05:00:00
551,7.0,2019-08-09 06:00:00
552,10.0,2019-08-09 07:00:00
553,11.0,2019-08-09 08:00:00
554,7.0,2019-08-09 09:00:00
555,6.0,2019-08-09 10:00:00
1840,,2019-08-09 11:00:00
1841,,2019-08-09 12:00:00
1842,,2019-08-09 13:00:00
1843,,2019-08-09 14:00:00
1844,,2019-08-09 15:00:00
1845,,2019-08-09 16:00:00
1846,,2019-08-09 17:00:00
1847,,2019-08-09 18:00:00
1848,,2019-08-09 19:00:00
1849,,2019-08-09 20:00:00
1850,,2019-08-09 21:00:00
1851,,2019-08-09 22:00:00
1852,,2019-08-09 23:00:00
1853,,2019-08-10 00:00:00
556,17.0,2019-08-10 01:00:00
557,17.0,2019-08-10 02:00:00
558,25.0,2019-08-10 03:00:00
559,13.0,2019-08-10 04:00:00
560,12.0,2019-08-10 05:00:00
561,11.0,2019-08-10 06:00:00
562,20.0,2019-08-10 07:00:00
563,9.0,2019-08-10 08:00:00
564,10.0,2019-08-10 09:00:00
565,7.0,2019-08-10 10:00:00
566,2.0,2019-08-10 11:00:00
567,4.0,2019-08-10 12:00:00
568,8.0,2019-08-10 13:00:00
569,8.0,2019-08-10 14:00:00
570,18.0,2019-08-10 15:00:00
571,16.0,2019-08-10 16:00:00
572,23.0,2019-08-10 17:00:00
573,18.0,2019-08-10 18:00:00
574,24.0,2019-08-10 19:00:00
575,20.0,2019-08-10 20:00:00
576,34.0,2019-08-10 21:00:00
577,50.0,2019-08-10 22:00:00
578,52.0,2019-08-10 23:00:00
579,47.0,2019-08-11 00:00:00
580,36.0,2019-08-11 01:00:00
581,42.0,2019-08-11 02:00:00
582,55.0,2019-08-11 03:00:00
583,36.0,2019-08-11 04:00:00
584,21.0,2019-08-11 05:00:00
585,15.0,2019-08-11 06:00:00
586,18.0,2019-08-11 07:00:00
587,19.0,2019-08-11 08:00:00
588,17.0,2019-08-11 09:00:00
589,26.0,2019-08-11 10:00:00
590,23.0,2019-08-11 11:00:00
591,17.0,2019-08-11 12:00:00
592,18.0,2019-08-11 13:00:00
593,11.0,2019-08-11 14:00:00
594,14.0,2019-08-11 15:00:00
595,36.0,2019-08-11 16:00:00
596,14.0,2019-08-11 17:00:00
597,22.0,2019-08-11 18:00:00
598,15.0,2019-08-11 19:00:00
599,17.0,2019-08-11 20:00:00
600,23.0,2019-08-11 21:00:00
601,27.0,2019-08-11 22:00:00
602,24.0,2019-08-11 23:00:00
603,30.0,2019-08-12 00:00:00
604,30.0,2019-08-12 01:00:00
605,15.0,2019-08-12 02:00:00
606,16.0,2019-08-12 03:00:00
607,18.0,2019-08-12 04:00:00
608,18.0,2019-08-12 05:00:00
609,50.0,2019-08-12 06:00:00
610,18.0,2019-08-12 07:00:00
611,18.0,2019-08-12 08:00:00
612,30.0,2019-08-12 09:00:00
1854,,2019-08-12 10:00:00
1855,,2019-08-12 11:00:00
1856,,2019-08-12 12:00:00
1857,,2019-08-12 13:00:00
613,29.0,2019-08-12 14:00:00
614,29.0,2019-08-12 15:00:00
615,61.0,2019-08-12 16:00:00
616,69.0,2019-08-12 17:00:00
617,20.0,2019-08-12 18:00:00
618,15.0,2019-08-12 19:00:00
619,11.0,2019-08-12 20:00:00
620,16.0,2019-08-12 21:00:00
621,19.0,2019-08-12 22:00:00
622,14.0,2019-08-12 23:00:00
623,16.0,2019-08-13 00:00:00
624,19.0,2019-08-13 01:00:00
625,19.0,2019-08-13 02:00:00
626,22.0,2019-08-13 03:00:00
627,18.0,2019-08-13 04:00:00
628,22.0,2019-08-13 05:00:00
629,22.0,2019-08-13 06:00:00
630,24.0,2019-08-13 07:00:00
631,29.0,2019-08-13 08:00:00
632,29.0,2019-08-13 09:00:00
633,23.0,2019-08-13 10:00:00
634,16.0,2019-08-13 11:00:00
635,4.0,2019-08-13 12:00:00
636,26.0,2019-08-13 13:00:00
637,21.0,2019-08-13 14:00:00
638,11.0,2019-08-13 15:00:00
639,38.0,2019-08-13 16:00:00
640,20.0,2019-08-13 17:00:00
641,12.0,2019-08-13 18:00:00
642,18.0,2019-08-13 19:00:00
643,10.0,2019-08-13 20:00:00
644,1.0,2019-08-13 21:00:00
645,0.0,2019-08-13 22:00:00
646,2.0,2019-08-13 23:00:00
647,2.0,2019-08-14 00:00:00
648,12.0,2019-08-14 01:00:00
649,16.0,2019-08-14 02:00:00
650,31.0,2019-08-14 03:00:00
651,31.0,2019-08-14 04:00:00
652,49.0,2019-08-14 05:00:00
653,41.0,2019-08-14 06:00:00
654,32.0,2019-08-14 07:00:00
655,36.0,2019-08-14 08:00:00
656,43.0,2019-08-14 09:00:00
657,29.0,2019-08-14 10:00:00
658,37.0,2019-08-14 11:00:00
659,55.0,2019-08-14 12:00:00
660,56.0,2019-08-14 13:00:00
661,37.0,2019-08-14 14:00:00
662,49.0,2019-08-14 15:00:00
663,52.0,2019-08-14 16:00:00
664,74.0,2019-08-14 17:00:00
665,84.0,2019-08-14 18:00:00
666,104.0,2019-08-14 19:00:00
667,100.0,2019-08-14 20:00:00
668,95.0,2019-08-14 21:00:00
669,106.0,2019-08-14 22:00:00
670,56.0,2019-08-14 23:00:00
671,22.0,2019-08-15 00:00:00
672,13.0,2019-08-15 01:00:00
673,24.0,2019-08-15 02:00:00
674,39.0,2019-08-15 03:00:00
675,39.0,2019-08-15 04:00:00
676,18.0,2019-08-15 05:00:00
677,12.0,2019-08-15 06:00:00
678,19.0,2019-08-15 07:00:00
679,15.0,2019-08-15 08:00:00
680,15.0,2019-08-15 09:00:00
681,19.0,2019-08-15 10:00:00
682,12.0,2019-08-15 11:00:00
683,15.0,2019-08-15 12:00:00
684,15.0,2019-08-15 13:00:00
685,22.0,2019-08-15 14:00:00
686,24.0,2019-08-15 15:00:00
687,22.0,2019-08-15 16:00:00
688,29.0,2019-08-15 17:00:00
689,23.0,2019-08-15 18:00:00
690,7.0,2019-08-15 19:00:00
691,11.0,2019-08-15 20:00:00
692,14.0,2019-08-15 21:00:00
693,18.0,2019-08-15 22:00:00
694,12.0,2019-08-15 23:00:00
695,15.0,2019-08-16 00:00:00
696,19.0,2019-08-16 01:00:00
697,23.0,2019-08-16 02:00:00
698,28.0,2019-08-16 03:00:00
699,17.0,2019-08-16 04:00:00
700,6.0,2019-08-16 05:00:00
701,14.0,2019-08-16 06:00:00
702,12.0,2019-08-16 07:00:00
703,15.0,2019-08-16 08:00:00
704,9.0,2019-08-16 09:00:00
705,6.0,2019-08-16 10:00:00
706,9.0,2019-08-16 11:00:00
707,8.0,2019-08-16 12:00:00
708,6.0,2019-08-16 13:00:00
709,6.0,2019-08-16 14:00:00
710,8.0,2019-08-16 15:00:00
711,12.0,2019-08-16 16:00:00
712,11.0,2019-08-16 17:00:00
713,11.0,2019-08-16 18:00:00
714,15.0,2019-08-16 19:00:00
715,4.0,2019-08-16 20:00:00
716,15.0,2019-08-16 21:00:00
717,10.0,2019-08-16 22:00:00
718,10.0,2019-08-16 23:00:00
719,7.0,2019-08-17 00:00:00
720,4.0,2019-08-17 01:00:00
721,4.0,2019-08-17 02:00:00
722,3.0,2019-08-17 03:00:00
723,0.0,2019-08-17 04:00:00
724,0.0,2019-08-17 05:00:00
725,0.0,2019-08-17 06:00:00
726,6.0,2019-08-17 07:00:00
727,5.0,2019-08-17 08:00:00
728,5.0,2019-08-17 09:00:00
729,0.0,2019-08-17 10:00:00
730,0.0,2019-08-17 11:00:00
731,2.0,2019-08-17 12:00:00
732,0.0,2019-08-17 13:00:00
733,1.0,2019-08-17 14:00:00
734,4.0,2019-08-17 15:00:00
735,5.0,2019-08-17 16:00:00
736,5.0,2019-08-17 17:00:00
737,2.0,2019-08-17 18:00:00
738,1.0,2019-08-17 19:00:00
1858,,2019-08-17 20:00:00
1859,,2019-08-17 21:00:00
1860,,2019-08-17 22:00:00
1861,,2019-08-17 23:00:00
1862,,2019-08-18 00:00:00
1863,,2019-08-18 01:00:00
1864,,2019-08-18 02:00:00
1865,,2019-08-18 03:00:00
1866,,2019-08-18 04:00:00
1867,,2019-08-18 05:00:00
1868,,2019-08-18 06:00:00
1869,,2019-08-18 07:00:00
1870,,2019-08-18 08:00:00
1871,,2019-08-18 09:00:00
1872,,2019-08-18 10:00:00
1873,,2019-08-18 11:00:00
1874,,2019-08-18 12:00:00
739,18.0,2019-08-18 13:00:00
740,18.0,2019-08-18 14:00:00
741,26.0,2019-08-18 15:00:00
742,37.0,2019-08-18 16:00:00
743,55.0,2019-08-18 17:00:00
744,53.0,2019-08-18 18:00:00
745,61.0,2019-08-18 19:00:00
746,59.0,2019-08-18 20:00:00
747,61.0,2019-08-18 21:00:00
748,55.0,2019-08-18 22:00:00
749,53.0,2019-08-18 23:00:00
750,60.0,2019-08-19 00:00:00
751,60.0,2019-08-19 01:00:00
752,70.0,2019-08-19 02:00:00
753,56.0,2019-08-19 03:00:00
754,52.0,2019-08-19 04:00:00
755,40.0,2019-08-19 05:00:00
756,44.0,2019-08-19 06:00:00
757,32.0,2019-08-19 07:00:00
758,32.0,2019-08-19 08:00:00
759,35.0,2019-08-19 09:00:00
760,37.0,2019-08-19 10:00:00
761,31.0,2019-08-19 11:00:00
762,28.0,2019-08-19 12:00:00
763,27.0,2019-08-19 13:00:00
764,24.0,2019-08-19 14:00:00
765,28.0,2019-08-19 15:00:00
766,49.0,2019-08-19 16:00:00
767,49.0,2019-08-19 17:00:00
768,64.0,2019-08-19 18:00:00
769,77.0,2019-08-19 19:00:00
770,65.0,2019-08-19 20:00:00
771,62.0,2019-08-19 21:00:00
772,48.0,2019-08-19 22:00:00
773,39.0,2019-08-19 23:00:00
774,31.0,2019-08-20 00:00:00
775,44.0,2019-08-20 01:00:00
776,61.0,2019-08-20 02:00:00
777,61.0,2019-08-20 03:00:00
778,44.0,2019-08-20 04:00:00
779,44.0,2019-08-20 05:00:00
780,34.0,2019-08-20 06:00:00
781,52.0,2019-08-20 07:00:00
782,44.0,2019-08-20 08:00:00
783,19.0,2019-08-20 09:00:00
784,19.0,2019-08-20 10:00:00
785,23.0,2019-08-20 11:00:00
786,12.0,2019-08-20 12:00:00
787,20.0,2019-08-20 13:00:00
788,32.0,2019-08-20 14:00:00
789,32.0,2019-08-20 15:00:00
790,32.0,2019-08-20 16:00:00
791,30.0,2019-08-20 17:00:00
792,41.0,2019-08-20 18:00:00
793,45.0,2019-08-20 19:00:00
794,56.0,2019-08-20 20:00:00
795,49.0,2019-08-20 21:00:00
796,44.0,2019-08-20 22:00:00
797,55.0,2019-08-20 23:00:00
798,59.0,2019-08-21 00:00:00
799,77.0,2019-08-21 01:00:00
800,92.0,2019-08-21 02:00:00
801,78.0,2019-08-21 03:00:00
802,60.0,2019-08-21 04:00:00
803,34.0,2019-08-21 05:00:00
804,34.0,2019-08-21 06:00:00
805,46.0,2019-08-21 07:00:00
806,41.0,2019-08-21 08:00:00
807,48.0,2019-08-21 09:00:00
808,37.0,2019-08-21 10:00:00
809,41.0,2019-08-21 11:00:00
810,32.0,2019-08-21 12:00:00
811,28.0,2019-08-21 13:00:00
812,30.0,2019-08-21 14:00:00
813,38.0,2019-08-21 15:00:00
814,68.0,2019-08-21 16:00:00
815,68.0,2019-08-21 17:00:00
816,87.0,2019-08-21 18:00:00
817,84.0,2019-08-21 19:00:00
818,67.0,2019-08-21 20:00:00
819,54.0,2019-08-21 21:00:00
820,56.0,2019-08-21 22:00:00
821,51.0,2019-08-21 23:00:00
822,31.0,2019-08-22 00:00:00
823,23.0,2019-08-22 01:00:00
824,20.0,2019-08-22 02:00:00
825,30.0,2019-08-22 03:00:00
826,37.0,2019-08-22 04:00:00
827,40.0,2019-08-22 05:00:00
828,36.0,2019-08-22 06:00:00
829,46.0,2019-08-22 07:00:00
830,65.0,2019-08-22 08:00:00
831,71.0,2019-08-22 09:00:00
832,54.0,2019-08-22 10:00:00
833,15.0,2019-08-22 11:00:00
834,47.0,2019-08-22 12:00:00
835,47.0,2019-08-22 13:00:00
836,47.0,2019-08-22 14:00:00
837,67.0,2019-08-22 15:00:00
838,63.0,2019-08-22 16:00:00
839,63.0,2019-08-22 17:00:00
840,70.0,2019-08-22 18:00:00
841,62.0,2019-08-22 19:00:00
842,66.0,2019-08-22 20:00:00
843,65.0,2019-08-22 21:00:00
844,66.0,2019-08-22 22:00:00
845,62.0,2019-08-22 23:00:00
846,63.0,2019-08-23 00:00:00
847,70.0,2019-08-23 01:00:00
848,81.0,2019-08-23 02:00:00
849,87.0,2019-08-23 03:00:00
850,111.0,2019-08-23 04:00:00
851,72.0,2019-08-23 05:00:00
852,55.0,2019-08-23 06:00:00
853,36.0,2019-08-23 07:00:00
854,48.0,2019-08-23 08:00:00
855,49.0,2019-08-23 09:00:00
856,46.0,2019-08-23 10:00:00
857,46.0,2019-08-23 11:00:00
858,29.0,2019-08-23 12:00:00
859,51.0,2019-08-23 13:00:00
860,23.0,2019-08-23 14:00:00
861,44.0,2019-08-23 15:00:00
862,86.0,2019-08-23 16:00:00
863,87.0,2019-08-23 17:00:00
864,86.0,2019-08-23 18:00:00
865,126.0,2019-08-23 19:00:00
866,88.0,2019-08-23 20:00:00
867,82.0,2019-08-23 21:00:00
868,92.0,2019-08-23 22:00:00
869,91.0,2019-08-23 23:00:00
870,112.0,2019-08-24 00:00:00
871,112.0,2019-08-24 01:00:00
872,112.0,2019-08-24 02:00:00
873,115.0,2019-08-24 03:00:00
874,80.0,2019-08-24 04:00:00
875,82.0,2019-08-24 05:00:00
876,71.0,2019-08-24 06:00:00
877,46.0,2019-08-24 07:00:00
878,37.0,2019-08-24 08:00:00
879,44.0,2019-08-24 09:00:00
880,48.0,2019-08-24 10:00:00
881,56.0,2019-08-24 11:00:00
882,63.0,2019-08-24 12:00:00
883,63.0,2019-08-24 13:00:00
884,82.0,2019-08-24 14:00:00
885,82.0,2019-08-24 15:00:00
886,70.0,2019-08-24 16:00:00
887,37.0,2019-08-24 17:00:00
888,40.0,2019-08-24 18:00:00
889,37.0,2019-08-24 19:00:00
890,37.0,2019-08-24 20:00:00
891,39.0,2019-08-24 21:00:00
892,41.0,2019-08-24 22:00:00
893,40.0,2019-08-24 23:00:00
894,44.0,2019-08-25 00:00:00
895,50.0,2019-08-25 01:00:00
896,48.0,2019-08-25 02:00:00
897,40.0,2019-08-25 03:00:00
898,48.0,2019-08-25 04:00:00
899,37.0,2019-08-25 05:00:00
900,37.0,2019-08-25 06:00:00
901,37.0,2019-08-25 07:00:00
902,28.0,2019-08-25 08:00:00
903,31.0,2019-08-25 09:00:00
904,20.0,2019-08-25 10:00:00
905,20.0,2019-08-25 11:00:00
906,11.0,2019-08-25 12:00:00
907,9.0,2019-08-25 13:00:00
908,23.0,2019-08-25 14:00:00
909,23.0,2019-08-25 15:00:00
910,21.0,2019-08-25 16:00:00
911,14.0,2019-08-25 17:00:00
912,9.0,2019-08-25 18:00:00
913,11.0,2019-08-25 19:00:00
914,9.0,2019-08-25 20:00:00
915,18.0,2019-08-25 21:00:00
916,24.0,2019-08-25 22:00:00
917,41.0,2019-08-25 23:00:00
918,43.0,2019-08-26 00:00:00
919,33.0,2019-08-26 01:00:00
920,40.0,2019-08-26 02:00:00
1875,,2019-08-26 03:00:00
1876,,2019-08-26 04:00:00
1877,,2019-08-26 05:00:00
1878,,2019-08-26 06:00:00
1879,,2019-08-26 07:00:00
1880,,2019-08-26 08:00:00
1881,,2019-08-26 09:00:00
1882,,2019-08-26 10:00:00
1883,,2019-08-26 11:00:00
1884,,2019-08-26 12:00:00
1885,,2019-08-26 13:00:00
1886,,2019-08-26 14:00:00
1887,,2019-08-26 15:00:00
1888,,2019-08-26 16:00:00
1889,,2019-08-26 17:00:00
1890,,2019-08-26 18:00:00
1891,,2019-08-26 19:00:00
1892,,2019-08-26 20:00:00
1893,,2019-08-26 21:00:00
1894,,2019-08-26 22:00:00
1895,,2019-08-26 23:00:00
1896,,2019-08-27 00:00:00
1897,,2019-08-27 01:00:00
921,39.0,2019-08-27 02:00:00
922,39.0,2019-08-27 03:00:00
923,28.0,2019-08-27 04:00:00
924,20.0,2019-08-27 05:00:00
925,19.0,2019-08-27 06:00:00
926,19.0,2019-08-27 07:00:00
927,21.0,2019-08-27 08:00:00
928,23.0,2019-08-27 09:00:00
929,14.0,2019-08-27 10:00:00
930,17.0,2019-08-27 11:00:00
931,27.0,2019-08-27 12:00:00
932,33.0,2019-08-27 13:00:00
933,31.0,2019-08-27 14:00:00
934,36.0,2019-08-27 15:00:00
935,37.0,2019-08-27 16:00:00
936,48.0,2019-08-27 17:00:00
937,44.0,2019-08-27 18:00:00
938,57.0,2019-08-27 19:00:00
939,58.0,2019-08-27 20:00:00
940,66.0,2019-08-27 21:00:00
941,77.0,2019-08-27 22:00:00
942,81.0,2019-08-27 23:00:00
943,77.0,2019-08-28 00:00:00
944,72.0,2019-08-28 01:00:00
945,83.0,2019-08-28 02:00:00
946,56.0,2019-08-28 03:00:00
947,21.0,2019-08-28 04:00:00
948,28.0,2019-08-28 05:00:00
949,22.0,2019-08-28 06:00:00
950,27.0,2019-08-28 07:00:00
951,24.0,2019-08-28 08:00:00
952,5.0,2019-08-28 09:00:00
953,15.0,2019-08-28 10:00:00
954,19.0,2019-08-28 11:00:00
955,19.0,2019-08-28 12:00:00
956,41.0,2019-08-28 13:00:00
957,28.0,2019-08-28 14:00:00
958,84.0,2019-08-28 15:00:00
959,48.0,2019-08-28 16:00:00
960,75.0,2019-08-28 17:00:00
961,75.0,2019-08-28 18:00:00
962,66.0,2019-08-28 19:00:00
963,34.0,2019-08-28 20:00:00
964,41.0,2019-08-28 21:00:00
965,47.0,2019-08-28 22:00:00
966,48.0,2019-08-28 23:00:00
967,48.0,2019-08-29 00:00:00
968,43.0,2019-08-29 01:00:00
969,70.0,2019-08-29 02:00:00
970,47.0,2019-08-29 03:00:00
971,27.0,2019-08-29 04:00:00
972,29.0,2019-08-29 05:00:00
973,25.0,2019-08-29 06:00:00
974,30.0,2019-08-29 07:00:00
975,28.0,2019-08-29 08:00:00
976,32.0,2019-08-29 09:00:00
977,24.0,2019-08-29 10:00:00
978,17.0,2019-08-29 11:00:00
979,22.0,2019-08-29 12:00:00
980,27.0,2019-08-29 13:00:00
981,36.0,2019-08-29 14:00:00
982,38.0,2019-08-29 15:00:00
983,24.0,2019-08-29 16:00:00
984,21.0,2019-08-29 17:00:00
985,28.0,2019-08-29 18:00:00
986,26.0,2019-08-29 19:00:00
987,22.0,2019-08-29 20:00:00
988,28.0,2019-08-29 21:00:00
989,23.0,2019-08-29 22:00:00
990,22.0,2019-08-29 23:00:00
991,28.0,2019-08-30 00:00:00
992,40.0,2019-08-30 01:00:00
993,42.0,2019-08-30 02:00:00
994,39.0,2019-08-30 03:00:00
995,51.0,2019-08-30 04:00:00
996,49.0,2019-08-30 05:00:00
997,53.0,2019-08-30 06:00:00
998,41.0,2019-08-30 07:00:00
999,39.0,2019-08-30 08:00:00
1000,32.0,2019-08-30 09:00:00
1001,38.0,2019-08-30 10:00:00
1002,26.0,2019-08-30 11:00:00
1003,26.0,2019-08-30 12:00:00
1004,30.0,2019-08-30 13:00:00
1005,29.0,2019-08-30 14:00:00
1006,64.0,2019-08-30 15:00:00
1007,35.0,2019-08-30 16:00:00
1008,45.0,2019-08-30 17:00:00
1009,51.0,2019-08-30 18:00:00
1010,60.0,2019-08-30 19:00:00
1011,67.0,2019-08-30 20:00:00
1012,61.0,2019-08-30 21:00:00
1013,55.0,2019-08-30 22:00:00
1014,52.0,2019-08-30 23:00:00
1015,51.0,2019-08-31 00:00:00
1016,61.0,2019-08-31 01:00:00
1017,79.0,2019-08-31 02:00:00
1018,78.0,2019-08-31 03:00:00
1019,71.0,2019-08-31 04:00:00
1020,51.0,2019-08-31 05:00:00
1021,41.0,2019-08-31 06:00:00
1022,37.0,2019-08-31 07:00:00
1023,26.0,2019-08-31 08:00:00
1024,44.0,2019-08-31 09:00:00
1025,50.0,2019-08-31 10:00:00
1026,45.0,2019-08-31 11:00:00
1027,48.0,2019-08-31 12:00:00
1028,55.0,2019-08-31 13:00:00
1029,61.0,2019-08-31 14:00:00
1030,95.0,2019-08-31 15:00:00
1031,84.0,2019-08-31 16:00:00
1032,112.0,2019-08-31 17:00:00
1033,110.0,2019-08-31 18:00:00
1034,71.0,2019-08-31 19:00:00
1035,48.0,2019-08-31 20:00:00
1036,42.0,2019-08-31 21:00:00
1037,38.0,2019-08-31 22:00:00
1038,39.0,2019-08-31 23:00:00
1039,37.0,2019-09-01 00:00:00
1040,35.0,2019-09-01 01:00:00
1041,29.0,2019-09-01 02:00:00
1042,18.0,2019-09-01 03:00:00
1043,7.0,2019-09-01 04:00:00
1044,6.0,2019-09-01 05:00:00
1045,7.0,2019-09-01 06:00:00
1046,7.0,2019-09-01 07:00:00
1047,7.0,2019-09-01 08:00:00
1048,7.0,2019-09-01 09:00:00
1049,7.0,2019-09-01 10:00:00
1050,3.0,2019-09-01 11:00:00
1051,8.0,2019-09-01 12:00:00
1052,13.0,2019-09-01 13:00:00
1053,19.0,2019-09-01 14:00:00
1054,27.0,2019-09-01 15:00:00
1055,33.0,2019-09-01 16:00:00
1056,24.0,2019-09-01 17:00:00
1057,47.0,2019-09-01 18:00:00
1058,34.0,2019-09-01 19:00:00
1059,25.0,2019-09-01 20:00:00
1060,20.0,2019-09-01 21:00:00
1061,29.0,2019-09-01 22:00:00
1062,21.0,2019-09-01 23:00:00
1063,32.0,2019-09-02 00:00:00
1064,36.0,2019-09-02 01:00:00
1065,48.0,2019-09-02 02:00:00
1066,62.0,2019-09-02 03:00:00
1067,32.0,2019-09-02 04:00:00
1068,33.0,2019-09-02 05:00:00
1069,47.0,2019-09-02 06:00:00
1070,47.0,2019-09-02 07:00:00
1071,73.0,2019-09-02 08:00:00
1072,73.0,2019-09-02 09:00:00
1073,67.0,2019-09-02 10:00:00
1074,75.0,2019-09-02 11:00:00
1075,103.0,2019-09-02 12:00:00
1076,103.0,2019-09-02 13:00:00
1077,80.0,2019-09-02 14:00:00
1078,76.0,2019-09-02 15:00:00
1079,111.0,2019-09-02 16:00:00
1080,97.0,2019-09-02 17:00:00
1081,121.0,2019-09-02 18:00:00
1082,113.0,2019-09-02 19:00:00
1083,100.0,2019-09-02 20:00:00
1084,103.0,2019-09-02 21:00:00
1085,103.0,2019-09-02 22:00:00
1086,107.0,2019-09-02 23:00:00
1087,104.0,2019-09-03 00:00:00
1088,96.0,2019-09-03 01:00:00
1089,99.0,2019-09-03 02:00:00
1090,69.0,2019-09-03 03:00:00
1091,69.0,2019-09-03 04:00:00
1092,75.0,2019-09-03 05:00:00
1093,63.0,2019-09-03 06:00:00
1094,56.0,2019-09-03 07:00:00
1095,82.0,2019-09-03 08:00:00
1096,61.0,2019-09-03 09:00:00
1097,51.0,2019-09-03 10:00:00
1898,,2019-09-03 11:00:00
1899,,2019-09-03 12:00:00
1900,,2019-09-03 13:00:00
1901,,2019-09-03 14:00:00
1902,,2019-09-03 15:00:00
1903,,2019-09-03 16:00:00
1904,,2019-09-03 17:00:00
1905,,2019-09-03 18:00:00
1906,,2019-09-03 19:00:00
1907,,2019-09-03 20:00:00
1098,95.0,2019-09-03 21:00:00
1908,,2019-09-03 22:00:00
1909,,2019-09-03 23:00:00
1099,111.0,2019-09-04 00:00:00
1100,111.0,2019-09-04 01:00:00
1101,113.0,2019-09-04 02:00:00
1102,139.0,2019-09-04 03:00:00
1103,153.0,2019-09-04 04:00:00
1104,153.0,2019-09-04 05:00:00
1105,48.0,2019-09-04 06:00:00
1106,48.0,2019-09-04 07:00:00
1107,51.0,2019-09-04 08:00:00
1108,58.0,2019-09-04 09:00:00
1109,62.0,2019-09-04 10:00:00
1110,58.0,2019-09-04 11:00:00
1111,56.0,2019-09-04 12:00:00
1112,56.0,2019-09-04 13:00:00
1113,52.0,2019-09-04 14:00:00
1114,57.0,2019-09-04 15:00:00
1115,68.0,2019-09-04 16:00:00
1116,48.0,2019-09-04 17:00:00
1117,49.0,2019-09-04 18:00:00
1118,48.0,2019-09-04 19:00:00
1119,43.0,2019-09-04 20:00:00
1120,41.0,2019-09-04 21:00:00
1121,39.0,2019-09-04 22:00:00
1122,28.0,2019-09-04 23:00:00
1123,43.0,2019-09-05 00:00:00
1124,39.0,2019-09-05 01:00:00
1125,31.0,2019-09-05 02:00:00
1126,35.0,2019-09-05 03:00:00
1127,29.0,2019-09-05 04:00:00
1128,31.0,2019-09-05 05:00:00
1129,38.0,2019-09-05 06:00:00
1130,27.0,2019-09-05 07:00:00
1131,19.0,2019-09-05 08:00:00
1132,30.0,2019-09-05 09:00:00
1133,25.0,2019-09-05 10:00:00
1134,14.0,2019-09-05 11:00:00
1135,17.0,2019-09-05 12:00:00
1136,26.0,2019-09-05 13:00:00
1137,14.0,2019-09-05 14:00:00
1138,38.0,2019-09-05 15:00:00
1139,56.0,2019-09-05 16:00:00
1140,49.0,2019-09-05 17:00:00
1141,39.0,2019-09-05 18:00:00
1142,45.0,2019-09-05 19:00:00
1143,39.0,2019-09-05 20:00:00
1144,44.0,2019-09-05 21:00:00
1145,28.0,2019-09-05 22:00:00
1146,35.0,2019-09-05 23:00:00
1147,29.0,2019-09-06 00:00:00
1148,33.0,2019-09-06 01:00:00
1149,34.0,2019-09-06 02:00:00
1150,45.0,2019-09-06 03:00:00
1151,39.0,2019-09-06 04:00:00
1152,38.0,2019-09-06 05:00:00
1153,44.0,2019-09-06 06:00:00
1154,29.0,2019-09-06 07:00:00
1155,15.0,2019-09-06 08:00:00
1156,18.0,2019-09-06 09:00:00
1157,18.0,2019-09-06 10:00:00
1158,15.0,2019-09-06 11:00:00
1159,27.0,2019-09-06 12:00:00
1160,37.0,2019-09-06 13:00:00
1161,32.0,2019-09-06 14:00:00
1162,25.0,2019-09-06 15:00:00
1163,30.0,2019-09-06 16:00:00
1164,27.0,2019-09-06 17:00:00
1165,30.0,2019-09-06 18:00:00
1166,37.0,2019-09-06 19:00:00
1167,28.0,2019-09-06 20:00:00
1168,24.0,2019-09-06 21:00:00
1169,28.0,2019-09-06 22:00:00
1170,19.0,2019-09-06 23:00:00
1171,29.0,2019-09-07 00:00:00
1172,32.0,2019-09-07 01:00:00
1173,51.0,2019-09-07 02:00:00
1174,49.0,2019-09-07 03:00:00
1175,44.0,2019-09-07 04:00:00
1176,35.0,2019-09-07 05:00:00
1177,31.0,2019-09-07 06:00:00
1178,29.0,2019-09-07 07:00:00
1179,21.0,2019-09-07 08:00:00
1180,29.0,2019-09-07 09:00:00
1181,20.0,2019-09-07 10:00:00
1910,,2019-09-07 11:00:00
1911,,2019-09-07 12:00:00
1912,,2019-09-07 13:00:00
1913,,2019-09-07 14:00:00
1914,,2019-09-07 15:00:00
1915,,2019-09-07 16:00:00
1916,,2019-09-07 17:00:00
1917,,2019-09-07 18:00:00
1918,,2019-09-07 19:00:00
1919,,2019-09-07 20:00:00
1920,,2019-09-07 21:00:00
1921,,2019-09-07 22:00:00
1922,,2019-09-07 23:00:00
1923,,2019-09-08 00:00:00
1182,19.0,2019-09-08 01:00:00
1183,19.0,2019-09-08 02:00:00
1924,,2019-09-08 03:00:00
1925,,2019-09-08 04:00:00
1926,,2019-09-08 05:00:00
1927,,2019-09-08 06:00:00
1928,,2019-09-08 07:00:00
1929,,2019-09-08 08:00:00
1930,,2019-09-08 09:00:00
1931,,2019-09-08 10:00:00
1932,,2019-09-08 11:00:00
1933,,2019-09-08 12:00:00
1934,,2019-09-08 13:00:00
1935,,2019-09-08 14:00:00
1936,,2019-09-08 15:00:00
1937,,2019-09-08 16:00:00
1938,,2019-09-08 17:00:00
1939,,2019-09-08 18:00:00
1940,,2019-09-08 19:00:00
1941,,2019-09-08 20:00:00
1942,,2019-09-08 21:00:00
1943,,2019-09-08 22:00:00
1944,,2019-09-08 23:00:00
1945,,2019-09-09 00:00:00
1946,,2019-09-09 01:00:00
1947,,2019-09-09 02:00:00
1948,,2019-09-09 03:00:00
1184,32.0,2019-09-09 04:00:00
1185,0.0,2019-09-09 05:00:00
1186,0.0,2019-09-09 06:00:00
1187,45.0,2019-09-09 07:00:00
1949,,2019-09-09 08:00:00
1188,49.0,2019-09-09 09:00:00
1189,49.0,2019-09-09 10:00:00
1190,59.0,2019-09-09 11:00:00
1191,51.0,2019-09-09 12:00:00
1192,48.0,2019-09-09 13:00:00
1193,40.0,2019-09-09 14:00:00
1194,45.0,2019-09-09 15:00:00
1195,48.0,2019-09-09 16:00:00
1196,95.0,2019-09-09 17:00:00
1197,75.0,2019-09-09 18:00:00
1198,56.0,2019-09-09 19:00:00
1199,50.0,2019-09-09 20:00:00
1200,64.0,2019-09-09 21:00:00
1201,75.0,2019-09-09 22:00:00
1202,68.0,2019-09-09 23:00:00
1203,73.0,2019-09-10 00:00:00
1204,88.0,2019-09-10 01:00:00
1205,117.0,2019-09-10 02:00:00
1206,104.0,2019-09-10 03:00:00
1207,80.0,2019-09-10 04:00:00
1208,52.0,2019-09-10 05:00:00
1209,50.0,2019-09-10 06:00:00
1210,55.0,2019-09-10 07:00:00
1211,65.0,2019-09-10 08:00:00
1212,81.0,2019-09-10 09:00:00
1213,92.0,2019-09-10 10:00:00
1214,90.0,2019-09-10 11:00:00
1215,88.0,2019-09-10 12:00:00
1216,86.0,2019-09-10 13:00:00
1217,118.0,2019-09-10 14:00:00
1218,147.0,2019-09-10 15:00:00
1219,94.0,2019-09-10 16:00:00
1220,102.0,2019-09-10 17:00:00
1221,111.0,2019-09-10 18:00:00
1222,104.0,2019-09-10 19:00:00
1223,111.0,2019-09-10 20:00:00
1224,90.0,2019-09-10 21:00:00
1225,69.0,2019-09-10 22:00:00
1226,68.0,2019-09-10 23:00:00
1227,59.0,2019-09-11 00:00:00
1228,71.0,2019-09-11 01:00:00
1229,76.0,2019-09-11 02:00:00
1230,77.0,2019-09-11 03:00:00
1231,48.0,2019-09-11 04:00:00
1232,48.0,2019-09-11 05:00:00
1233,60.0,2019-09-11 06:00:00
1234,59.0,2019-09-11 07:00:00
1235,58.0,2019-09-11 08:00:00
1236,60.0,2019-09-11 09:00:00
1950,,2019-09-11 10:00:00
1237,76.0,2019-09-11 11:00:00
1238,76.0,2019-09-11 12:00:00
1951,,2019-09-11 13:00:00
1952,,2019-09-11 14:00:00
1953,,2019-09-11 15:00:00
1954,,2019-09-11 16:00:00
1239,106.0,2019-09-11 17:00:00
1240,93.0,2019-09-11 18:00:00
1241,93.0,2019-09-11 19:00:00
1955,,2019-09-11 20:00:00
1956,,2019-09-11 21:00:00
1957,,2019-09-11 22:00:00
1958,,2019-09-11 23:00:00
1959,,2019-09-12 00:00:00
1960,,2019-09-12 01:00:00
1961,,2019-09-12 02:00:00
1962,,2019-09-12 03:00:00
1242,76.0,2019-09-12 04:00:00
1243,154.0,2019-09-12 05:00:00
1244,154.0,2019-09-12 06:00:00
1245,0.0,2019-09-12 07:00:00
1246,38.0,2019-09-12 08:00:00
1247,35.0,2019-09-12 09:00:00
1248,17.0,2019-09-12 10:00:00
1249,17.0,2019-09-12 11:00:00
1250,21.0,2019-09-12 12:00:00
1251,21.0,2019-09-12 13:00:00
1252,33.0,2019-09-12 14:00:00
1253,42.0,2019-09-12 15:00:00
1254,48.0,2019-09-12 16:00:00
1255,59.0,2019-09-12 17:00:00
1256,47.0,2019-09-12 18:00:00
1257,34.0,2019-09-12 19:00:00
1258,28.0,2019-09-12 20:00:00
1259,34.0,2019-09-12 21:00:00
1260,28.0,2019-09-12 22:00:00
1261,31.0,2019-09-12 23:00:00
1262,31.0,2019-09-13 00:00:00
1263,38.0,2019-09-13 01:00:00
1963,,2019-09-13 02:00:00
1964,,2019-09-13 03:00:00
1264,40.0,2019-09-13 04:00:00
1265,31.0,2019-09-13 05:00:00
1266,31.0,2019-09-13 06:00:00
1267,11.0,2019-09-13 07:00:00
1268,13.0,2019-09-13 08:00:00
1269,16.0,2019-09-13 09:00:00
1270,18.0,2019-09-13 10:00:00
1271,13.0,2019-09-13 11:00:00
1272,13.0,2019-09-13 12:00:00
1273,24.0,2019-09-13 13:00:00
1274,22.0,2019-09-13 14:00:00
1275,40.0,2019-09-13 15:00:00
1276,40.0,2019-09-13 16:00:00
1277,35.0,2019-09-13 17:00:00
1278,20.0,2019-09-13 18:00:00
1279,26.0,2019-09-13 19:00:00
1280,21.0,2019-09-13 20:00:00
1281,19.0,2019-09-13 21:00:00
1282,16.0,2019-09-13 22:00:00
1283,24.0,2019-09-13 23:00:00
1284,25.0,2019-09-14 00:00:00
1285,27.0,2019-09-14 01:00:00
1286,24.0,2019-09-14 02:00:00
1287,21.0,2019-09-14 03:00:00
1288,25.0,2019-09-14 04:00:00
1289,28.0,2019-09-14 05:00:00
1290,33.0,2019-09-14 06:00:00
1291,27.0,2019-09-14 07:00:00
1292,27.0,2019-09-14 08:00:00
1293,22.0,2019-09-14 09:00:00
1294,22.0,2019-09-14 10:00:00
1295,24.0,2019-09-14 11:00:00
1296,24.0,2019-09-14 12:00:00
1297,24.0,2019-09-14 13:00:00
1298,33.0,2019-09-14 14:00:00
1299,31.0,2019-09-14 15:00:00
1300,25.0,2019-09-14 16:00:00
1301,24.0,2019-09-14 17:00:00
1302,28.0,2019-09-14 18:00:00
1303,26.0,2019-09-14 19:00:00
1304,14.0,2019-09-14 20:00:00
1305,15.0,2019-09-14 21:00:00
1306,27.0,2019-09-14 22:00:00
1307,23.0,2019-09-14 23:00:00
1308,33.0,2019-09-15 00:00:00
1309,40.0,2019-09-15 01:00:00
1310,29.0,2019-09-15 02:00:00
1311,36.0,2019-09-15 03:00:00
1312,41.0,2019-09-15 04:00:00
1313,34.0,2019-09-15 05:00:00
1314,41.0,2019-09-15 06:00:00
1315,36.0,2019-09-15 07:00:00
1316,28.0,2019-09-15 08:00:00
1317,33.0,2019-09-15 09:00:00
1318,34.0,2019-09-15 10:00:00
1319,37.0,2019-09-15 11:00:00
1320,35.0,2019-09-15 12:00:00
1321,76.0,2019-09-15 13:00:00
1322,76.0,2019-09-15 14:00:00
1323,73.0,2019-09-15 15:00:00
1324,61.0,2019-09-15 16:00:00
1325,55.0,2019-09-15 17:00:00
1326,69.0,2019-09-15 18:00:00
1327,58.0,2019-09-15 19:00:00
1328,48.0,2019-09-15 20:00:00
1329,57.0,2019-09-15 21:00:00
1330,64.0,2019-09-15 22:00:00
1331,67.0,2019-09-15 23:00:00
1332,65.0,2019-09-16 00:00:00
1333,69.0,2019-09-16 01:00:00
1334,87.0,2019-09-16 02:00:00
1335,111.0,2019-09-16 03:00:00
1336,69.0,2019-09-16 04:00:00
1337,67.0,2019-09-16 05:00:00
1338,74.0,2019-09-16 06:00:00
1339,65.0,2019-09-16 07:00:00
1340,66.0,2019-09-16 08:00:00
1341,66.0,2019-09-16 09:00:00
1342,65.0,2019-09-16 10:00:00
1343,65.0,2019-09-16 11:00:00
1344,65.0,2019-09-16 12:00:00
1345,62.0,2019-09-16 13:00:00
1346,75.0,2019-09-16 14:00:00
1347,79.0,2019-09-16 15:00:00
1348,102.0,2019-09-16 16:00:00
1349,97.0,2019-09-16 17:00:00
1350,80.0,2019-09-16 18:00:00
1351,107.0,2019-09-16 19:00:00
1352,116.0,2019-09-16 20:00:00
1353,106.0,2019-09-16 21:00:00
1354,102.0,2019-09-16 22:00:00
1355,97.0,2019-09-16 23:00:00
1356,78.0,2019-09-17 00:00:00
1357,45.0,2019-09-17 01:00:00
1358,63.0,2019-09-17 02:00:00
1359,65.0,2019-09-17 03:00:00
1360,38.0,2019-09-17 04:00:00
1361,48.0,2019-09-17 05:00:00
1362,51.0,2019-09-17 06:00:00
1363,42.0,2019-09-17 07:00:00
1364,42.0,2019-09-17 08:00:00
1365,63.0,2019-09-17 09:00:00
1366,86.0,2019-09-17 10:00:00
1367,72.0,2019-09-17 11:00:00
1368,40.0,2019-09-17 12:00:00
1369,50.0,2019-09-17 13:00:00
1370,93.0,2019-09-17 14:00:00
1965,,2019-09-17 15:00:00
1966,,2019-09-17 16:00:00
1967,,2019-09-17 17:00:00
1968,,2019-09-17 18:00:00
1969,,2019-09-17 19:00:00
1970,,2019-09-17 20:00:00
1971,,2019-09-17 21:00:00
1972,,2019-09-17 22:00:00
1973,,2019-09-17 23:00:00
1974,,2019-09-18 00:00:00
1975,,2019-09-18 01:00:00
1976,,2019-09-18 02:00:00
1977,,2019-09-18 03:00:00
1371,23.0,2019-09-18 04:00:00
1372,23.0,2019-09-18 05:00:00
1373,16.0,2019-09-18 06:00:00
1978,,2019-09-18 07:00:00
1374,16.0,2019-09-18 08:00:00
1375,16.0,2019-09-18 09:00:00
1376,19.0,2019-09-18 10:00:00
1377,19.0,2019-09-18 11:00:00
1378,23.0,2019-09-18 12:00:00
1379,27.0,2019-09-18 13:00:00
1380,26.0,2019-09-18 14:00:00
1381,26.0,2019-09-18 15:00:00
1382,51.0,2019-09-18 16:00:00
1383,67.0,2019-09-18 17:00:00
1384,41.0,2019-09-18 18:00:00
1385,3.0,2019-09-18 19:00:00
1979,,2019-09-18 20:00:00
1980,,2019-09-18 21:00:00
1981,,2019-09-18 22:00:00
1982,,2019-09-18 23:00:00
1983,,2019-09-19 00:00:00
1984,,2019-09-19 01:00:00
1985,,2019-09-19 02:00:00
1986,,2019-09-19 03:00:00
1987,,2019-09-19 04:00:00
1988,,2019-09-19 05:00:00
1989,,2019-09-19 06:00:00
1990,,2019-09-19 07:00:00
1991,,2019-09-19 08:00:00
1992,,2019-09-19 09:00:00
1993,,2019-09-19 10:00:00
1994,,2019-09-19 11:00:00
1995,,2019-09-19 12:00:00
1996,,2019-09-19 13:00:00
1997,,2019-09-19 14:00:00
1998,,2019-09-19 15:00:00
1999,,2019-09-19 16:00:00
2000,,2019-09-19 17:00:00
2001,,2019-09-19 18:00:00
2002,,2019-09-19 19:00:00
2003,,2019-09-19 20:00:00
2004,,2019-09-19 21:00:00
2005,,2019-09-19 22:00:00
2006,,2019-09-19 23:00:00
2007,,2019-09-20 00:00:00
2008,,2019-09-20 01:00:00
2009,,2019-09-20 02:00:00
2010,,2019-09-20 03:00:00
2011,,2019-09-20 04:00:00
2012,,2019-09-20 05:00:00
1386,2.0,2019-09-20 06:00:00
1387,2.0,2019-09-20 07:00:00
1388,24.0,2019-09-20 08:00:00
1389,9.0,2019-09-20 09:00:00
1390,12.0,2019-09-20 10:00:00
1391,12.0,2019-09-20 11:00:00
1392,17.0,2019-09-20 12:00:00
1393,27.0,2019-09-20 13:00:00
2013,,2019-09-20 14:00:00
2014,,2019-09-20 15:00:00
2015,,2019-09-20 16:00:00
2016,,2019-09-20 17:00:00
2017,,2019-09-20 18:00:00
2018,,2019-09-20 19:00:00
2019,,2019-09-20 20:00:00
2020,,2019-09-20 21:00:00
2021,,2019-09-20 22:00:00
2022,,2019-09-20 23:00:00
2023,,2019-09-21 00:00:00
1394,61.0,2019-09-21 01:00:00
1395,61.0,2019-09-21 02:00:00
1396,85.0,2019-09-21 03:00:00
1397,61.0,2019-09-21 04:00:00
1398,24.0,2019-09-21 05:00:00
1399,19.0,2019-09-21 06:00:00
1400,31.0,2019-09-21 07:00:00
1401,27.0,2019-09-21 08:00:00
1402,33.0,2019-09-21 09:00:00
1403,32.0,2019-09-21 10:00:00
1404,26.0,2019-09-21 11:00:00
1405,34.0,2019-09-21 12:00:00
1406,29.0,2019-09-21 13:00:00
1407,29.0,2019-09-21 14:00:00
1408,37.0,2019-09-21 15:00:00
1409,45.0,2019-09-21 16:00:00
1410,42.0,2019-09-21 17:00:00
1411,52.0,2019-09-21 18:00:00
2024,,2019-09-21 19:00:00
1412,49.0,2019-09-21 20:00:00
1413,49.0,2019-09-21 21:00:00
1414,43.0,2019-09-21 22:00:00
1415,44.0,2019-09-21 23:00:00
1416,34.0,2019-09-22 00:00:00
1417,35.0,2019-09-22 01:00:00
1418,40.0,2019-09-22 02:00:00
1419,44.0,2019-09-22 03:00:00
1420,54.0,2019-09-22 04:00:00
1421,34.0,2019-09-22 05:00:00
1422,7.0,2019-09-22 06:00:00
1423,9.0,2019-09-22 07:00:00
1424,15.0,2019-09-22 08:00:00
1425,10.0,2019-09-22 09:00:00
1426,6.0,2019-09-22 10:00:00
1427,16.0,2019-09-22 11:00:00
1428,19.0,2019-09-22 12:00:00
1429,15.0,2019-09-22 13:00:00
1430,18.0,2019-09-22 14:00:00
1431,10.0,2019-09-22 15:00:00
1432,25.0,2019-09-22 16:00:00
1433,38.0,2019-09-22 17:00:00
1434,33.0,2019-09-22 18:00:00
1435,6.0,2019-09-22 19:00:00
1436,21.0,2019-09-22 20:00:00
1437,19.0,2019-09-22 21:00:00
1438,17.0,2019-09-22 22:00:00
1439,19.0,2019-09-22 23:00:00
1440,21.0,2019-09-23 00:00:00
1441,19.0,2019-09-23 01:00:00
1442,15.0,2019-09-23 02:00:00
1443,29.0,2019-09-23 03:00:00
1444,35.0,2019-09-23 04:00:00
1445,23.0,2019-09-23 05:00:00
1446,20.0,2019-09-23 06:00:00
1447,24.0,2019-09-23 07:00:00
1448,12.0,2019-09-23 08:00:00
1449,14.0,2019-09-23 09:00:00
1450,26.0,2019-09-23 10:00:00
1451,36.0,2019-09-23 11:00:00
1452,45.0,2019-09-23 12:00:00
1453,31.0,2019-09-23 13:00:00
1454,30.0,2019-09-23 14:00:00
1455,35.0,2019-09-23 15:00:00
1456,44.0,2019-09-23 16:00:00
1457,23.0,2019-09-23 17:00:00
1458,27.0,2019-09-23 18:00:00
1459,29.0,2019-09-23 19:00:00
1460,29.0,2019-09-23 20:00:00
1461,25.0,2019-09-23 21:00:00
1462,26.0,2019-09-23 22:00:00
1463,24.0,2019-09-23 23:00:00
1464,30.0,2019-09-24 00:00:00
1465,43.0,2019-09-24 01:00:00
1466,60.0,2019-09-24 02:00:00
1467,45.0,2019-09-24 03:00:00
1468,41.0,2019-09-24 04:00:00
1469,30.0,2019-09-24 05:00:00
1470,49.0,2019-09-24 06:00:00
1471,39.0,2019-09-24 07:00:00
1472,30.0,2019-09-24 08:00:00
1473,31.0,2019-09-24 09:00:00
1474,32.0,2019-09-24 10:00:00
1475,33.0,2019-09-24 11:00:00
1476,27.0,2019-09-24 12:00:00
1477,15.0,2019-09-24 13:00:00
1478,16.0,2019-09-24 14:00:00
2025,,2019-09-24 15:00:00
2026,,2019-09-24 16:00:00
2027,,2019-09-24 17:00:00
2028,,2019-09-24 18:00:00
2029,,2019-09-24 19:00:00
2030,,2019-09-24 20:00:00
2031,,2019-09-24 21:00:00
2032,,2019-09-24 22:00:00
2033,,2019-09-24 23:00:00
2034,,2019-09-25 00:00:00
2035,,2019-09-25 01:00:00
2036,,2019-09-25 02:00:00
1479,16.0,2019-09-25 03:00:00
1480,16.0,2019-09-25 04:00:00
1481,17.0,2019-09-25 05:00:00
1482,17.0,2019-09-25 06:00:00
1483,20.0,2019-09-25 07:00:00
1484,28.0,2019-09-25 08:00:00
1485,17.0,2019-09-25 09:00:00
1486,17.0,2019-09-25 10:00:00
1487,21.0,2019-09-25 11:00:00
2037,,2019-09-25 12:00:00
2038,,2019-09-25 13:00:00
2039,,2019-09-25 14:00:00
2040,,2019-09-25 15:00:00
2041,,2019-09-25 16:00:00
2042,,2019-09-25 17:00:00
2043,,2019-09-25 18:00:00
2044,,2019-09-25 19:00:00
2045,,2019-09-25 20:00:00
2046,,2019-09-25 21:00:00
2047,,2019-09-25 22:00:00
2048,,2019-09-25 23:00:00
2049,,2019-09-26 00:00:00
2050,,2019-09-26 01:00:00
2051,,2019-09-26 02:00:00
2052,,2019-09-26 03:00:00
2053,,2019-09-26 04:00:00
2054,,2019-09-26 05:00:00
2055,,2019-09-26 06:00:00
2056,,2019-09-26 07:00:00
2057,,2019-09-26 08:00:00
2058,,2019-09-26 09:00:00
1488,20.0,2019-09-26 10:00:00
1489,6.0,2019-09-26 11:00:00
1490,6.0,2019-09-26 12:00:00
1491,7.0,2019-09-26 13:00:00
1492,8.0,2019-09-26 14:00:00
1493,13.0,2019-09-26 15:00:00
1494,15.0,2019-09-26 16:00:00
1495,15.0,2019-09-26 17:00:00
1496,9.0,2019-09-26 18:00:00
1497,6.0,2019-09-26 19:00:00
1498,3.0,2019-09-26 20:00:00
1499,1.0,2019-09-26 21:00:00
1500,2.0,2019-09-26 22:00:00
1501,1.0,2019-09-26 23:00:00
1502,2.0,2019-09-27 00:00:00
1503,6.0,2019-09-27 01:00:00
1504,10.0,2019-09-27 02:00:00
1505,8.0,2019-09-27 03:00:00
1506,9.0,2019-09-27 04:00:00
1507,11.0,2019-09-27 05:00:00
1508,8.0,2019-09-27 06:00:00
1509,7.0,2019-09-27 07:00:00
1510,5.0,2019-09-27 08:00:00
1511,9.0,2019-09-27 09:00:00
1512,10.0,2019-09-27 10:00:00
1513,7.0,2019-09-27 11:00:00
1514,4.0,2019-09-27 12:00:00
1515,7.0,2019-09-27 13:00:00
1516,15.0,2019-09-27 14:00:00
1517,11.0,2019-09-27 15:00:00
1518,24.0,2019-09-27 16:00:00
1519,14.0,2019-09-27 17:00:00
1520,13.0,2019-09-27 18:00:00
1521,11.0,2019-09-27 19:00:00
1522,10.0,2019-09-27 20:00:00
1523,12.0,2019-09-27 21:00:00
1524,13.0,2019-09-27 22:00:00
1525,14.0,2019-09-27 23:00:00
1526,8.0,2019-09-28 00:00:00
1527,20.0,2019-09-28 01:00:00
1528,17.0,2019-09-28 02:00:00
1529,24.0,2019-09-28 03:00:00
1530,23.0,2019-09-28 04:00:00
1531,12.0,2019-09-28 05:00:00
1532,14.0,2019-09-28 06:00:00
1533,9.0,2019-09-28 07:00:00
1534,8.0,2019-09-28 08:00:00
1535,15.0,2019-09-28 09:00:00
1536,14.0,2019-09-28 10:00:00
1537,18.0,2019-09-28 11:00:00
1538,18.0,2019-09-28 12:00:00
1539,19.0,2019-09-28 13:00:00
1540,15.0,2019-09-28 14:00:00
1541,23.0,2019-09-28 15:00:00
1542,21.0,2019-09-28 16:00:00
1543,14.0,2019-09-28 17:00:00
1544,7.0,2019-09-28 18:00:00
1545,7.0,2019-09-28 19:00:00
1546,10.0,2019-09-28 20:00:00
1547,7.0,2019-09-28 21:00:00
1548,10.0,2019-09-28 22:00:00
1549,8.0,2019-09-28 23:00:00
1550,7.0,2019-09-29 00:00:00
1551,7.0,2019-09-29 01:00:00
1552,11.0,2019-09-29 02:00:00
1553,7.0,2019-09-29 03:00:00
1554,17.0,2019-09-29 04:00:00
1555,11.0,2019-09-29 05:00:00
1556,11.0,2019-09-29 06:00:00
1557,10.0,2019-09-29 07:00:00
1558,11.0,2019-09-29 08:00:00
1559,15.0,2019-09-29 09:00:00
1560,10.0,2019-09-29 10:00:00
1561,13.0,2019-09-29 11:00:00
1562,10.0,2019-09-29 12:00:00
1563,12.0,2019-09-29 13:00:00
1564,9.0,2019-09-29 14:00:00
1565,23.0,2019-09-29 15:00:00
1566,17.0,2019-09-29 16:00:00
1567,13.0,2019-09-29 17:00:00
1568,9.0,2019-09-29 18:00:00
2059,,2019-09-29 19:00:00
2060,,2019-09-29 20:00:00
2061,,2019-09-29 21:00:00
2062,,2019-09-29 22:00:00
2063,,2019-09-29 23:00:00
2064,,2019-09-30 00:00:00
2065,,2019-09-30 01:00:00
2066,,2019-09-30 02:00:00
2067,,2019-09-30 03:00:00
2068,,2019-09-30 04:00:00
2069,,2019-09-30 05:00:00
2070,,2019-09-30 06:00:00
2071,,2019-09-30 07:00:00
2072,,2019-09-30 08:00:00
2073,,2019-09-30 09:00:00
2074,,2019-09-30 10:00:00
2075,,2019-09-30 11:00:00
2076,,2019-09-30 12:00:00
2077,,2019-09-30 13:00:00
2078,,2019-09-30 14:00:00
2079,,2019-09-30 15:00:00
2080,,2019-09-30 16:00:00
2081,,2019-09-30 17:00:00
2082,,2019-09-30 18:00:00
2083,,2019-09-30 19:00:00
2084,,2019-09-30 20:00:00
2085,,2019-09-30 21:00:00
2086,,2019-09-30 22:00:00
2087,,2019-09-30 23:00:00
2088,,2019-10-01 00:00:00
2089,,2019-10-01 01:00:00
2090,,2019-10-01 02:00:00
2091,,2019-10-01 03:00:00
2092,,2019-10-01 04:00:00
2093,,2019-10-01 05:00:00
2094,,2019-10-01 06:00:00
2095,,2019-10-01 07:00:00
2096,,2019-10-01 08:00:00
2097,,2019-10-01 09:00:00
2098,,2019-10-01 10:00:00
2099,,2019-10-01 11:00:00
2100,,2019-10-01 12:00:00
2101,,2019-10-01 13:00:00
2102,,2019-10-01 14:00:00
2103,,2019-10-01 15:00:00
2104,,2019-10-01 16:00:00
2105,,2019-10-01 17:00:00
2106,,2019-10-01 18:00:00
2107,,2019-10-01 19:00:00
2108,,2019-10-01 20:00:00
2109,,2019-10-01 21:00:00
2110,,2019-10-01 22:00:00
2111,,2019-10-01 23:00:00
2112,,2019-10-02 00:00:00
2113,,2019-10-02 01:00:00
2114,,2019-10-02 02:00:00
2115,,2019-10-02 03:00:00
2116,,2019-10-02 04:00:00
2117,,2019-10-02 05:00:00
2118,,2019-10-02 06:00:00
2119,,2019-10-02 07:00:00
2120,,2019-10-02 08:00:00
2121,,2019-10-02 09:00:00
2122,,2019-10-02 10:00:00
2123,,2019-10-02 11:00:00
2124,,2019-10-02 12:00:00
2125,,2019-10-02 13:00:00
2126,,2019-10-02 14:00:00
2127,,2019-10-02 15:00:00
2128,,2019-10-02 16:00:00
2129,,2019-10-02 17:00:00
2130,,2019-10-02 18:00:00
2131,,2019-10-02 19:00:00
2132,,2019-10-02 20:00:00
2133,,2019-10-02 21:00:00
2134,,2019-10-02 22:00:00
2135,,2019-10-02 23:00:00
2136,,2019-10-03 00:00:00
2137,,2019-10-03 01:00:00
2138,,2019-10-03 02:00:00
2139,,2019-10-03 03:00:00
2140,,2019-10-03 04:00:00
2141,,2019-10-03 05:00:00
2142,,2019-10-03 06:00:00
2143,,2019-10-03 07:00:00
2144,,2019-10-03 08:00:00
2145,,2019-10-03 09:00:00
2146,,2019-10-03 10:00:00
2147,,2019-10-03 11:00:00
2148,,2019-10-03 12:00:00
2149,,2019-10-03 13:00:00
2150,,2019-10-03 14:00:00
2151,,2019-10-03 15:00:00
2152,,2019-10-03 16:00:00
2153,,2019-10-03 17:00:00
2154,,2019-10-03 18:00:00
2155,,2019-10-03 19:00:00
2156,,2019-10-03 20:00:00
2157,,2019-10-03 21:00:00
2158,,2019-10-03 22:00:00
2159,,2019-10-03 23:00:00
2160,,2019-10-04 00:00:00
2161,,2019-10-04 01:00:00
2162,,2019-10-04 02:00:00
2163,,2019-10-04 03:00:00
2164,,2019-10-04 04:00:00
2165,,2019-10-04 05:00:00
2166,,2019-10-04 06:00:00
2167,,2019-10-04 07:00:00
2168,,2019-10-04 08:00:00
