,time,north_east,south_east,south_west,north_west
0,2019-07-01 00:00:00,0.0,0.0,0.0,0.0
1,2019-07-01 01:00:00,0.0,0.0,0.0,0.0
2,2019-07-01 02:00:00,0.0,0.0,0.0,0.0
3,2019-07-01 03:00:00,0.0,0.0,0.0,0.0
4,2019-07-01 04:00:00,0.0,0.0,0.0,0.0
5,2019-07-01 05:00:00,0.0,0.0,0.0,0.0
6,2019-07-01 06:00:00,0.0,329.91999999999996,0.0,0.0
7,2019-07-01 07:00:00,339.2173913043478,333.37500000000006,332.04999999999995,336.6483870967741
8,2019-07-01 08:00:00,0.0,0.0,0.0,0.0
9,2019-07-01 09:00:00,0.0,0.0,0.0,0.0
10,2019-07-01 10:00:00,0.0,0.0,0.0,0.0
11,2019-07-01 11:00:00,0.0,0.0,0.0,0.0
12,2019-07-01 12:00:00,0.0,0.0,0.0,0.0
13,2019-07-01 13:00:00,0.0,0.0,0.0,0.0
14,2019-07-01 14:00:00,0.0,0.0,0.0,0.0
15,2019-07-01 15:00:00,0.0,0.0,0.0,0.0
16,2019-07-01 16:00:00,0.0,0.0,0.0,0.0
17,2019-07-01 17:00:00,0.0,0.0,0.0,0.0
18,2019-07-01 18:00:00,0.0,0.0,0.0,0.0
19,2019-07-01 19:00:00,0.0,0.0,0.0,0.0
20,2019-07-01 20:00:00,307.0,305.4,307.40000000000003,309.65161290322584
21,2019-07-01 21:00:00,0.0,0.0,304.1,308.5
22,2019-07-01 22:00:00,0.0,0.0,0.0,0.0
23,2019-07-01 23:00:00,0.0,0.0,0.0,0.0
24,2019-07-02 00:00:00,0.0,0.0,0.0,0.0
25,2019-07-02 01:00:00,0.0,0.0,0.0,0.0
26,2019-07-02 02:00:00,0.0,0.0,0.0,0.0
27,2019-07-02 03:00:00,0.0,0.0,0.0,0.0
28,2019-07-02 04:00:00,0.0,0.0,0.0,0.0
29,2019-07-02 05:00:00,0.0,0.0,0.0,0.0
30,2019-07-02 06:00:00,0.0,0.0,0.0,0.0
31,2019-07-02 07:00:00,335.28888888888895,334.82500000000005,0.0,336.22261904761905
32,2019-07-02 08:00:00,0.0,0.0,0.0,0.0
33,2019-07-02 09:00:00,0.0,0.0,346.85,0.0
34,2019-07-02 10:00:00,0.0,0.0,0.0,0.0
35,2019-07-02 11:00:00,0.0,0.0,0.0,0.0
36,2019-07-02 12:00:00,0.0,0.0,0.0,0.0
37,2019-07-02 13:00:00,0.0,0.0,0.0,0.0
38,2019-07-02 14:00:00,0.0,0.0,0.0,0.0
39,2019-07-02 15:00:00,0.0,0.0,0.0,0.0
40,2019-07-02 16:00:00,0.0,0.0,0.0,0.0
41,2019-07-02 17:00:00,0.0,0.0,0.0,0.0
42,2019-07-02 18:00:00,0.0,0.0,0.0,0.0
43,2019-07-02 19:00:00,309.96666666666664,309.39285714285717,0.0,306.88571428571424
44,2019-07-02 20:00:00,0.0,0.0,0.0,0.0
45,2019-07-02 21:00:00,310.15,0.0,306.0,308.46190476190475
46,2019-07-02 22:00:00,0.0,0.0,0.0,0.0
47,2019-07-02 23:00:00,0.0,0.0,0.0,0.0
48,2019-07-03 00:00:00,0.0,0.0,0.0,0.0
49,2019-07-03 01:00:00,0.0,0.0,0.0,0.0
50,2019-07-03 02:00:00,0.0,0.0,0.0,0.0
51,2019-07-03 03:00:00,0.0,0.0,0.0,0.0
52,2019-07-03 04:00:00,0.0,0.0,0.0,0.0
53,2019-07-03 05:00:00,0.0,0.0,0.0,0.0
54,2019-07-03 06:00:00,0.0,0.0,0.0,0.0
55,2019-07-03 07:00:00,331.05,342.61,0.0,336.41999999999996
56,2019-07-03 08:00:00,355.95,349.8333333333333,334.04999999999995,341.4133333333333
57,2019-07-03 09:00:00,0.0,0.0,0.0,0.0
58,2019-07-03 10:00:00,0.0,0.0,0.0,0.0
59,2019-07-03 11:00:00,0.0,0.0,0.0,0.0
60,2019-07-03 12:00:00,0.0,0.0,0.0,0.0
61,2019-07-03 13:00:00,0.0,0.0,0.0,0.0
62,2019-07-03 14:00:00,0.0,0.0,0.0,0.0
63,2019-07-03 15:00:00,0.0,0.0,0.0,0.0
64,2019-07-03 16:00:00,0.0,0.0,0.0,0.0
65,2019-07-03 17:00:00,0.0,0.0,0.0,0.0
66,2019-07-03 18:00:00,0.0,0.0,0.0,0.0
67,2019-07-03 19:00:00,0.0,312.2384615384616,313.4666666666667,0.0
68,2019-07-03 20:00:00,0.0,0.0,0.0,0.0
69,2019-07-03 21:00:00,0.0,295.1,307.34999999999997,308.8
70,2019-07-03 22:00:00,0.0,0.0,0.0,0.0
71,2019-07-03 23:00:00,0.0,0.0,0.0,0.0
72,2019-07-04 00:00:00,0.0,0.0,0.0,0.0
73,2019-07-04 01:00:00,0.0,0.0,0.0,0.0
74,2019-07-04 02:00:00,0.0,0.0,0.0,0.0
75,2019-07-04 03:00:00,0.0,0.0,0.0,0.0
76,2019-07-04 04:00:00,0.0,0.0,0.0,0.0
77,2019-07-04 05:00:00,0.0,0.0,0.0,0.0
78,2019-07-04 06:00:00,0.0,337.40000000000003,0.0,0.0
79,2019-07-04 07:00:00,0.0,0.0,0.0,0.0
80,2019-07-04 08:00:00,0.0,340.73333333333335,342.3,335.70625
81,2019-07-04 09:00:00,0.0,0.0,0.0,0.0
82,2019-07-04 10:00:00,0.0,0.0,0.0,0.0
83,2019-07-04 11:00:00,0.0,0.0,0.0,0.0
84,2019-07-04 12:00:00,0.0,0.0,0.0,0.0
85,2019-07-04 13:00:00,0.0,0.0,0.0,0.0
86,2019-07-04 14:00:00,0.0,0.0,0.0,0.0
87,2019-07-04 15:00:00,0.0,0.0,0.0,0.0
88,2019-07-04 16:00:00,0.0,0.0,0.0,0.0
89,2019-07-04 17:00:00,0.0,0.0,0.0,0.0
90,2019-07-04 18:00:00,0.0,0.0,0.0,0.0
91,2019-07-04 19:00:00,0.0,302.0571428571428,0.0,0.0
92,2019-07-04 20:00:00,0.0,300.93333333333334,0.0,315.0
93,2019-07-04 21:00:00,0.0,300.29999999999995,314.2555555555556,0.0
94,2019-07-04 22:00:00,0.0,0.0,0.0,0.0
95,2019-07-04 23:00:00,0.0,0.0,0.0,0.0
96,2019-07-05 00:00:00,0.0,0.0,0.0,0.0
97,2019-07-05 01:00:00,0.0,0.0,0.0,0.0
98,2019-07-05 02:00:00,0.0,0.0,0.0,0.0
99,2019-07-05 03:00:00,0.0,0.0,0.0,0.0
100,2019-07-05 04:00:00,0.0,0.0,0.0,0.0
101,2019-07-05 05:00:00,0.0,0.0,0.0,0.0
102,2019-07-05 06:00:00,0.0,337.3,0.0,0.0
103,2019-07-05 07:00:00,0.0,0.0,0.0,0.0
104,2019-07-05 08:00:00,0.0,338.0,338.1666666666667,336.0354838709677
105,2019-07-05 09:00:00,0.0,0.0,0.0,0.0
106,2019-07-05 10:00:00,0.0,0.0,0.0,0.0
107,2019-07-05 11:00:00,0.0,0.0,0.0,0.0
108,2019-07-05 12:00:00,0.0,0.0,0.0,0.0
109,2019-07-05 13:00:00,0.0,0.0,0.0,0.0
110,2019-07-05 14:00:00,0.0,0.0,0.0,0.0
111,2019-07-05 15:00:00,0.0,0.0,0.0,0.0
112,2019-07-05 16:00:00,0.0,0.0,0.0,0.0
113,2019-07-05 17:00:00,0.0,0.0,0.0,0.0
114,2019-07-05 18:00:00,0.0,298.2,0.0,0.0
115,2019-07-05 19:00:00,0.0,0.0,0.0,0.0
116,2019-07-05 20:00:00,0.0,300.1666666666667,306.98,317.06666666666666
117,2019-07-05 21:00:00,0.0,0.0,0.0,0.0
118,2019-07-05 22:00:00,0.0,0.0,0.0,0.0
119,2019-07-05 23:00:00,0.0,0.0,0.0,0.0
120,2019-07-06 00:00:00,0.0,0.0,0.0,0.0
121,2019-07-06 01:00:00,0.0,0.0,0.0,0.0
122,2019-07-06 02:00:00,0.0,0.0,0.0,0.0
123,2019-07-06 03:00:00,0.0,0.0,0.0,0.0
124,2019-07-06 04:00:00,0.0,0.0,0.0,0.0
125,2019-07-06 05:00:00,0.0,0.0,0.0,0.0
126,2019-07-06 06:00:00,0.0,0.0,0.0,0.0
127,2019-07-06 07:00:00,335.65,345.0,340.3333333333333,0.0
128,2019-07-06 08:00:00,0.0,0.0,0.0,0.0
129,2019-07-06 09:00:00,0.0,0.0,0.0,0.0
130,2019-07-06 10:00:00,0.0,0.0,0.0,0.0
131,2019-07-06 11:00:00,0.0,0.0,0.0,0.0
132,2019-07-06 12:00:00,0.0,0.0,0.0,0.0
133,2019-07-06 13:00:00,0.0,0.0,0.0,0.0
134,2019-07-06 14:00:00,0.0,0.0,0.0,0.0
135,2019-07-06 15:00:00,0.0,0.0,0.0,0.0
136,2019-07-06 16:00:00,0.0,0.0,0.0,0.0
137,2019-07-06 17:00:00,0.0,0.0,0.0,0.0
138,2019-07-06 18:00:00,0.0,0.0,0.0,0.0
139,2019-07-06 19:00:00,0.0,0.0,0.0,0.0
140,2019-07-06 20:00:00,0.0,300.3,305.2,302.1
141,2019-07-06 21:00:00,0.0,0.0,0.0,0.0
142,2019-07-06 22:00:00,0.0,0.0,0.0,0.0
143,2019-07-06 23:00:00,0.0,0.0,0.0,0.0
144,2019-07-07 00:00:00,0.0,0.0,0.0,0.0
145,2019-07-07 01:00:00,0.0,0.0,0.0,0.0
146,2019-07-07 02:00:00,0.0,0.0,0.0,0.0
147,2019-07-07 03:00:00,0.0,0.0,0.0,0.0
148,2019-07-07 04:00:00,0.0,0.0,0.0,0.0
149,2019-07-07 05:00:00,0.0,0.0,0.0,0.0
150,2019-07-07 06:00:00,0.0,0.0,0.0,0.0
151,2019-07-07 07:00:00,0.0,334.10833333333335,333.8,338.175
152,2019-07-07 08:00:00,0.0,0.0,0.0,0.0
153,2019-07-07 09:00:00,0.0,0.0,0.0,0.0
154,2019-07-07 10:00:00,0.0,0.0,0.0,0.0
155,2019-07-07 11:00:00,0.0,0.0,0.0,0.0
156,2019-07-07 12:00:00,0.0,0.0,0.0,0.0
157,2019-07-07 13:00:00,0.0,0.0,0.0,0.0
158,2019-07-07 14:00:00,0.0,0.0,0.0,0.0
159,2019-07-07 15:00:00,0.0,0.0,0.0,0.0
160,2019-07-07 16:00:00,0.0,0.0,0.0,0.0
161,2019-07-07 17:00:00,0.0,0.0,0.0,0.0
162,2019-07-07 18:00:00,0.0,0.0,0.0,0.0
163,2019-07-07 19:00:00,0.0,0.0,0.0,0.0
164,2019-07-07 20:00:00,0.0,314.76,297.3,0.0
165,2019-07-07 21:00:00,0.0,0.0,303.8,0.0
166,2019-07-07 22:00:00,0.0,0.0,0.0,0.0
167,2019-07-07 23:00:00,0.0,0.0,0.0,0.0
168,2019-07-08 00:00:00,0.0,0.0,0.0,0.0
169,2019-07-08 01:00:00,0.0,0.0,0.0,0.0
170,2019-07-08 02:00:00,0.0,0.0,0.0,0.0
171,2019-07-08 03:00:00,0.0,0.0,0.0,0.0
172,2019-07-08 04:00:00,0.0,0.0,0.0,0.0
173,2019-07-08 05:00:00,0.0,0.0,0.0,0.0
174,2019-07-08 06:00:00,0.0,0.0,0.0,0.0
175,2019-07-08 07:00:00,0.0,346.1818181818182,0.0,333.7666666666667
176,2019-07-08 08:00:00,0.0,0.0,338.15,0.0
177,2019-07-08 09:00:00,0.0,0.0,0.0,0.0
178,2019-07-08 10:00:00,0.0,0.0,0.0,0.0
179,2019-07-08 11:00:00,0.0,0.0,0.0,0.0
180,2019-07-08 12:00:00,0.0,0.0,0.0,0.0
181,2019-07-08 13:00:00,0.0,0.0,0.0,0.0
182,2019-07-08 14:00:00,0.0,0.0,0.0,0.0
183,2019-07-08 15:00:00,0.0,0.0,0.0,0.0
184,2019-07-08 16:00:00,0.0,0.0,0.0,0.0
185,2019-07-08 17:00:00,0.0,0.0,0.0,0.0
186,2019-07-08 18:00:00,0.0,0.0,0.0,0.0
187,2019-07-08 19:00:00,0.0,306.6875,300.7,0.0
188,2019-07-08 20:00:00,0.0,0.0,0.0,0.0
189,2019-07-08 21:00:00,0.0,0.0,312.46000000000004,0.0
190,2019-07-08 22:00:00,0.0,0.0,0.0,0.0
191,2019-07-08 23:00:00,0.0,0.0,0.0,0.0
192,2019-07-09 00:00:00,0.0,0.0,0.0,0.0
193,2019-07-09 01:00:00,0.0,0.0,0.0,0.0
194,2019-07-09 02:00:00,0.0,0.0,0.0,0.0
195,2019-07-09 03:00:00,0.0,0.0,0.0,0.0
196,2019-07-09 04:00:00,0.0,0.0,0.0,0.0
197,2019-07-09 05:00:00,0.0,0.0,0.0,0.0
198,2019-07-09 06:00:00,0.0,0.0,0.0,0.0
199,2019-07-09 07:00:00,0.0,0.0,0.0,0.0
200,2019-07-09 08:00:00,0.0,337.70000000000005,340.0,335.29999999999995
201,2019-07-09 09:00:00,0.0,0.0,0.0,0.0
202,2019-07-09 10:00:00,0.0,0.0,0.0,0.0
203,2019-07-09 11:00:00,0.0,0.0,0.0,0.0
204,2019-07-09 12:00:00,0.0,0.0,0.0,0.0
205,2019-07-09 13:00:00,0.0,0.0,0.0,0.0
206,2019-07-09 14:00:00,0.0,0.0,0.0,0.0
207,2019-07-09 15:00:00,0.0,0.0,0.0,0.0
208,2019-07-09 16:00:00,0.0,0.0,0.0,0.0
209,2019-07-09 17:00:00,0.0,0.0,0.0,0.0
210,2019-07-09 18:00:00,0.0,0.0,0.0,0.0
211,2019-07-09 19:00:00,0.0,305.8,0.0,0.0
212,2019-07-09 20:00:00,0.0,0.0,0.0,0.0
213,2019-07-09 21:00:00,0.0,305.5,309.5,303.46666666666664
214,2019-07-09 22:00:00,0.0,0.0,0.0,0.0
215,2019-07-09 23:00:00,0.0,0.0,0.0,0.0
216,2019-07-10 00:00:00,0.0,0.0,0.0,0.0
217,2019-07-10 01:00:00,0.0,0.0,0.0,0.0
218,2019-07-10 02:00:00,0.0,0.0,0.0,0.0
219,2019-07-10 03:00:00,0.0,0.0,0.0,0.0
220,2019-07-10 04:00:00,0.0,0.0,0.0,0.0
221,2019-07-10 05:00:00,0.0,0.0,0.0,0.0
222,2019-07-10 06:00:00,0.0,0.0,0.0,0.0
223,2019-07-10 07:00:00,0.0,0.0,0.0,0.0
224,2019-07-10 08:00:00,344.97499999999997,338.7818181818182,332.6,332.05
225,2019-07-10 09:00:00,0.0,0.0,0.0,0.0
226,2019-07-10 10:00:00,0.0,0.0,0.0,0.0
227,2019-07-10 11:00:00,0.0,0.0,0.0,0.0
228,2019-07-10 12:00:00,0.0,0.0,0.0,0.0
229,2019-07-10 13:00:00,0.0,0.0,0.0,0.0
230,2019-07-10 14:00:00,0.0,0.0,0.0,0.0
231,2019-07-10 15:00:00,0.0,0.0,0.0,0.0
232,2019-07-10 16:00:00,0.0,0.0,0.0,0.0
233,2019-07-10 17:00:00,0.0,0.0,0.0,0.0
234,2019-07-10 18:00:00,0.0,0.0,0.0,0.0
235,2019-07-10 19:00:00,0.0,0.0,0.0,0.0
236,2019-07-10 20:00:00,0.0,0.0,305.4,0.0
237,2019-07-10 21:00:00,0.0,0.0,0.0,0.0
238,2019-07-10 22:00:00,0.0,0.0,0.0,0.0
239,2019-07-10 23:00:00,0.0,0.0,0.0,0.0
240,2019-07-11 00:00:00,0.0,0.0,0.0,0.0
241,2019-07-11 01:00:00,0.0,0.0,0.0,0.0
242,2019-07-11 02:00:00,0.0,0.0,0.0,0.0
243,2019-07-11 03:00:00,0.0,0.0,0.0,0.0
244,2019-07-11 04:00:00,0.0,0.0,0.0,0.0
245,2019-07-11 05:00:00,0.0,0.0,0.0,0.0
246,2019-07-11 06:00:00,0.0,0.0,0.0,0.0
247,2019-07-11 07:00:00,0.0,337.20000000000005,0.0,0.0
248,2019-07-11 08:00:00,333.4,0.0,338.5,0.0
249,2019-07-11 09:00:00,0.0,0.0,0.0,0.0
250,2019-07-11 10:00:00,0.0,0.0,0.0,0.0
251,2019-07-11 11:00:00,0.0,0.0,0.0,0.0
252,2019-07-11 12:00:00,0.0,0.0,0.0,0.0
253,2019-07-11 13:00:00,0.0,0.0,0.0,0.0
254,2019-07-11 14:00:00,0.0,0.0,0.0,0.0
255,2019-07-11 15:00:00,0.0,0.0,0.0,0.0
256,2019-07-11 16:00:00,0.0,0.0,0.0,0.0
257,2019-07-11 17:00:00,0.0,0.0,0.0,0.0
258,2019-07-11 18:00:00,0.0,0.0,0.0,0.0
259,2019-07-11 19:00:00,0.0,0.0,0.0,0.0
260,2019-07-11 20:00:00,0.0,307.6192307692308,308.06,0.0
261,2019-07-11 21:00:00,0.0,0.0,0.0,0.0
262,2019-07-11 22:00:00,0.0,0.0,0.0,0.0
263,2019-07-11 23:00:00,0.0,0.0,0.0,0.0
264,2019-07-12 00:00:00,0.0,0.0,0.0,0.0
265,2019-07-12 01:00:00,0.0,0.0,0.0,0.0
266,2019-07-12 02:00:00,0.0,0.0,0.0,0.0
267,2019-07-12 03:00:00,0.0,0.0,0.0,0.0
268,2019-07-12 04:00:00,0.0,0.0,0.0,0.0
269,2019-07-12 05:00:00,0.0,0.0,0.0,0.0
270,2019-07-12 06:00:00,0.0,0.0,0.0,0.0
271,2019-07-12 07:00:00,0.0,335.53,349.95,0.0
272,2019-07-12 08:00:00,0.0,0.0,0.0,0.0
273,2019-07-12 09:00:00,0.0,0.0,0.0,0.0
274,2019-07-12 10:00:00,0.0,0.0,0.0,0.0
275,2019-07-12 11:00:00,0.0,0.0,0.0,0.0
276,2019-07-12 12:00:00,0.0,0.0,0.0,0.0
277,2019-07-12 13:00:00,0.0,0.0,0.0,0.0
278,2019-07-12 14:00:00,0.0,0.0,0.0,0.0
279,2019-07-12 15:00:00,0.0,0.0,0.0,0.0
280,2019-07-12 16:00:00,0.0,0.0,0.0,0.0
281,2019-07-12 17:00:00,0.0,0.0,0.0,0.0
282,2019-07-12 18:00:00,0.0,0.0,0.0,0.0
283,2019-07-12 19:00:00,0.0,0.0,0.0,0.0
284,2019-07-12 20:00:00,0.0,307.9213114754098,306.09999999999997,0.0
285,2019-07-12 21:00:00,0.0,0.0,308.5333333333333,0.0
286,2019-07-12 22:00:00,0.0,0.0,0.0,0.0
287,2019-07-12 23:00:00,0.0,0.0,0.0,0.0
288,2019-07-13 00:00:00,0.0,0.0,0.0,0.0
289,2019-07-13 01:00:00,0.0,0.0,0.0,0.0
290,2019-07-13 02:00:00,0.0,0.0,0.0,0.0
291,2019-07-13 03:00:00,0.0,0.0,0.0,0.0
292,2019-07-13 04:00:00,0.0,0.0,0.0,0.0
293,2019-07-13 05:00:00,0.0,0.0,0.0,0.0
294,2019-07-13 06:00:00,0.0,0.0,0.0,0.0
295,2019-07-13 07:00:00,0.0,335.4625,0.0,0.0
296,2019-07-13 08:00:00,0.0,0.0,0.0,0.0
297,2019-07-13 09:00:00,0.0,0.0,337.4,0.0
298,2019-07-13 10:00:00,0.0,0.0,0.0,0.0
299,2019-07-13 11:00:00,0.0,0.0,0.0,0.0
300,2019-07-13 12:00:00,0.0,0.0,0.0,0.0
301,2019-07-13 13:00:00,0.0,0.0,0.0,0.0
302,2019-07-13 14:00:00,0.0,0.0,0.0,0.0
303,2019-07-13 15:00:00,0.0,0.0,0.0,0.0
304,2019-07-13 16:00:00,0.0,0.0,0.0,0.0
305,2019-07-13 17:00:00,0.0,0.0,0.0,0.0
306,2019-07-13 18:00:00,0.0,0.0,0.0,0.0
307,2019-07-13 19:00:00,0.0,308.66093750000005,0.0,0.0
308,2019-07-13 20:00:00,0.0,0.0,0.0,0.0
309,2019-07-13 21:00:00,0.0,0.0,307.5909090909091,0.0
310,2019-07-13 22:00:00,0.0,0.0,0.0,0.0
311,2019-07-13 23:00:00,0.0,0.0,0.0,0.0
312,2019-07-14 00:00:00,0.0,0.0,0.0,0.0
313,2019-07-14 01:00:00,0.0,0.0,0.0,0.0
314,2019-07-14 02:00:00,0.0,0.0,0.0,0.0
315,2019-07-14 03:00:00,0.0,0.0,0.0,0.0
316,2019-07-14 04:00:00,0.0,0.0,0.0,0.0
317,2019-07-14 05:00:00,0.0,0.0,0.0,0.0
318,2019-07-14 06:00:00,0.0,0.0,0.0,0.0
319,2019-07-14 07:00:00,0.0,332.05,0.0,0.0
320,2019-07-14 08:00:00,0.0,339.05,340.7444444444444,0.0
321,2019-07-14 09:00:00,0.0,0.0,0.0,0.0
322,2019-07-14 10:00:00,0.0,0.0,0.0,0.0
323,2019-07-14 11:00:00,0.0,0.0,0.0,0.0
324,2019-07-14 12:00:00,0.0,0.0,0.0,0.0
325,2019-07-14 13:00:00,0.0,0.0,0.0,0.0
326,2019-07-14 14:00:00,0.0,0.0,0.0,0.0
327,2019-07-14 15:00:00,0.0,0.0,0.0,0.0
328,2019-07-14 16:00:00,0.0,0.0,0.0,0.0
329,2019-07-14 17:00:00,0.0,0.0,0.0,0.0
330,2019-07-14 18:00:00,0.0,0.0,0.0,0.0
331,2019-07-14 19:00:00,0.0,310.94,0.0,0.0
332,2019-07-14 20:00:00,0.0,0.0,0.0,0.0
333,2019-07-14 21:00:00,0.0,304.5,308.14285714285717,0.0
334,2019-07-14 22:00:00,0.0,0.0,0.0,0.0
335,2019-07-14 23:00:00,0.0,0.0,0.0,0.0
336,2019-07-15 00:00:00,0.0,0.0,0.0,0.0
337,2019-07-15 01:00:00,0.0,0.0,0.0,0.0
338,2019-07-15 02:00:00,0.0,0.0,0.0,0.0
339,2019-07-15 03:00:00,0.0,0.0,0.0,0.0
340,2019-07-15 04:00:00,0.0,0.0,0.0,0.0
341,2019-07-15 05:00:00,0.0,0.0,0.0,0.0
342,2019-07-15 06:00:00,0.0,333.8,0.0,0.0
343,2019-07-15 07:00:00,0.0,0.0,0.0,0.0
344,2019-07-15 08:00:00,0.0,336.44615384615383,335.84285714285716,0.0
345,2019-07-15 09:00:00,0.0,0.0,0.0,0.0
346,2019-07-15 10:00:00,0.0,0.0,0.0,0.0
347,2019-07-15 11:00:00,0.0,0.0,0.0,0.0
348,2019-07-15 12:00:00,0.0,0.0,0.0,0.0
349,2019-07-15 13:00:00,0.0,0.0,0.0,0.0
350,2019-07-15 14:00:00,0.0,0.0,0.0,0.0
351,2019-07-15 15:00:00,0.0,0.0,0.0,0.0
352,2019-07-15 16:00:00,0.0,0.0,0.0,0.0
353,2019-07-15 17:00:00,0.0,0.0,0.0,0.0
354,2019-07-15 18:00:00,0.0,0.0,0.0,0.0
355,2019-07-15 19:00:00,0.0,307.592,0.0,0.0
356,2019-07-15 20:00:00,0.0,301.225,313.09999999999997,0.0
357,2019-07-15 21:00:00,0.0,0.0,0.0,0.0
358,2019-07-15 22:00:00,0.0,0.0,0.0,0.0
359,2019-07-15 23:00:00,0.0,0.0,0.0,0.0
360,2019-07-16 00:00:00,0.0,0.0,0.0,0.0
361,2019-07-16 01:00:00,0.0,0.0,0.0,0.0
362,2019-07-16 02:00:00,0.0,0.0,0.0,0.0
363,2019-07-16 03:00:00,0.0,0.0,0.0,0.0
364,2019-07-16 04:00:00,0.0,0.0,0.0,0.0
365,2019-07-16 05:00:00,0.0,0.0,0.0,0.0
366,2019-07-16 06:00:00,0.0,0.0,0.0,0.0
367,2019-07-16 07:00:00,0.0,0.0,0.0,0.0
368,2019-07-16 08:00:00,0.0,337.9920634920635,335.4,0.0
369,2019-07-16 09:00:00,0.0,0.0,0.0,0.0
370,2019-07-16 10:00:00,0.0,0.0,0.0,0.0
371,2019-07-16 11:00:00,0.0,0.0,0.0,0.0
372,2019-07-16 12:00:00,0.0,0.0,0.0,0.0
373,2019-07-16 13:00:00,0.0,0.0,0.0,0.0
374,2019-07-16 14:00:00,0.0,0.0,0.0,0.0
375,2019-07-16 15:00:00,0.0,0.0,0.0,0.0
376,2019-07-16 16:00:00,0.0,0.0,0.0,0.0
377,2019-07-16 17:00:00,0.0,0.0,0.0,0.0
378,2019-07-16 18:00:00,0.0,308.3,0.0,0.0
379,2019-07-16 19:00:00,0.0,0.0,0.0,0.0
380,2019-07-16 20:00:00,0.0,309.11089108910886,311.0666666666666,0.0
381,2019-07-16 21:00:00,0.0,0.0,0.0,0.0
382,2019-07-16 22:00:00,0.0,0.0,0.0,0.0
383,2019-07-16 23:00:00,0.0,0.0,0.0,0.0
384,2019-07-17 00:00:00,0.0,0.0,0.0,0.0
385,2019-07-17 01:00:00,0.0,0.0,0.0,0.0
386,2019-07-17 02:00:00,0.0,0.0,0.0,0.0
387,2019-07-17 03:00:00,0.0,0.0,0.0,0.0
388,2019-07-17 04:00:00,0.0,0.0,0.0,0.0
389,2019-07-17 05:00:00,0.0,0.0,0.0,0.0
390,2019-07-17 06:00:00,0.0,0.0,0.0,0.0
391,2019-07-17 07:00:00,0.0,336.08043478260873,333.2333333333333,0.0
392,2019-07-17 08:00:00,0.0,0.0,0.0,0.0
393,2019-07-17 09:00:00,0.0,0.0,0.0,0.0
394,2019-07-17 10:00:00,0.0,0.0,0.0,0.0
395,2019-07-17 11:00:00,0.0,0.0,0.0,0.0
396,2019-07-17 12:00:00,0.0,0.0,0.0,0.0
397,2019-07-17 13:00:00,0.0,0.0,0.0,0.0
398,2019-07-17 14:00:00,0.0,0.0,0.0,0.0
399,2019-07-17 15:00:00,0.0,0.0,0.0,0.0
400,2019-07-17 16:00:00,0.0,0.0,0.0,0.0
401,2019-07-17 17:00:00,0.0,0.0,0.0,0.0
402,2019-07-17 18:00:00,0.0,305.44,0.0,0.0
403,2019-07-17 19:00:00,0.0,0.0,0.0,0.0
404,2019-07-17 20:00:00,0.0,310.68137254901967,308.77272727272725,305.7
405,2019-07-17 21:00:00,0.0,0.0,0.0,0.0
406,2019-07-17 22:00:00,0.0,0.0,0.0,0.0
407,2019-07-17 23:00:00,0.0,0.0,0.0,0.0
408,2019-07-18 00:00:00,0.0,0.0,0.0,0.0
409,2019-07-18 01:00:00,0.0,0.0,0.0,0.0
410,2019-07-18 02:00:00,0.0,0.0,0.0,0.0
411,2019-07-18 03:00:00,0.0,0.0,0.0,0.0
412,2019-07-18 04:00:00,0.0,0.0,0.0,0.0
413,2019-07-18 05:00:00,0.0,0.0,0.0,0.0
414,2019-07-18 06:00:00,0.0,0.0,0.0,0.0
415,2019-07-18 07:00:00,0.0,336.2351351351352,0.0,330.4
416,2019-07-18 08:00:00,0.0,0.0,0.0,0.0
417,2019-07-18 09:00:00,0.0,0.0,336.85,0.0
418,2019-07-18 10:00:00,0.0,0.0,0.0,0.0
419,2019-07-18 11:00:00,0.0,0.0,0.0,0.0
420,2019-07-18 12:00:00,0.0,0.0,0.0,0.0
421,2019-07-18 13:00:00,0.0,0.0,0.0,0.0
422,2019-07-18 14:00:00,0.0,0.0,0.0,0.0
423,2019-07-18 15:00:00,0.0,0.0,0.0,0.0
424,2019-07-18 16:00:00,0.0,0.0,0.0,0.0
425,2019-07-18 17:00:00,0.0,0.0,0.0,0.0
426,2019-07-18 18:00:00,0.0,0.0,0.0,0.0
427,2019-07-18 19:00:00,0.0,312.69351351351344,307.5142857142857,0.0
428,2019-07-18 20:00:00,0.0,0.0,0.0,0.0
429,2019-07-18 21:00:00,0.0,0.0,306.5571428571429,0.0
430,2019-07-18 22:00:00,0.0,0.0,0.0,0.0
431,2019-07-18 23:00:00,0.0,0.0,0.0,0.0
432,2019-07-19 00:00:00,0.0,0.0,0.0,0.0
433,2019-07-19 01:00:00,0.0,0.0,0.0,0.0
434,2019-07-19 02:00:00,0.0,0.0,0.0,0.0
435,2019-07-19 03:00:00,0.0,0.0,0.0,0.0
436,2019-07-19 04:00:00,0.0,0.0,0.0,0.0
437,2019-07-19 05:00:00,0.0,0.0,0.0,0.0
438,2019-07-19 06:00:00,0.0,0.0,0.0,0.0
439,2019-07-19 07:00:00,0.0,337.5458333333333,0.0,0.0
440,2019-07-19 08:00:00,0.0,0.0,332.83333333333337,0.0
441,2019-07-19 09:00:00,0.0,0.0,0.0,0.0
442,2019-07-19 10:00:00,0.0,0.0,0.0,0.0
443,2019-07-19 11:00:00,0.0,0.0,0.0,0.0
444,2019-07-19 12:00:00,0.0,0.0,0.0,0.0
445,2019-07-19 13:00:00,0.0,0.0,0.0,0.0
446,2019-07-19 14:00:00,0.0,0.0,0.0,0.0
447,2019-07-19 15:00:00,0.0,0.0,0.0,0.0
448,2019-07-19 16:00:00,0.0,0.0,0.0,0.0
449,2019-07-19 17:00:00,0.0,0.0,0.0,0.0
450,2019-07-19 18:00:00,0.0,0.0,0.0,0.0
451,2019-07-19 19:00:00,0.0,313.00840336134473,0.0,0.0
452,2019-07-19 20:00:00,0.0,0.0,0.0,0.0
453,2019-07-19 21:00:00,0.0,0.0,308.9153846153846,306.3
454,2019-07-19 22:00:00,0.0,0.0,0.0,0.0
455,2019-07-19 23:00:00,0.0,0.0,0.0,0.0
456,2019-07-20 00:00:00,0.0,0.0,0.0,0.0
457,2019-07-20 01:00:00,0.0,0.0,0.0,0.0
458,2019-07-20 02:00:00,0.0,0.0,0.0,0.0
459,2019-07-20 03:00:00,0.0,0.0,0.0,0.0
460,2019-07-20 04:00:00,0.0,0.0,0.0,0.0
461,2019-07-20 05:00:00,0.0,0.0,0.0,0.0
462,2019-07-20 06:00:00,0.0,335.9857142857142,0.0,0.0
463,2019-07-20 07:00:00,0.0,0.0,0.0,0.0
464,2019-07-20 08:00:00,0.0,330.9,340.1333333333334,0.0
465,2019-07-20 09:00:00,0.0,0.0,0.0,0.0
466,2019-07-20 10:00:00,0.0,0.0,0.0,0.0
467,2019-07-20 11:00:00,0.0,0.0,0.0,0.0
468,2019-07-20 12:00:00,0.0,0.0,0.0,0.0
469,2019-07-20 13:00:00,0.0,0.0,0.0,0.0
470,2019-07-20 14:00:00,0.0,0.0,0.0,0.0
471,2019-07-20 15:00:00,0.0,0.0,0.0,0.0
472,2019-07-20 16:00:00,0.0,0.0,0.0,0.0
473,2019-07-20 17:00:00,0.0,0.0,0.0,0.0
474,2019-07-20 18:00:00,0.0,0.0,0.0,0.0
475,2019-07-20 19:00:00,0.0,310.6644171779142,0.0,0.0
476,2019-07-20 20:00:00,0.0,305.5,307.56666666666666,306.6333333333333
477,2019-07-20 21:00:00,0.0,305.3666666666666,313.1666666666667,0.0
478,2019-07-20 22:00:00,0.0,0.0,0.0,0.0
479,2019-07-20 23:00:00,0.0,0.0,0.0,0.0
480,2019-07-21 00:00:00,0.0,0.0,0.0,0.0
481,2019-07-21 01:00:00,0.0,0.0,0.0,0.0
482,2019-07-21 02:00:00,0.0,0.0,0.0,0.0
483,2019-07-21 03:00:00,0.0,0.0,0.0,0.0
484,2019-07-21 04:00:00,0.0,0.0,0.0,0.0
485,2019-07-21 05:00:00,0.0,0.0,0.0,0.0
486,2019-07-21 06:00:00,0.0,329.90000000000003,0.0,0.0
487,2019-07-21 07:00:00,0.0,0.0,0.0,0.0
488,2019-07-21 08:00:00,0.0,346.175,330.0,335.88333333333327
489,2019-07-21 09:00:00,0.0,0.0,0.0,0.0
490,2019-07-21 10:00:00,0.0,0.0,0.0,0.0
491,2019-07-21 11:00:00,0.0,0.0,0.0,0.0
492,2019-07-21 12:00:00,0.0,0.0,0.0,0.0
493,2019-07-21 13:00:00,0.0,0.0,0.0,0.0
494,2019-07-21 14:00:00,0.0,0.0,0.0,0.0
495,2019-07-21 15:00:00,0.0,0.0,0.0,0.0
496,2019-07-21 16:00:00,0.0,0.0,0.0,0.0
497,2019-07-21 17:00:00,0.0,0.0,0.0,0.0
498,2019-07-21 18:00:00,0.0,307.30000000000007,0.0,0.0
499,2019-07-21 19:00:00,0.0,310.2,0.0,0.0
500,2019-07-21 20:00:00,314.5,310.15249999999975,310.81000000000006,310.1
501,2019-07-21 21:00:00,0.0,0.0,0.0,0.0
502,2019-07-21 22:00:00,0.0,0.0,0.0,0.0
503,2019-07-21 23:00:00,0.0,0.0,0.0,0.0
504,2019-07-22 00:00:00,0.0,0.0,0.0,0.0
505,2019-07-22 01:00:00,0.0,0.0,0.0,0.0
506,2019-07-22 02:00:00,0.0,0.0,0.0,0.0
507,2019-07-22 03:00:00,0.0,0.0,0.0,0.0
508,2019-07-22 04:00:00,0.0,0.0,0.0,0.0
509,2019-07-22 05:00:00,0.0,0.0,0.0,0.0
510,2019-07-22 06:00:00,0.0,0.0,0.0,0.0
511,2019-07-22 07:00:00,0.0,335.60333333333335,331.65,0.0
512,2019-07-22 08:00:00,0.0,0.0,0.0,0.0
513,2019-07-22 09:00:00,0.0,0.0,0.0,0.0
514,2019-07-22 10:00:00,0.0,0.0,0.0,0.0
515,2019-07-22 11:00:00,0.0,0.0,0.0,0.0
516,2019-07-22 12:00:00,0.0,0.0,0.0,0.0
517,2019-07-22 13:00:00,0.0,0.0,0.0,0.0
518,2019-07-22 14:00:00,0.0,0.0,0.0,0.0
519,2019-07-22 15:00:00,0.0,0.0,0.0,0.0
520,2019-07-22 16:00:00,0.0,0.0,0.0,0.0
521,2019-07-22 17:00:00,0.0,0.0,0.0,0.0
522,2019-07-22 18:00:00,0.0,0.0,0.0,0.0
523,2019-07-22 19:00:00,0.0,0.0,0.0,0.0
524,2019-07-22 20:00:00,0.0,309.59220779220766,313.09999999999997,308.2
525,2019-07-22 21:00:00,0.0,0.0,0.0,0.0
526,2019-07-22 22:00:00,0.0,0.0,0.0,0.0
527,2019-07-22 23:00:00,0.0,0.0,0.0,0.0
528,2019-07-23 00:00:00,0.0,0.0,0.0,0.0
529,2019-07-23 01:00:00,0.0,0.0,0.0,0.0
530,2019-07-23 02:00:00,0.0,0.0,0.0,0.0
531,2019-07-23 03:00:00,0.0,0.0,0.0,0.0
532,2019-07-23 04:00:00,0.0,0.0,0.0,0.0
533,2019-07-23 05:00:00,0.0,0.0,0.0,0.0
534,2019-07-23 06:00:00,0.0,0.0,0.0,0.0
535,2019-07-23 07:00:00,0.0,335.56984126984133,331.1,332.3
536,2019-07-23 08:00:00,0.0,0.0,0.0,0.0
537,2019-07-23 09:00:00,0.0,0.0,336.65,0.0
538,2019-07-23 10:00:00,0.0,0.0,0.0,0.0
539,2019-07-23 11:00:00,0.0,0.0,0.0,0.0
540,2019-07-23 12:00:00,0.0,0.0,0.0,0.0
541,2019-07-23 13:00:00,0.0,0.0,0.0,0.0
542,2019-07-23 14:00:00,0.0,0.0,0.0,0.0
543,2019-07-23 15:00:00,0.0,0.0,0.0,0.0
544,2019-07-23 16:00:00,0.0,0.0,0.0,0.0
545,2019-07-23 17:00:00,0.0,0.0,0.0,0.0
546,2019-07-23 18:00:00,0.0,0.0,0.0,0.0
547,2019-07-23 19:00:00,0.0,0.0,0.0,0.0
548,2019-07-23 20:00:00,0.0,307.0283582089552,308.1111111111111,0.0
549,2019-07-23 21:00:00,0.0,0.0,314.2285714285714,295.0
550,2019-07-23 22:00:00,0.0,0.0,0.0,0.0
551,2019-07-23 23:00:00,0.0,0.0,0.0,0.0
552,2019-07-24 00:00:00,0.0,0.0,0.0,0.0
553,2019-07-24 01:00:00,0.0,0.0,0.0,0.0
554,2019-07-24 02:00:00,0.0,0.0,0.0,0.0
555,2019-07-24 03:00:00,0.0,0.0,0.0,0.0
556,2019-07-24 04:00:00,0.0,0.0,0.0,0.0
557,2019-07-24 05:00:00,0.0,0.0,0.0,0.0
558,2019-07-24 06:00:00,0.0,0.0,0.0,0.0
559,2019-07-24 07:00:00,0.0,334.8142857142857,0.0,0.0
560,2019-07-24 08:00:00,0.0,334.2,338.4,0.0
561,2019-07-24 09:00:00,0.0,0.0,0.0,0.0
562,2019-07-24 10:00:00,0.0,0.0,0.0,0.0
563,2019-07-24 11:00:00,0.0,0.0,0.0,0.0
564,2019-07-24 12:00:00,0.0,0.0,0.0,0.0
565,2019-07-24 13:00:00,0.0,0.0,0.0,0.0
566,2019-07-24 14:00:00,0.0,0.0,0.0,0.0
567,2019-07-24 15:00:00,0.0,0.0,0.0,0.0
568,2019-07-24 16:00:00,0.0,0.0,0.0,0.0
569,2019-07-24 17:00:00,0.0,0.0,0.0,0.0
570,2019-07-24 18:00:00,0.0,0.0,0.0,0.0
571,2019-07-24 19:00:00,0.0,304.575,0.0,0.0
572,2019-07-24 20:00:00,0.0,0.0,0.0,0.0
573,2019-07-24 21:00:00,0.0,0.0,0.0,0.0
574,2019-07-24 22:00:00,0.0,0.0,0.0,0.0
575,2019-07-24 23:00:00,0.0,0.0,0.0,0.0
576,2019-07-25 00:00:00,0.0,0.0,0.0,0.0
577,2019-07-25 01:00:00,0.0,0.0,0.0,0.0
578,2019-07-25 02:00:00,0.0,0.0,0.0,0.0
579,2019-07-25 03:00:00,0.0,0.0,0.0,0.0
580,2019-07-25 04:00:00,0.0,0.0,0.0,0.0
581,2019-07-25 05:00:00,0.0,0.0,0.0,0.0
582,2019-07-25 06:00:00,0.0,0.0,0.0,0.0
583,2019-07-25 07:00:00,0.0,0.0,0.0,0.0
584,2019-07-25 08:00:00,0.0,0.0,336.75,0.0
585,2019-07-25 09:00:00,0.0,0.0,0.0,0.0
586,2019-07-25 10:00:00,0.0,0.0,0.0,0.0
587,2019-07-25 11:00:00,0.0,0.0,0.0,0.0
588,2019-07-25 12:00:00,0.0,0.0,0.0,0.0
589,2019-07-25 13:00:00,0.0,0.0,0.0,0.0
590,2019-07-25 14:00:00,0.0,0.0,0.0,0.0
591,2019-07-25 15:00:00,0.0,0.0,0.0,0.0
592,2019-07-25 16:00:00,0.0,0.0,0.0,0.0
593,2019-07-25 17:00:00,0.0,0.0,0.0,0.0
594,2019-07-25 18:00:00,0.0,0.0,0.0,0.0
595,2019-07-25 19:00:00,0.0,300.6333333333333,0.0,0.0
596,2019-07-25 20:00:00,0.0,0.0,0.0,0.0
597,2019-07-25 21:00:00,0.0,314.9,301.7,0.0
598,2019-07-25 22:00:00,0.0,0.0,0.0,0.0
599,2019-07-25 23:00:00,0.0,0.0,0.0,0.0
600,2019-07-26 00:00:00,0.0,0.0,0.0,0.0
601,2019-07-26 01:00:00,0.0,0.0,0.0,0.0
602,2019-07-26 02:00:00,0.0,0.0,0.0,0.0
603,2019-07-26 03:00:00,0.0,0.0,0.0,0.0
604,2019-07-26 04:00:00,0.0,0.0,0.0,0.0
605,2019-07-26 05:00:00,0.0,0.0,0.0,0.0
606,2019-07-26 06:00:00,0.0,0.0,0.0,0.0
607,2019-07-26 07:00:00,0.0,0.0,0.0,0.0
608,2019-07-26 08:00:00,0.0,0.0,0.0,0.0
609,2019-07-26 09:00:00,0.0,0.0,0.0,0.0
610,2019-07-26 10:00:00,0.0,0.0,0.0,0.0
611,2019-07-26 11:00:00,0.0,0.0,0.0,0.0
612,2019-07-26 12:00:00,0.0,0.0,0.0,0.0
613,2019-07-26 13:00:00,0.0,0.0,0.0,0.0
614,2019-07-26 14:00:00,0.0,0.0,0.0,0.0
615,2019-07-26 15:00:00,0.0,0.0,0.0,0.0
616,2019-07-26 16:00:00,0.0,0.0,0.0,0.0
617,2019-07-26 17:00:00,0.0,0.0,0.0,0.0
618,2019-07-26 18:00:00,0.0,0.0,0.0,0.0
619,2019-07-26 19:00:00,0.0,0.0,0.0,0.0
620,2019-07-26 20:00:00,0.0,0.0,300.7,0.0
621,2019-07-26 21:00:00,0.0,0.0,0.0,0.0
622,2019-07-26 22:00:00,0.0,0.0,0.0,0.0
623,2019-07-26 23:00:00,0.0,0.0,0.0,0.0
624,2019-07-27 00:00:00,0.0,0.0,0.0,0.0
625,2019-07-27 01:00:00,0.0,0.0,0.0,0.0
626,2019-07-27 02:00:00,0.0,0.0,0.0,0.0
627,2019-07-27 03:00:00,0.0,0.0,0.0,0.0
628,2019-07-27 04:00:00,0.0,0.0,0.0,0.0
629,2019-07-27 05:00:00,0.0,0.0,0.0,0.0
630,2019-07-27 06:00:00,0.0,328.2,0.0,0.0
631,2019-07-27 07:00:00,0.0,0.0,0.0,0.0
632,2019-07-27 08:00:00,0.0,0.0,0.0,0.0
633,2019-07-27 09:00:00,0.0,0.0,0.0,0.0
634,2019-07-27 10:00:00,0.0,0.0,0.0,0.0
635,2019-07-27 11:00:00,0.0,0.0,0.0,0.0
636,2019-07-27 12:00:00,0.0,0.0,0.0,0.0
637,2019-07-27 13:00:00,0.0,0.0,0.0,0.0
638,2019-07-27 14:00:00,0.0,0.0,0.0,0.0
639,2019-07-27 15:00:00,0.0,0.0,0.0,0.0
640,2019-07-27 16:00:00,0.0,0.0,0.0,0.0
641,2019-07-27 17:00:00,0.0,0.0,0.0,0.0
642,2019-07-27 18:00:00,0.0,0.0,0.0,0.0
643,2019-07-27 19:00:00,0.0,0.0,0.0,0.0
644,2019-07-27 20:00:00,0.0,307.225,311.0,0.0
645,2019-07-27 21:00:00,0.0,0.0,0.0,0.0
646,2019-07-27 22:00:00,0.0,0.0,0.0,0.0
647,2019-07-27 23:00:00,0.0,0.0,0.0,0.0
648,2019-07-28 00:00:00,0.0,0.0,0.0,0.0
649,2019-07-28 01:00:00,0.0,0.0,0.0,0.0
650,2019-07-28 02:00:00,0.0,0.0,0.0,0.0
651,2019-07-28 03:00:00,0.0,0.0,0.0,0.0
652,2019-07-28 04:00:00,0.0,0.0,0.0,0.0
653,2019-07-28 05:00:00,0.0,0.0,0.0,0.0
654,2019-07-28 06:00:00,0.0,0.0,0.0,0.0
655,2019-07-28 07:00:00,0.0,333.73333333333335,0.0,0.0
656,2019-07-28 08:00:00,0.0,0.0,0.0,0.0
657,2019-07-28 09:00:00,0.0,0.0,0.0,0.0
658,2019-07-28 10:00:00,0.0,0.0,0.0,0.0
659,2019-07-28 11:00:00,0.0,0.0,0.0,0.0
660,2019-07-28 12:00:00,0.0,0.0,0.0,0.0
661,2019-07-28 13:00:00,0.0,0.0,0.0,0.0
662,2019-07-28 14:00:00,0.0,0.0,0.0,0.0
663,2019-07-28 15:00:00,0.0,0.0,0.0,0.0
664,2019-07-28 16:00:00,0.0,0.0,0.0,0.0
665,2019-07-28 17:00:00,0.0,0.0,0.0,0.0
666,2019-07-28 18:00:00,0.0,0.0,0.0,0.0
667,2019-07-28 19:00:00,0.0,0.0,0.0,0.0
668,2019-07-28 20:00:00,0.0,307.6333333333334,0.0,0.0
669,2019-07-28 21:00:00,0.0,0.0,0.0,0.0
670,2019-07-28 22:00:00,0.0,0.0,0.0,0.0
671,2019-07-28 23:00:00,0.0,0.0,0.0,0.0
672,2019-07-29 00:00:00,0.0,0.0,0.0,0.0
673,2019-07-29 01:00:00,0.0,0.0,0.0,0.0
674,2019-07-29 02:00:00,0.0,0.0,0.0,0.0
675,2019-07-29 03:00:00,0.0,0.0,0.0,0.0
676,2019-07-29 04:00:00,0.0,0.0,0.0,0.0
677,2019-07-29 05:00:00,0.0,0.0,0.0,0.0
678,2019-07-29 06:00:00,0.0,0.0,0.0,0.0
679,2019-07-29 07:00:00,0.0,0.0,0.0,0.0
680,2019-07-29 08:00:00,0.0,0.0,0.0,0.0
681,2019-07-29 09:00:00,0.0,0.0,0.0,0.0
682,2019-07-29 10:00:00,0.0,0.0,0.0,0.0
683,2019-07-29 11:00:00,0.0,0.0,0.0,0.0
684,2019-07-29 12:00:00,0.0,0.0,0.0,0.0
685,2019-07-29 13:00:00,0.0,0.0,0.0,0.0
686,2019-07-29 14:00:00,0.0,0.0,0.0,0.0
687,2019-07-29 15:00:00,0.0,0.0,0.0,0.0
688,2019-07-29 16:00:00,0.0,0.0,0.0,0.0
689,2019-07-29 17:00:00,0.0,0.0,0.0,0.0
690,2019-07-29 18:00:00,0.0,0.0,0.0,0.0
691,2019-07-29 19:00:00,0.0,311.32413793103444,302.7,0.0
692,2019-07-29 20:00:00,0.0,0.0,0.0,0.0
693,2019-07-29 21:00:00,0.0,0.0,0.0,0.0
694,2019-07-29 22:00:00,0.0,0.0,0.0,0.0
695,2019-07-29 23:00:00,0.0,0.0,0.0,0.0
696,2019-07-30 00:00:00,0.0,0.0,0.0,0.0
697,2019-07-30 01:00:00,0.0,0.0,0.0,0.0
698,2019-07-30 02:00:00,0.0,0.0,0.0,0.0
699,2019-07-30 03:00:00,0.0,0.0,0.0,0.0
700,2019-07-30 04:00:00,0.0,0.0,0.0,0.0
701,2019-07-30 05:00:00,0.0,0.0,0.0,0.0
702,2019-07-30 06:00:00,0.0,0.0,0.0,0.0
703,2019-07-30 07:00:00,0.0,333.58000000000004,0.0,0.0
704,2019-07-30 08:00:00,0.0,337.23333333333335,0.0,0.0
705,2019-07-30 09:00:00,0.0,0.0,0.0,0.0
706,2019-07-30 10:00:00,0.0,0.0,0.0,0.0
707,2019-07-30 11:00:00,0.0,0.0,0.0,0.0
708,2019-07-30 12:00:00,0.0,0.0,0.0,0.0
709,2019-07-30 13:00:00,0.0,0.0,0.0,0.0
710,2019-07-30 14:00:00,0.0,0.0,0.0,0.0
711,2019-07-30 15:00:00,0.0,0.0,0.0,0.0
712,2019-07-30 16:00:00,0.0,0.0,0.0,0.0
713,2019-07-30 17:00:00,0.0,0.0,0.0,0.0
714,2019-07-30 18:00:00,0.0,0.0,0.0,0.0
715,2019-07-30 19:00:00,0.0,310.15952380952376,0.0,0.0
716,2019-07-30 20:00:00,0.0,0.0,0.0,0.0
717,2019-07-30 21:00:00,0.0,0.0,298.4,0.0
718,2019-07-30 22:00:00,0.0,0.0,0.0,0.0
719,2019-07-30 23:00:00,0.0,0.0,0.0,0.0
720,2019-07-31 00:00:00,0.0,0.0,0.0,0.0
721,2019-07-31 01:00:00,0.0,0.0,0.0,0.0
722,2019-07-31 02:00:00,0.0,0.0,0.0,0.0
723,2019-07-31 03:00:00,0.0,0.0,0.0,0.0
724,2019-07-31 04:00:00,0.0,0.0,0.0,0.0
725,2019-07-31 05:00:00,0.0,0.0,0.0,0.0
726,2019-07-31 06:00:00,0.0,0.0,0.0,0.0
727,2019-07-31 07:00:00,0.0,0.0,0.0,0.0
728,2019-07-31 08:00:00,0.0,339.40714285714284,335.85,0.0
729,2019-07-31 09:00:00,0.0,0.0,0.0,0.0
730,2019-07-31 10:00:00,0.0,0.0,0.0,0.0
731,2019-07-31 11:00:00,0.0,0.0,0.0,0.0
732,2019-07-31 12:00:00,0.0,0.0,0.0,0.0
733,2019-07-31 13:00:00,0.0,0.0,0.0,0.0
734,2019-07-31 14:00:00,0.0,0.0,0.0,0.0
735,2019-07-31 15:00:00,0.0,0.0,0.0,0.0
736,2019-07-31 16:00:00,0.0,0.0,0.0,0.0
737,2019-07-31 17:00:00,0.0,0.0,0.0,0.0
738,2019-07-31 18:00:00,0.0,0.0,0.0,0.0
739,2019-07-31 19:00:00,0.0,303.7347826086957,0.0,0.0
740,2019-07-31 20:00:00,0.0,298.3,306.84,0.0
741,2019-07-31 21:00:00,0.0,0.0,0.0,0.0
742,2019-07-31 22:00:00,0.0,0.0,0.0,0.0
743,2019-07-31 23:00:00,0.0,0.0,0.0,0.0
744,2019-08-01 00:00:00,0.0,0.0,0.0,0.0
745,2019-08-01 01:00:00,0.0,0.0,0.0,0.0
746,2019-08-01 02:00:00,0.0,0.0,0.0,0.0
747,2019-08-01 03:00:00,0.0,0.0,0.0,0.0
748,2019-08-01 04:00:00,0.0,0.0,0.0,0.0
749,2019-08-01 05:00:00,0.0,0.0,0.0,0.0
750,2019-08-01 06:00:00,0.0,332.29999999999995,0.0,0.0
751,2019-08-01 07:00:00,0.0,0.0,0.0,0.0
752,2019-08-01 08:00:00,0.0,338.07500000000005,333.8,0.0
753,2019-08-01 09:00:00,0.0,0.0,0.0,0.0
754,2019-08-01 10:00:00,0.0,0.0,0.0,0.0
755,2019-08-01 11:00:00,0.0,0.0,0.0,0.0
756,2019-08-01 12:00:00,0.0,0.0,0.0,0.0
757,2019-08-01 13:00:00,0.0,0.0,0.0,0.0
758,2019-08-01 14:00:00,0.0,0.0,0.0,0.0
759,2019-08-01 15:00:00,0.0,0.0,0.0,0.0
760,2019-08-01 16:00:00,0.0,0.0,0.0,0.0
761,2019-08-01 17:00:00,0.0,0.0,0.0,0.0
762,2019-08-01 18:00:00,0.0,301.9,0.0,0.0
763,2019-08-01 19:00:00,0.0,0.0,0.0,0.0
764,2019-08-01 20:00:00,0.0,314.23333333333335,0.0,0.0
765,2019-08-01 21:00:00,0.0,0.0,0.0,0.0
766,2019-08-01 22:00:00,0.0,0.0,0.0,0.0
767,2019-08-01 23:00:00,0.0,0.0,0.0,0.0
768,2019-08-02 00:00:00,0.0,0.0,0.0,0.0
769,2019-08-02 01:00:00,0.0,0.0,0.0,0.0
770,2019-08-02 02:00:00,0.0,0.0,0.0,0.0
771,2019-08-02 03:00:00,0.0,0.0,0.0,0.0
772,2019-08-02 04:00:00,0.0,0.0,0.0,0.0
773,2019-08-02 05:00:00,0.0,0.0,0.0,0.0
774,2019-08-02 06:00:00,0.0,334.7,0.0,0.0
775,2019-08-02 07:00:00,0.0,335.5,0.0,0.0
776,2019-08-02 08:00:00,0.0,0.0,0.0,0.0
777,2019-08-02 09:00:00,0.0,0.0,0.0,0.0
778,2019-08-02 10:00:00,0.0,0.0,0.0,0.0
779,2019-08-02 11:00:00,0.0,0.0,0.0,0.0
780,2019-08-02 12:00:00,0.0,0.0,0.0,0.0
781,2019-08-02 13:00:00,0.0,0.0,0.0,0.0
782,2019-08-02 14:00:00,0.0,0.0,0.0,0.0
783,2019-08-02 15:00:00,0.0,0.0,0.0,0.0
784,2019-08-02 16:00:00,0.0,0.0,0.0,0.0
785,2019-08-02 17:00:00,0.0,0.0,0.0,0.0
786,2019-08-02 18:00:00,0.0,310.6,0.0,0.0
787,2019-08-02 19:00:00,0.0,0.0,0.0,0.0
788,2019-08-02 20:00:00,0.0,307.88780487804877,0.0,0.0
789,2019-08-02 21:00:00,0.0,0.0,0.0,0.0
790,2019-08-02 22:00:00,0.0,0.0,0.0,0.0
791,2019-08-02 23:00:00,0.0,0.0,0.0,0.0
792,2019-08-03 00:00:00,0.0,0.0,0.0,0.0
793,2019-08-03 01:00:00,0.0,0.0,0.0,0.0
794,2019-08-03 02:00:00,0.0,0.0,0.0,0.0
795,2019-08-03 03:00:00,0.0,0.0,0.0,0.0
796,2019-08-03 04:00:00,0.0,0.0,0.0,0.0
797,2019-08-03 05:00:00,0.0,0.0,0.0,0.0
798,2019-08-03 06:00:00,0.0,0.0,0.0,0.0
799,2019-08-03 07:00:00,0.0,0.0,0.0,0.0
800,2019-08-03 08:00:00,0.0,0.0,0.0,0.0
801,2019-08-03 09:00:00,0.0,0.0,0.0,0.0
802,2019-08-03 10:00:00,0.0,0.0,0.0,0.0
803,2019-08-03 11:00:00,0.0,0.0,0.0,0.0
804,2019-08-03 12:00:00,0.0,0.0,0.0,0.0
805,2019-08-03 13:00:00,0.0,0.0,0.0,0.0
806,2019-08-03 14:00:00,0.0,0.0,0.0,0.0
807,2019-08-03 15:00:00,0.0,0.0,0.0,0.0
808,2019-08-03 16:00:00,0.0,0.0,0.0,0.0
809,2019-08-03 17:00:00,0.0,0.0,0.0,0.0
810,2019-08-03 18:00:00,0.0,0.0,0.0,0.0
811,2019-08-03 19:00:00,0.0,308.7916666666665,0.0,310.2
812,2019-08-03 20:00:00,0.0,300.9,0.0,0.0
813,2019-08-03 21:00:00,0.0,0.0,0.0,0.0
814,2019-08-03 22:00:00,0.0,0.0,0.0,0.0
815,2019-08-03 23:00:00,0.0,0.0,0.0,0.0
816,2019-08-04 00:00:00,0.0,0.0,0.0,0.0
817,2019-08-04 01:00:00,0.0,0.0,0.0,0.0
818,2019-08-04 02:00:00,0.0,0.0,0.0,0.0
819,2019-08-04 03:00:00,0.0,0.0,0.0,0.0
820,2019-08-04 04:00:00,0.0,0.0,0.0,0.0
821,2019-08-04 05:00:00,0.0,0.0,0.0,0.0
822,2019-08-04 06:00:00,0.0,0.0,0.0,0.0
823,2019-08-04 07:00:00,0.0,335.6,0.0,0.0
824,2019-08-04 08:00:00,0.0,0.0,0.0,0.0
825,2019-08-04 09:00:00,0.0,0.0,0.0,0.0
826,2019-08-04 10:00:00,0.0,0.0,0.0,0.0
827,2019-08-04 11:00:00,0.0,0.0,0.0,0.0
828,2019-08-04 12:00:00,0.0,0.0,0.0,0.0
829,2019-08-04 13:00:00,0.0,0.0,0.0,0.0
830,2019-08-04 14:00:00,0.0,0.0,0.0,0.0
831,2019-08-04 15:00:00,0.0,0.0,0.0,0.0
832,2019-08-04 16:00:00,0.0,0.0,0.0,0.0
833,2019-08-04 17:00:00,0.0,0.0,0.0,0.0
834,2019-08-04 18:00:00,0.0,0.0,0.0,0.0
835,2019-08-04 19:00:00,0.0,301.8125,0.0,308.35
836,2019-08-04 20:00:00,0.0,0.0,0.0,0.0
837,2019-08-04 21:00:00,0.0,0.0,303.6,310.6
838,2019-08-04 22:00:00,0.0,0.0,0.0,0.0
839,2019-08-04 23:00:00,0.0,0.0,0.0,0.0
840,2019-08-05 00:00:00,0.0,0.0,0.0,0.0
841,2019-08-05 01:00:00,0.0,0.0,0.0,0.0
842,2019-08-05 02:00:00,0.0,0.0,0.0,0.0
843,2019-08-05 03:00:00,0.0,0.0,0.0,0.0
844,2019-08-05 04:00:00,0.0,0.0,0.0,0.0
845,2019-08-05 05:00:00,0.0,0.0,0.0,0.0
846,2019-08-05 06:00:00,0.0,0.0,0.0,0.0
847,2019-08-05 07:00:00,0.0,0.0,0.0,0.0
848,2019-08-05 08:00:00,0.0,339.29999999999995,0.0,0.0
849,2019-08-05 09:00:00,0.0,0.0,0.0,0.0
850,2019-08-05 10:00:00,0.0,0.0,0.0,0.0
851,2019-08-05 11:00:00,0.0,0.0,0.0,0.0
852,2019-08-05 12:00:00,0.0,0.0,0.0,0.0
853,2019-08-05 13:00:00,0.0,0.0,0.0,0.0
854,2019-08-05 14:00:00,0.0,0.0,0.0,0.0
855,2019-08-05 15:00:00,0.0,0.0,0.0,0.0
856,2019-08-05 16:00:00,0.0,0.0,0.0,0.0
857,2019-08-05 17:00:00,0.0,0.0,0.0,0.0
858,2019-08-05 18:00:00,0.0,0.0,0.0,0.0
859,2019-08-05 19:00:00,0.0,316.75,0.0,0.0
860,2019-08-05 20:00:00,0.0,295.1,0.0,0.0
861,2019-08-05 21:00:00,0.0,0.0,0.0,0.0
862,2019-08-05 22:00:00,0.0,0.0,0.0,0.0
863,2019-08-05 23:00:00,0.0,0.0,0.0,0.0
864,2019-08-06 00:00:00,0.0,0.0,0.0,0.0
865,2019-08-06 01:00:00,0.0,0.0,0.0,0.0
866,2019-08-06 02:00:00,0.0,0.0,0.0,0.0
867,2019-08-06 03:00:00,0.0,0.0,0.0,0.0
868,2019-08-06 04:00:00,0.0,0.0,0.0,0.0
869,2019-08-06 05:00:00,0.0,0.0,0.0,0.0
870,2019-08-06 06:00:00,0.0,336.0,0.0,0.0
871,2019-08-06 07:00:00,0.0,0.0,0.0,0.0
872,2019-08-06 08:00:00,0.0,0.0,333.3,335.59999999999997
873,2019-08-06 09:00:00,0.0,0.0,0.0,0.0
874,2019-08-06 10:00:00,0.0,0.0,0.0,0.0
875,2019-08-06 11:00:00,0.0,0.0,0.0,0.0
876,2019-08-06 12:00:00,0.0,0.0,0.0,0.0
877,2019-08-06 13:00:00,0.0,0.0,0.0,0.0
878,2019-08-06 14:00:00,0.0,0.0,0.0,0.0
879,2019-08-06 15:00:00,0.0,0.0,0.0,0.0
880,2019-08-06 16:00:00,0.0,0.0,0.0,0.0
881,2019-08-06 17:00:00,0.0,0.0,0.0,0.0
882,2019-08-06 18:00:00,0.0,296.8,0.0,0.0
883,2019-08-06 19:00:00,0.0,0.0,0.0,0.0
884,2019-08-06 20:00:00,0.0,0.0,0.0,309.45
885,2019-08-06 21:00:00,0.0,0.0,0.0,0.0
886,2019-08-06 22:00:00,0.0,0.0,0.0,0.0
887,2019-08-06 23:00:00,0.0,0.0,0.0,0.0
888,2019-08-07 00:00:00,0.0,0.0,0.0,0.0
889,2019-08-07 01:00:00,0.0,0.0,0.0,0.0
890,2019-08-07 02:00:00,0.0,0.0,0.0,0.0
891,2019-08-07 03:00:00,0.0,0.0,0.0,0.0
892,2019-08-07 04:00:00,0.0,0.0,0.0,0.0
893,2019-08-07 05:00:00,0.0,0.0,0.0,0.0
894,2019-08-07 06:00:00,0.0,334.2,0.0,0.0
895,2019-08-07 07:00:00,0.0,0.0,0.0,0.0
896,2019-08-07 08:00:00,0.0,0.0,0.0,0.0
897,2019-08-07 09:00:00,0.0,0.0,0.0,0.0
898,2019-08-07 10:00:00,0.0,0.0,0.0,0.0
899,2019-08-07 11:00:00,0.0,0.0,0.0,0.0
900,2019-08-07 12:00:00,0.0,0.0,0.0,0.0
901,2019-08-07 13:00:00,0.0,0.0,0.0,0.0
902,2019-08-07 14:00:00,0.0,0.0,0.0,0.0
903,2019-08-07 15:00:00,0.0,0.0,0.0,0.0
904,2019-08-07 16:00:00,0.0,0.0,0.0,0.0
905,2019-08-07 17:00:00,0.0,0.0,0.0,0.0
906,2019-08-07 18:00:00,0.0,309.15,0.0,0.0
907,2019-08-07 19:00:00,0.0,0.0,0.0,0.0
908,2019-08-07 20:00:00,0.0,307.7,0.0,0.0
909,2019-08-07 21:00:00,0.0,0.0,0.0,0.0
910,2019-08-07 22:00:00,0.0,0.0,0.0,0.0
911,2019-08-07 23:00:00,0.0,0.0,0.0,0.0
912,2019-08-08 00:00:00,0.0,0.0,0.0,0.0
913,2019-08-08 01:00:00,0.0,0.0,0.0,0.0
914,2019-08-08 02:00:00,0.0,0.0,0.0,0.0
915,2019-08-08 03:00:00,0.0,0.0,0.0,0.0
916,2019-08-08 04:00:00,0.0,0.0,0.0,0.0
917,2019-08-08 05:00:00,0.0,0.0,0.0,0.0
918,2019-08-08 06:00:00,0.0,0.0,0.0,0.0
919,2019-08-08 07:00:00,0.0,343.5,0.0,0.0
920,2019-08-08 08:00:00,0.0,0.0,0.0,0.0
921,2019-08-08 09:00:00,0.0,0.0,0.0,0.0
922,2019-08-08 10:00:00,0.0,0.0,0.0,0.0
923,2019-08-08 11:00:00,0.0,0.0,0.0,0.0
924,2019-08-08 12:00:00,0.0,0.0,0.0,0.0
925,2019-08-08 13:00:00,0.0,0.0,0.0,0.0
926,2019-08-08 14:00:00,0.0,0.0,0.0,0.0
927,2019-08-08 15:00:00,0.0,0.0,0.0,0.0
928,2019-08-08 16:00:00,0.0,0.0,0.0,0.0
929,2019-08-08 17:00:00,0.0,0.0,0.0,0.0
930,2019-08-08 18:00:00,0.0,0.0,0.0,0.0
931,2019-08-08 19:00:00,0.0,0.0,0.0,0.0
932,2019-08-08 20:00:00,0.0,313.71578947368425,0.0,0.0
933,2019-08-08 21:00:00,0.0,0.0,0.0,298.1333333333334
934,2019-08-08 22:00:00,0.0,0.0,0.0,0.0
935,2019-08-08 23:00:00,0.0,0.0,0.0,0.0
936,2019-08-09 00:00:00,0.0,0.0,0.0,0.0
937,2019-08-09 01:00:00,0.0,0.0,0.0,0.0
938,2019-08-09 02:00:00,0.0,0.0,0.0,0.0
939,2019-08-09 03:00:00,0.0,0.0,0.0,0.0
940,2019-08-09 04:00:00,0.0,0.0,0.0,0.0
941,2019-08-09 05:00:00,0.0,0.0,0.0,0.0
942,2019-08-09 06:00:00,0.0,0.0,0.0,0.0
943,2019-08-09 07:00:00,0.0,333.09999999999997,0.0,0.0
944,2019-08-09 08:00:00,0.0,0.0,0.0,0.0
945,2019-08-09 09:00:00,0.0,0.0,0.0,0.0
946,2019-08-09 10:00:00,0.0,0.0,0.0,0.0
947,2019-08-09 11:00:00,0.0,0.0,0.0,0.0
948,2019-08-09 12:00:00,0.0,0.0,0.0,0.0
949,2019-08-09 13:00:00,0.0,0.0,0.0,0.0
950,2019-08-09 14:00:00,0.0,0.0,0.0,0.0
951,2019-08-09 15:00:00,0.0,0.0,0.0,0.0
952,2019-08-09 16:00:00,0.0,0.0,0.0,0.0
953,2019-08-09 17:00:00,0.0,0.0,0.0,0.0
954,2019-08-09 18:00:00,0.0,0.0,0.0,0.0
955,2019-08-09 19:00:00,305.3666666666667,310.4824561403509,0.0,0.0
956,2019-08-09 20:00:00,0.0,0.0,0.0,0.0
957,2019-08-09 21:00:00,0.0,0.0,0.0,0.0
958,2019-08-09 22:00:00,0.0,0.0,0.0,0.0
959,2019-08-09 23:00:00,0.0,0.0,0.0,0.0
960,2019-08-10 00:00:00,0.0,0.0,0.0,0.0
961,2019-08-10 01:00:00,0.0,0.0,0.0,0.0
962,2019-08-10 02:00:00,0.0,0.0,0.0,0.0
963,2019-08-10 03:00:00,0.0,0.0,0.0,0.0
964,2019-08-10 04:00:00,0.0,0.0,0.0,0.0
965,2019-08-10 05:00:00,0.0,0.0,0.0,0.0
966,2019-08-10 06:00:00,0.0,335.57142857142856,0.0,0.0
967,2019-08-10 07:00:00,0.0,0.0,0.0,0.0
968,2019-08-10 08:00:00,0.0,333.6,0.0,0.0
969,2019-08-10 09:00:00,0.0,0.0,0.0,0.0
970,2019-08-10 10:00:00,0.0,0.0,0.0,0.0
971,2019-08-10 11:00:00,0.0,0.0,0.0,0.0
972,2019-08-10 12:00:00,0.0,0.0,0.0,0.0
973,2019-08-10 13:00:00,0.0,0.0,0.0,0.0
974,2019-08-10 14:00:00,0.0,0.0,0.0,0.0
975,2019-08-10 15:00:00,0.0,0.0,0.0,0.0
976,2019-08-10 16:00:00,0.0,0.0,0.0,0.0
977,2019-08-10 17:00:00,0.0,0.0,0.0,0.0
978,2019-08-10 18:00:00,0.0,0.0,0.0,0.0
979,2019-08-10 19:00:00,0.0,302.05882352941177,0.0,0.0
980,2019-08-10 20:00:00,0.0,0.0,0.0,0.0
981,2019-08-10 21:00:00,0.0,300.15,300.5,311.0
982,2019-08-10 22:00:00,0.0,0.0,0.0,0.0
983,2019-08-10 23:00:00,0.0,0.0,0.0,0.0
984,2019-08-11 00:00:00,0.0,0.0,0.0,0.0
985,2019-08-11 01:00:00,0.0,0.0,0.0,0.0
986,2019-08-11 02:00:00,0.0,0.0,0.0,0.0
987,2019-08-11 03:00:00,0.0,0.0,0.0,0.0
988,2019-08-11 04:00:00,0.0,0.0,0.0,0.0
989,2019-08-11 05:00:00,0.0,0.0,0.0,0.0
990,2019-08-11 06:00:00,0.0,335.23333333333335,0.0,0.0
991,2019-08-11 07:00:00,0.0,0.0,0.0,0.0
992,2019-08-11 08:00:00,0.0,336.4333333333333,332.6,330.4
993,2019-08-11 09:00:00,0.0,0.0,0.0,0.0
994,2019-08-11 10:00:00,0.0,0.0,0.0,0.0
995,2019-08-11 11:00:00,0.0,0.0,0.0,0.0
996,2019-08-11 12:00:00,0.0,0.0,0.0,0.0
997,2019-08-11 13:00:00,0.0,0.0,0.0,0.0
998,2019-08-11 14:00:00,0.0,0.0,0.0,0.0
999,2019-08-11 15:00:00,0.0,0.0,0.0,0.0
1000,2019-08-11 16:00:00,0.0,0.0,0.0,0.0
1001,2019-08-11 17:00:00,0.0,0.0,0.0,0.0
1002,2019-08-11 18:00:00,0.0,0.0,0.0,0.0
1003,2019-08-11 19:00:00,0.0,309.3,0.0,0.0
1004,2019-08-11 20:00:00,0.0,298.3,313.86,308.0
1005,2019-08-11 21:00:00,0.0,0.0,0.0,0.0
1006,2019-08-11 22:00:00,0.0,0.0,0.0,0.0
1007,2019-08-11 23:00:00,0.0,0.0,0.0,0.0
1008,2019-08-12 00:00:00,0.0,0.0,0.0,0.0
1009,2019-08-12 01:00:00,0.0,0.0,0.0,0.0
1010,2019-08-12 02:00:00,0.0,0.0,0.0,0.0
1011,2019-08-12 03:00:00,0.0,0.0,0.0,0.0
1012,2019-08-12 04:00:00,0.0,0.0,0.0,0.0
1013,2019-08-12 05:00:00,0.0,0.0,0.0,0.0
1014,2019-08-12 06:00:00,0.0,339.3333333333333,0.0,0.0
1015,2019-08-12 07:00:00,0.0,338.3,0.0,0.0
1016,2019-08-12 08:00:00,0.0,344.9,333.72,0.0
1017,2019-08-12 09:00:00,0.0,0.0,0.0,0.0
1018,2019-08-12 10:00:00,0.0,0.0,0.0,0.0
1019,2019-08-12 11:00:00,0.0,0.0,0.0,0.0
1020,2019-08-12 12:00:00,0.0,0.0,0.0,0.0
1021,2019-08-12 13:00:00,0.0,0.0,0.0,0.0
1022,2019-08-12 14:00:00,0.0,0.0,0.0,0.0
1023,2019-08-12 15:00:00,0.0,0.0,0.0,0.0
1024,2019-08-12 16:00:00,0.0,0.0,0.0,0.0
1025,2019-08-12 17:00:00,0.0,0.0,0.0,0.0
1026,2019-08-12 18:00:00,0.0,307.44000000000005,0.0,0.0
1027,2019-08-12 19:00:00,0.0,0.0,0.0,0.0
1028,2019-08-12 20:00:00,0.0,303.375,316.27777777777777,306.0
1029,2019-08-12 21:00:00,0.0,0.0,0.0,0.0
1030,2019-08-12 22:00:00,0.0,0.0,0.0,0.0
1031,2019-08-12 23:00:00,0.0,0.0,0.0,0.0
1032,2019-08-13 00:00:00,0.0,0.0,0.0,0.0
1033,2019-08-13 01:00:00,0.0,0.0,0.0,0.0
1034,2019-08-13 02:00:00,0.0,0.0,0.0,0.0
1035,2019-08-13 03:00:00,0.0,0.0,0.0,0.0
1036,2019-08-13 04:00:00,0.0,0.0,0.0,0.0
1037,2019-08-13 05:00:00,0.0,0.0,0.0,0.0
1038,2019-08-13 06:00:00,0.0,329.3,0.0,0.0
1039,2019-08-13 07:00:00,0.0,332.525,0.0,0.0
1040,2019-08-13 08:00:00,0.0,0.0,0.0,0.0
1041,2019-08-13 09:00:00,0.0,0.0,0.0,0.0
1042,2019-08-13 10:00:00,0.0,0.0,0.0,0.0
1043,2019-08-13 11:00:00,0.0,0.0,0.0,0.0
1044,2019-08-13 12:00:00,0.0,0.0,0.0,0.0
1045,2019-08-13 13:00:00,0.0,0.0,0.0,0.0
1046,2019-08-13 14:00:00,0.0,0.0,0.0,0.0
1047,2019-08-13 15:00:00,0.0,0.0,0.0,0.0
1048,2019-08-13 16:00:00,0.0,0.0,0.0,0.0
1049,2019-08-13 17:00:00,0.0,0.0,0.0,0.0
1050,2019-08-13 18:00:00,0.0,0.0,0.0,0.0
1051,2019-08-13 19:00:00,0.0,0.0,0.0,0.0
1052,2019-08-13 20:00:00,0.0,306.125,0.0,0.0
1053,2019-08-13 21:00:00,0.0,0.0,304.4,0.0
1054,2019-08-13 22:00:00,0.0,0.0,0.0,0.0
1055,2019-08-13 23:00:00,0.0,0.0,0.0,0.0
1056,2019-08-14 00:00:00,0.0,0.0,0.0,0.0
1057,2019-08-14 01:00:00,0.0,0.0,0.0,0.0
1058,2019-08-14 02:00:00,0.0,0.0,0.0,0.0
1059,2019-08-14 03:00:00,0.0,0.0,0.0,0.0
1060,2019-08-14 04:00:00,0.0,0.0,0.0,0.0
1061,2019-08-14 05:00:00,0.0,0.0,0.0,0.0
1062,2019-08-14 06:00:00,0.0,0.0,0.0,0.0
1063,2019-08-14 07:00:00,0.0,332.7,0.0,0.0
1064,2019-08-14 08:00:00,0.0,0.0,0.0,0.0
1065,2019-08-14 09:00:00,0.0,0.0,0.0,0.0
1066,2019-08-14 10:00:00,0.0,0.0,0.0,0.0
1067,2019-08-14 11:00:00,0.0,0.0,0.0,0.0
1068,2019-08-14 12:00:00,0.0,0.0,0.0,0.0
1069,2019-08-14 13:00:00,0.0,0.0,0.0,0.0
1070,2019-08-14 14:00:00,0.0,0.0,0.0,0.0
1071,2019-08-14 15:00:00,0.0,0.0,0.0,0.0
1072,2019-08-14 16:00:00,0.0,0.0,0.0,0.0
1073,2019-08-14 17:00:00,0.0,0.0,0.0,0.0
1074,2019-08-14 18:00:00,0.0,0.0,0.0,0.0
1075,2019-08-14 19:00:00,0.0,306.0,0.0,0.0
1076,2019-08-14 20:00:00,0.0,0.0,0.0,0.0
1077,2019-08-14 21:00:00,0.0,0.0,0.0,0.0
1078,2019-08-14 22:00:00,0.0,0.0,0.0,0.0
1079,2019-08-14 23:00:00,0.0,0.0,0.0,0.0
1080,2019-08-15 00:00:00,0.0,0.0,0.0,0.0
1081,2019-08-15 01:00:00,0.0,0.0,0.0,0.0
1082,2019-08-15 02:00:00,0.0,0.0,0.0,0.0
1083,2019-08-15 03:00:00,0.0,0.0,0.0,0.0
1084,2019-08-15 04:00:00,0.0,0.0,0.0,0.0
1085,2019-08-15 05:00:00,0.0,0.0,0.0,0.0
1086,2019-08-15 06:00:00,0.0,0.0,0.0,0.0
1087,2019-08-15 07:00:00,0.0,341.6,0.0,0.0
1088,2019-08-15 08:00:00,0.0,350.28333333333336,0.0,0.0
1089,2019-08-15 09:00:00,0.0,0.0,0.0,0.0
1090,2019-08-15 10:00:00,0.0,0.0,0.0,0.0
1091,2019-08-15 11:00:00,0.0,0.0,0.0,0.0
1092,2019-08-15 12:00:00,0.0,0.0,0.0,0.0
1093,2019-08-15 13:00:00,0.0,0.0,0.0,0.0
1094,2019-08-15 14:00:00,0.0,0.0,0.0,0.0
1095,2019-08-15 15:00:00,0.0,0.0,0.0,0.0
1096,2019-08-15 16:00:00,0.0,0.0,0.0,0.0
1097,2019-08-15 17:00:00,0.0,0.0,0.0,0.0
1098,2019-08-15 18:00:00,0.0,0.0,0.0,0.0
1099,2019-08-15 19:00:00,0.0,309.21538461538455,0.0,0.0
1100,2019-08-15 20:00:00,0.0,0.0,0.0,0.0
1101,2019-08-15 21:00:00,0.0,298.0,0.0,0.0
1102,2019-08-15 22:00:00,0.0,0.0,0.0,0.0
1103,2019-08-15 23:00:00,0.0,0.0,0.0,0.0
1104,2019-08-16 00:00:00,0.0,0.0,0.0,0.0
1105,2019-08-16 01:00:00,0.0,0.0,0.0,0.0
1106,2019-08-16 02:00:00,0.0,0.0,0.0,0.0
1107,2019-08-16 03:00:00,0.0,0.0,0.0,0.0
1108,2019-08-16 04:00:00,0.0,0.0,0.0,0.0
1109,2019-08-16 05:00:00,0.0,0.0,0.0,0.0
1110,2019-08-16 06:00:00,0.0,334.9,0.0,0.0
1111,2019-08-16 07:00:00,0.0,0.0,0.0,0.0
1112,2019-08-16 08:00:00,0.0,334.73333333333335,336.35,0.0
1113,2019-08-16 09:00:00,0.0,0.0,0.0,0.0
1114,2019-08-16 10:00:00,0.0,0.0,0.0,0.0
1115,2019-08-16 11:00:00,0.0,0.0,0.0,0.0
1116,2019-08-16 12:00:00,0.0,0.0,0.0,0.0
1117,2019-08-16 13:00:00,0.0,0.0,0.0,0.0
1118,2019-08-16 14:00:00,0.0,0.0,0.0,0.0
1119,2019-08-16 15:00:00,0.0,0.0,0.0,0.0
1120,2019-08-16 16:00:00,0.0,0.0,0.0,0.0
1121,2019-08-16 17:00:00,0.0,0.0,0.0,0.0
1122,2019-08-16 18:00:00,0.0,0.0,0.0,0.0
1123,2019-08-16 19:00:00,0.0,309.7,0.0,0.0
1124,2019-08-16 20:00:00,0.0,300.6333333333333,330.1,0.0
1125,2019-08-16 21:00:00,0.0,0.0,0.0,0.0
1126,2019-08-16 22:00:00,0.0,0.0,0.0,0.0
1127,2019-08-16 23:00:00,0.0,0.0,0.0,0.0
1128,2019-08-17 00:00:00,0.0,0.0,0.0,0.0
1129,2019-08-17 01:00:00,0.0,0.0,0.0,0.0
1130,2019-08-17 02:00:00,0.0,0.0,0.0,0.0
1131,2019-08-17 03:00:00,0.0,0.0,0.0,0.0
1132,2019-08-17 04:00:00,0.0,0.0,0.0,0.0
1133,2019-08-17 05:00:00,0.0,0.0,0.0,0.0
1134,2019-08-17 06:00:00,0.0,330.7,0.0,0.0
1135,2019-08-17 07:00:00,0.0,0.0,0.0,0.0
1136,2019-08-17 08:00:00,0.0,334.8666666666667,342.25,0.0
1137,2019-08-17 09:00:00,0.0,0.0,0.0,0.0
1138,2019-08-17 10:00:00,0.0,0.0,0.0,0.0
1139,2019-08-17 11:00:00,0.0,0.0,0.0,0.0
1140,2019-08-17 12:00:00,0.0,0.0,0.0,0.0
1141,2019-08-17 13:00:00,0.0,0.0,0.0,0.0
1142,2019-08-17 14:00:00,0.0,0.0,0.0,0.0
1143,2019-08-17 15:00:00,0.0,0.0,0.0,0.0
1144,2019-08-17 16:00:00,0.0,0.0,0.0,0.0
1145,2019-08-17 17:00:00,0.0,0.0,0.0,0.0
1146,2019-08-17 18:00:00,0.0,0.0,0.0,0.0
1147,2019-08-17 19:00:00,0.0,0.0,0.0,0.0
1148,2019-08-17 20:00:00,0.0,305.7538461538462,309.2888888888889,0.0
1149,2019-08-17 21:00:00,0.0,0.0,0.0,0.0
1150,2019-08-17 22:00:00,0.0,0.0,0.0,0.0
1151,2019-08-17 23:00:00,0.0,0.0,0.0,0.0
1152,2019-08-18 00:00:00,0.0,0.0,0.0,0.0
1153,2019-08-18 01:00:00,0.0,0.0,0.0,0.0
1154,2019-08-18 02:00:00,0.0,0.0,0.0,0.0
1155,2019-08-18 03:00:00,0.0,0.0,0.0,0.0
1156,2019-08-18 04:00:00,0.0,0.0,0.0,0.0
1157,2019-08-18 05:00:00,0.0,0.0,0.0,0.0
1158,2019-08-18 06:00:00,0.0,0.0,0.0,0.0
1159,2019-08-18 07:00:00,0.0,0.0,0.0,0.0
1160,2019-08-18 08:00:00,0.0,0.0,0.0,0.0
1161,2019-08-18 09:00:00,0.0,0.0,0.0,0.0
1162,2019-08-18 10:00:00,0.0,0.0,0.0,0.0
1163,2019-08-18 11:00:00,0.0,0.0,0.0,0.0
1164,2019-08-18 12:00:00,0.0,0.0,0.0,0.0
1165,2019-08-18 13:00:00,0.0,0.0,0.0,0.0
1166,2019-08-18 14:00:00,0.0,0.0,0.0,0.0
1167,2019-08-18 15:00:00,0.0,0.0,0.0,0.0
1168,2019-08-18 16:00:00,0.0,0.0,0.0,0.0
1169,2019-08-18 17:00:00,0.0,0.0,0.0,0.0
1170,2019-08-18 18:00:00,0.0,0.0,0.0,0.0
1171,2019-08-18 19:00:00,0.0,0.0,0.0,0.0
1172,2019-08-18 20:00:00,0.0,307.84000000000003,312.5111111111111,306.3
1173,2019-08-18 21:00:00,0.0,0.0,0.0,0.0
1174,2019-08-18 22:00:00,0.0,0.0,0.0,0.0
1175,2019-08-18 23:00:00,0.0,0.0,0.0,0.0
1176,2019-08-19 00:00:00,0.0,0.0,0.0,0.0
1177,2019-08-19 01:00:00,0.0,0.0,0.0,0.0
1178,2019-08-19 02:00:00,0.0,0.0,0.0,0.0
1179,2019-08-19 03:00:00,0.0,0.0,0.0,0.0
1180,2019-08-19 04:00:00,0.0,0.0,0.0,0.0
1181,2019-08-19 05:00:00,0.0,0.0,0.0,0.0
1182,2019-08-19 06:00:00,0.0,0.0,0.0,0.0
1183,2019-08-19 07:00:00,0.0,338.81538461538463,0.0,0.0
1184,2019-08-19 08:00:00,0.0,0.0,0.0,0.0
1185,2019-08-19 09:00:00,0.0,0.0,0.0,0.0
1186,2019-08-19 10:00:00,0.0,0.0,0.0,0.0
1187,2019-08-19 11:00:00,0.0,0.0,0.0,0.0
1188,2019-08-19 12:00:00,0.0,0.0,0.0,0.0
1189,2019-08-19 13:00:00,0.0,0.0,0.0,0.0
1190,2019-08-19 14:00:00,0.0,0.0,0.0,0.0
1191,2019-08-19 15:00:00,0.0,0.0,0.0,0.0
1192,2019-08-19 16:00:00,0.0,0.0,0.0,0.0
1193,2019-08-19 17:00:00,0.0,0.0,0.0,0.0
1194,2019-08-19 18:00:00,0.0,0.0,0.0,0.0
1195,2019-08-19 19:00:00,0.0,314.1473684210525,307.93333333333334,0.0
1196,2019-08-19 20:00:00,0.0,0.0,0.0,0.0
1197,2019-08-19 21:00:00,0.0,0.0,306.3666666666667,0.0
1198,2019-08-19 22:00:00,0.0,0.0,0.0,0.0
1199,2019-08-19 23:00:00,0.0,0.0,0.0,0.0
1200,2019-08-20 00:00:00,0.0,0.0,0.0,0.0
1201,2019-08-20 01:00:00,0.0,0.0,0.0,0.0
1202,2019-08-20 02:00:00,0.0,0.0,0.0,0.0
1203,2019-08-20 03:00:00,0.0,0.0,0.0,0.0
1204,2019-08-20 04:00:00,0.0,0.0,0.0,0.0
1205,2019-08-20 05:00:00,0.0,0.0,0.0,0.0
1206,2019-08-20 06:00:00,0.0,0.0,0.0,0.0
1207,2019-08-20 07:00:00,0.0,335.44444444444446,0.0,0.0
1208,2019-08-20 08:00:00,0.0,331.7,339.5,0.0
1209,2019-08-20 09:00:00,0.0,0.0,0.0,0.0
1210,2019-08-20 10:00:00,0.0,0.0,0.0,0.0
1211,2019-08-20 11:00:00,0.0,0.0,0.0,0.0
1212,2019-08-20 12:00:00,0.0,0.0,0.0,0.0
1213,2019-08-20 13:00:00,0.0,0.0,0.0,0.0
1214,2019-08-20 14:00:00,0.0,0.0,0.0,0.0
1215,2019-08-20 15:00:00,0.0,0.0,0.0,0.0
1216,2019-08-20 16:00:00,0.0,0.0,0.0,0.0
1217,2019-08-20 17:00:00,0.0,0.0,0.0,0.0
1218,2019-08-20 18:00:00,0.0,0.0,0.0,0.0
1219,2019-08-20 19:00:00,0.0,305.7636363636363,0.0,315.4
1220,2019-08-20 20:00:00,0.0,0.0,0.0,0.0
1221,2019-08-20 21:00:00,0.0,0.0,311.36153846153843,301.2
1222,2019-08-20 22:00:00,0.0,0.0,0.0,0.0
1223,2019-08-20 23:00:00,0.0,0.0,0.0,0.0
1224,2019-08-21 00:00:00,0.0,0.0,0.0,0.0
1225,2019-08-21 01:00:00,0.0,0.0,0.0,0.0
1226,2019-08-21 02:00:00,0.0,0.0,0.0,0.0
1227,2019-08-21 03:00:00,0.0,0.0,0.0,0.0
1228,2019-08-21 04:00:00,0.0,0.0,0.0,0.0
1229,2019-08-21 05:00:00,0.0,0.0,0.0,0.0
1230,2019-08-21 06:00:00,0.0,330.75,0.0,0.0
1231,2019-08-21 07:00:00,0.0,0.0,0.0,0.0
1232,2019-08-21 08:00:00,0.0,335.8,336.8,330.2
1233,2019-08-21 09:00:00,0.0,0.0,0.0,0.0
1234,2019-08-21 10:00:00,0.0,0.0,0.0,0.0
1235,2019-08-21 11:00:00,0.0,0.0,0.0,0.0
1236,2019-08-21 12:00:00,0.0,0.0,0.0,0.0
1237,2019-08-21 13:00:00,0.0,0.0,0.0,0.0
1238,2019-08-21 14:00:00,0.0,0.0,0.0,0.0
1239,2019-08-21 15:00:00,0.0,0.0,0.0,0.0
1240,2019-08-21 16:00:00,0.0,0.0,0.0,0.0
1241,2019-08-21 17:00:00,0.0,0.0,0.0,0.0
1242,2019-08-21 18:00:00,0.0,0.0,0.0,0.0
1243,2019-08-21 19:00:00,0.0,311.0,0.0,0.0
1244,2019-08-21 20:00:00,0.0,301.64444444444445,305.525,312.93333333333334
1245,2019-08-21 21:00:00,0.0,306.29999999999995,313.25384615384615,0.0
1246,2019-08-21 22:00:00,0.0,0.0,0.0,0.0
1247,2019-08-21 23:00:00,0.0,0.0,0.0,0.0
1248,2019-08-22 00:00:00,0.0,0.0,0.0,0.0
1249,2019-08-22 01:00:00,0.0,0.0,0.0,0.0
1250,2019-08-22 02:00:00,0.0,0.0,0.0,0.0
1251,2019-08-22 03:00:00,0.0,0.0,0.0,0.0
1252,2019-08-22 04:00:00,0.0,0.0,0.0,0.0
1253,2019-08-22 05:00:00,0.0,0.0,0.0,0.0
1254,2019-08-22 06:00:00,0.0,333.4,0.0,0.0
1255,2019-08-22 07:00:00,0.0,0.0,0.0,0.0
1256,2019-08-22 08:00:00,0.0,333.25,332.35,337.9
1257,2019-08-22 09:00:00,0.0,0.0,0.0,0.0
1258,2019-08-22 10:00:00,0.0,0.0,0.0,0.0
1259,2019-08-22 11:00:00,0.0,0.0,0.0,0.0
1260,2019-08-22 12:00:00,0.0,0.0,0.0,0.0
1261,2019-08-22 13:00:00,0.0,0.0,0.0,0.0
1262,2019-08-22 14:00:00,0.0,0.0,0.0,0.0
1263,2019-08-22 15:00:00,0.0,0.0,0.0,0.0
1264,2019-08-22 16:00:00,0.0,0.0,0.0,0.0
1265,2019-08-22 17:00:00,0.0,0.0,0.0,0.0
1266,2019-08-22 18:00:00,0.0,0.0,0.0,0.0
1267,2019-08-22 19:00:00,0.0,298.7,0.0,0.0
1268,2019-08-22 20:00:00,0.0,301.99999999999994,314.4615384615385,313.22499999999997
1269,2019-08-22 21:00:00,0.0,0.0,0.0,0.0
1270,2019-08-22 22:00:00,0.0,0.0,0.0,0.0
1271,2019-08-22 23:00:00,0.0,0.0,0.0,0.0
1272,2019-08-23 00:00:00,0.0,0.0,0.0,0.0
1273,2019-08-23 01:00:00,0.0,0.0,0.0,0.0
1274,2019-08-23 02:00:00,0.0,0.0,0.0,0.0
1275,2019-08-23 03:00:00,0.0,0.0,0.0,0.0
1276,2019-08-23 04:00:00,0.0,0.0,0.0,0.0
1277,2019-08-23 05:00:00,0.0,0.0,0.0,0.0
1278,2019-08-23 06:00:00,0.0,0.0,0.0,0.0
1279,2019-08-23 07:00:00,330.3,329.0,336.05,333.2
1280,2019-08-23 08:00:00,0.0,0.0,0.0,0.0
1281,2019-08-23 09:00:00,0.0,0.0,0.0,0.0
1282,2019-08-23 10:00:00,0.0,0.0,0.0,0.0
1283,2019-08-23 11:00:00,0.0,0.0,0.0,0.0
1284,2019-08-23 12:00:00,0.0,0.0,0.0,0.0
1285,2019-08-23 13:00:00,0.0,0.0,0.0,0.0
1286,2019-08-23 14:00:00,0.0,0.0,0.0,0.0
1287,2019-08-23 15:00:00,0.0,0.0,0.0,0.0
1288,2019-08-23 16:00:00,0.0,0.0,0.0,0.0
1289,2019-08-23 17:00:00,0.0,0.0,0.0,0.0
1290,2019-08-23 18:00:00,0.0,0.0,0.0,0.0
1291,2019-08-23 19:00:00,0.0,0.0,0.0,0.0
1292,2019-08-23 20:00:00,297.1,302.21666666666664,312.3833333333334,303.6
1293,2019-08-23 21:00:00,0.0,0.0,0.0,0.0
1294,2019-08-23 22:00:00,0.0,0.0,0.0,0.0
1295,2019-08-23 23:00:00,0.0,0.0,0.0,0.0
1296,2019-08-24 00:00:00,0.0,0.0,0.0,0.0
1297,2019-08-24 01:00:00,0.0,0.0,0.0,0.0
1298,2019-08-24 02:00:00,0.0,0.0,0.0,0.0
1299,2019-08-24 03:00:00,0.0,0.0,0.0,0.0
1300,2019-08-24 04:00:00,0.0,0.0,0.0,0.0
1301,2019-08-24 05:00:00,0.0,332.8,0.0,0.0
1302,2019-08-24 06:00:00,0.0,0.0,0.0,0.0
1303,2019-08-24 07:00:00,0.0,338.7,339.6,331.4
1304,2019-08-24 08:00:00,0.0,0.0,0.0,0.0
1305,2019-08-24 09:00:00,0.0,0.0,0.0,0.0
1306,2019-08-24 10:00:00,0.0,0.0,0.0,0.0
1307,2019-08-24 11:00:00,0.0,0.0,0.0,0.0
1308,2019-08-24 12:00:00,0.0,0.0,0.0,0.0
1309,2019-08-24 13:00:00,0.0,0.0,0.0,0.0
1310,2019-08-24 14:00:00,0.0,0.0,0.0,0.0
1311,2019-08-24 15:00:00,0.0,0.0,0.0,0.0
1312,2019-08-24 16:00:00,0.0,0.0,0.0,0.0
1313,2019-08-24 17:00:00,0.0,0.0,0.0,0.0
1314,2019-08-24 18:00:00,0.0,0.0,0.0,0.0
1315,2019-08-24 19:00:00,0.0,0.0,0.0,0.0
1316,2019-08-24 20:00:00,0.0,305.4625,299.4,0.0
1317,2019-08-24 21:00:00,0.0,0.0,301.7333333333333,0.0
1318,2019-08-24 22:00:00,0.0,0.0,0.0,0.0
1319,2019-08-24 23:00:00,0.0,0.0,0.0,0.0
1320,2019-08-25 00:00:00,0.0,0.0,0.0,0.0
1321,2019-08-25 01:00:00,0.0,0.0,0.0,0.0
1322,2019-08-25 02:00:00,0.0,0.0,0.0,0.0
1323,2019-08-25 03:00:00,0.0,0.0,0.0,0.0
1324,2019-08-25 04:00:00,0.0,0.0,0.0,0.0
1325,2019-08-25 05:00:00,0.0,0.0,0.0,0.0
1326,2019-08-25 06:00:00,0.0,0.0,0.0,0.0
1327,2019-08-25 07:00:00,0.0,339.46666666666664,337.3,0.0
1328,2019-08-25 08:00:00,0.0,0.0,333.4666666666667,0.0
1329,2019-08-25 09:00:00,0.0,0.0,0.0,0.0
1330,2019-08-25 10:00:00,0.0,0.0,0.0,0.0
1331,2019-08-25 11:00:00,0.0,0.0,0.0,0.0
1332,2019-08-25 12:00:00,0.0,0.0,0.0,0.0
1333,2019-08-25 13:00:00,0.0,0.0,0.0,0.0
1334,2019-08-25 14:00:00,0.0,0.0,0.0,0.0
1335,2019-08-25 15:00:00,0.0,0.0,0.0,0.0
1336,2019-08-25 16:00:00,0.0,0.0,0.0,0.0
1337,2019-08-25 17:00:00,0.0,0.0,0.0,0.0
1338,2019-08-25 18:00:00,0.0,0.0,0.0,0.0
1339,2019-08-25 19:00:00,0.0,312.35256410256403,0.0,0.0
1340,2019-08-25 20:00:00,0.0,0.0,0.0,0.0
1341,2019-08-25 21:00:00,0.0,0.0,308.26666666666665,0.0
1342,2019-08-25 22:00:00,0.0,0.0,0.0,0.0
1343,2019-08-25 23:00:00,0.0,0.0,0.0,0.0
1344,2019-08-26 00:00:00,0.0,0.0,0.0,0.0
1345,2019-08-26 01:00:00,0.0,0.0,0.0,0.0
1346,2019-08-26 02:00:00,0.0,0.0,0.0,0.0
1347,2019-08-26 03:00:00,0.0,0.0,0.0,0.0
1348,2019-08-26 04:00:00,0.0,0.0,0.0,0.0
1349,2019-08-26 05:00:00,0.0,0.0,0.0,0.0
1350,2019-08-26 06:00:00,0.0,333.29999999999995,0.0,0.0
1351,2019-08-26 07:00:00,0.0,0.0,0.0,0.0
1352,2019-08-26 08:00:00,0.0,333.25,336.0,0.0
1353,2019-08-26 09:00:00,0.0,0.0,0.0,0.0
1354,2019-08-26 10:00:00,0.0,0.0,0.0,0.0
1355,2019-08-26 11:00:00,0.0,0.0,0.0,0.0
1356,2019-08-26 12:00:00,0.0,0.0,0.0,0.0
1357,2019-08-26 13:00:00,0.0,0.0,0.0,0.0
1358,2019-08-26 14:00:00,0.0,0.0,0.0,0.0
1359,2019-08-26 15:00:00,0.0,0.0,0.0,0.0
1360,2019-08-26 16:00:00,0.0,0.0,0.0,0.0
1361,2019-08-26 17:00:00,0.0,0.0,0.0,0.0
1362,2019-08-26 18:00:00,0.0,0.0,0.0,0.0
1363,2019-08-26 19:00:00,0.0,310.0,0.0,0.0
1364,2019-08-26 20:00:00,0.0,0.0,0.0,0.0
1365,2019-08-26 21:00:00,0.0,0.0,306.8,305.9
1366,2019-08-26 22:00:00,0.0,0.0,0.0,0.0
1367,2019-08-26 23:00:00,0.0,0.0,0.0,0.0
1368,2019-08-27 00:00:00,0.0,0.0,0.0,0.0
1369,2019-08-27 01:00:00,0.0,0.0,0.0,0.0
1370,2019-08-27 02:00:00,0.0,0.0,0.0,0.0
1371,2019-08-27 03:00:00,0.0,0.0,0.0,0.0
1372,2019-08-27 04:00:00,0.0,0.0,0.0,0.0
1373,2019-08-27 05:00:00,0.0,0.0,0.0,0.0
1374,2019-08-27 06:00:00,0.0,341.05,0.0,0.0
1375,2019-08-27 07:00:00,0.0,0.0,0.0,0.0
1376,2019-08-27 08:00:00,0.0,337.5692307692308,340.4,0.0
1377,2019-08-27 09:00:00,0.0,0.0,0.0,0.0
1378,2019-08-27 10:00:00,0.0,0.0,0.0,0.0
1379,2019-08-27 11:00:00,0.0,0.0,0.0,0.0
1380,2019-08-27 12:00:00,0.0,0.0,0.0,0.0
1381,2019-08-27 13:00:00,0.0,0.0,0.0,0.0
1382,2019-08-27 14:00:00,0.0,0.0,0.0,0.0
1383,2019-08-27 15:00:00,0.0,0.0,0.0,0.0
1384,2019-08-27 16:00:00,0.0,0.0,0.0,0.0
1385,2019-08-27 17:00:00,0.0,0.0,0.0,0.0
1386,2019-08-27 18:00:00,0.0,0.0,0.0,0.0
1387,2019-08-27 19:00:00,0.0,304.0153846153846,0.0,0.0
1388,2019-08-27 20:00:00,0.0,305.80555555555554,306.7714285714286,306.96666666666664
1389,2019-08-27 21:00:00,0.0,0.0,0.0,0.0
1390,2019-08-27 22:00:00,0.0,0.0,0.0,0.0
1391,2019-08-27 23:00:00,0.0,0.0,0.0,0.0
1392,2019-08-28 00:00:00,0.0,0.0,0.0,0.0
1393,2019-08-28 01:00:00,0.0,0.0,0.0,0.0
1394,2019-08-28 02:00:00,0.0,0.0,0.0,0.0
1395,2019-08-28 03:00:00,0.0,0.0,0.0,0.0
1396,2019-08-28 04:00:00,0.0,0.0,0.0,0.0
1397,2019-08-28 05:00:00,0.0,0.0,0.0,0.0
1398,2019-08-28 06:00:00,0.0,0.0,0.0,0.0
1399,2019-08-28 07:00:00,0.0,336.43999999999994,338.6333333333333,0.0
1400,2019-08-28 08:00:00,0.0,0.0,0.0,0.0
1401,2019-08-28 09:00:00,0.0,0.0,0.0,0.0
1402,2019-08-28 10:00:00,0.0,0.0,0.0,0.0
1403,2019-08-28 11:00:00,0.0,0.0,0.0,0.0
1404,2019-08-28 12:00:00,0.0,0.0,0.0,0.0
1405,2019-08-28 13:00:00,0.0,0.0,0.0,0.0
1406,2019-08-28 14:00:00,0.0,0.0,0.0,0.0
1407,2019-08-28 15:00:00,0.0,0.0,0.0,0.0
1408,2019-08-28 16:00:00,0.0,0.0,0.0,0.0
1409,2019-08-28 17:00:00,0.0,0.0,0.0,0.0
1410,2019-08-28 18:00:00,0.0,299.5333333333333,0.0,0.0
1411,2019-08-28 19:00:00,0.0,0.0,0.0,0.0
1412,2019-08-28 20:00:00,0.0,316.925,309.525,298.8
1413,2019-08-28 21:00:00,0.0,0.0,0.0,0.0
1414,2019-08-28 22:00:00,0.0,0.0,0.0,0.0
1415,2019-08-28 23:00:00,0.0,0.0,0.0,0.0
1416,2019-08-29 00:00:00,0.0,0.0,0.0,0.0
1417,2019-08-29 01:00:00,0.0,0.0,0.0,0.0
1418,2019-08-29 02:00:00,0.0,0.0,0.0,0.0
1419,2019-08-29 03:00:00,0.0,0.0,0.0,0.0
1420,2019-08-29 04:00:00,0.0,0.0,0.0,0.0
1421,2019-08-29 05:00:00,0.0,0.0,0.0,0.0
1422,2019-08-29 06:00:00,0.0,0.0,0.0,0.0
1423,2019-08-29 07:00:00,0.0,335.04545454545456,336.2,0.0
1424,2019-08-29 08:00:00,0.0,0.0,0.0,0.0
1425,2019-08-29 09:00:00,0.0,0.0,0.0,0.0
1426,2019-08-29 10:00:00,0.0,0.0,0.0,0.0
1427,2019-08-29 11:00:00,0.0,0.0,0.0,0.0
1428,2019-08-29 12:00:00,0.0,0.0,0.0,0.0
1429,2019-08-29 13:00:00,0.0,0.0,0.0,0.0
1430,2019-08-29 14:00:00,0.0,0.0,0.0,0.0
1431,2019-08-29 15:00:00,0.0,0.0,0.0,0.0
1432,2019-08-29 16:00:00,0.0,0.0,0.0,0.0
1433,2019-08-29 17:00:00,0.0,0.0,0.0,0.0
1434,2019-08-29 18:00:00,0.0,0.0,0.0,0.0
1435,2019-08-29 19:00:00,0.0,0.0,0.0,0.0
1436,2019-08-29 20:00:00,0.0,310.4217391304348,311.66666666666663,0.0
1437,2019-08-29 21:00:00,0.0,0.0,304.8,0.0
1438,2019-08-29 22:00:00,0.0,0.0,0.0,0.0
1439,2019-08-29 23:00:00,0.0,0.0,0.0,0.0
1440,2019-08-30 00:00:00,0.0,0.0,0.0,0.0
1441,2019-08-30 01:00:00,0.0,0.0,0.0,0.0
1442,2019-08-30 02:00:00,0.0,0.0,0.0,0.0
1443,2019-08-30 03:00:00,0.0,0.0,0.0,0.0
1444,2019-08-30 04:00:00,0.0,0.0,0.0,0.0
1445,2019-08-30 05:00:00,0.0,0.0,0.0,0.0
1446,2019-08-30 06:00:00,0.0,0.0,0.0,0.0
1447,2019-08-30 07:00:00,0.0,336.12413793103445,0.0,328.7
1448,2019-08-30 08:00:00,0.0,0.0,0.0,0.0
1449,2019-08-30 09:00:00,0.0,0.0,336.2,0.0
1450,2019-08-30 10:00:00,0.0,0.0,0.0,0.0
1451,2019-08-30 11:00:00,0.0,0.0,0.0,0.0
1452,2019-08-30 12:00:00,0.0,0.0,0.0,0.0
1453,2019-08-30 13:00:00,0.0,0.0,0.0,0.0
1454,2019-08-30 14:00:00,0.0,0.0,0.0,0.0
1455,2019-08-30 15:00:00,0.0,0.0,0.0,0.0
1456,2019-08-30 16:00:00,0.0,0.0,0.0,0.0
1457,2019-08-30 17:00:00,0.0,0.0,0.0,0.0
1458,2019-08-30 18:00:00,0.0,0.0,0.0,0.0
1459,2019-08-30 19:00:00,0.0,310.69604519774026,0.0,315.0
1460,2019-08-30 20:00:00,0.0,0.0,0.0,0.0
1461,2019-08-30 21:00:00,0.0,0.0,302.2,301.0
1462,2019-08-30 22:00:00,0.0,0.0,0.0,0.0
1463,2019-08-30 23:00:00,0.0,0.0,0.0,0.0
1464,2019-08-31 00:00:00,0.0,0.0,0.0,0.0
1465,2019-08-31 01:00:00,0.0,0.0,0.0,0.0
1466,2019-08-31 02:00:00,0.0,0.0,0.0,0.0
1467,2019-08-31 03:00:00,0.0,0.0,0.0,0.0
1468,2019-08-31 04:00:00,0.0,0.0,0.0,0.0
1469,2019-08-31 05:00:00,0.0,0.0,0.0,0.0
1470,2019-08-31 06:00:00,0.0,0.0,0.0,0.0
1471,2019-08-31 07:00:00,0.0,328.7,0.0,0.0
1472,2019-08-31 08:00:00,0.0,0.0,343.7,0.0
1473,2019-08-31 09:00:00,0.0,0.0,0.0,0.0
1474,2019-08-31 10:00:00,0.0,0.0,0.0,0.0
1475,2019-08-31 11:00:00,0.0,0.0,0.0,0.0
1476,2019-08-31 12:00:00,0.0,0.0,0.0,0.0
1477,2019-08-31 13:00:00,0.0,0.0,0.0,0.0
1478,2019-08-31 14:00:00,0.0,0.0,0.0,0.0
1479,2019-08-31 15:00:00,0.0,0.0,0.0,0.0
1480,2019-08-31 16:00:00,0.0,0.0,0.0,0.0
1481,2019-08-31 17:00:00,0.0,0.0,0.0,0.0
1482,2019-08-31 18:00:00,0.0,0.0,0.0,0.0
1483,2019-08-31 19:00:00,0.0,311.736170212766,0.0,0.0
1484,2019-08-31 20:00:00,0.0,0.0,0.0,0.0
1485,2019-08-31 21:00:00,0.0,302.20000000000005,312.55,299.4
1486,2019-08-31 22:00:00,0.0,0.0,0.0,0.0
1487,2019-08-31 23:00:00,0.0,0.0,0.0,0.0
1488,2019-09-01 00:00:00,0.0,0.0,0.0,0.0
1489,2019-09-01 01:00:00,0.0,0.0,0.0,0.0
1490,2019-09-01 02:00:00,0.0,0.0,0.0,0.0
1491,2019-09-01 03:00:00,0.0,0.0,0.0,0.0
1492,2019-09-01 04:00:00,0.0,0.0,0.0,0.0
1493,2019-09-01 05:00:00,0.0,0.0,0.0,0.0
1494,2019-09-01 06:00:00,0.0,335.03636363636366,0.0,0.0
1495,2019-09-01 07:00:00,0.0,0.0,0.0,0.0
1496,2019-09-01 08:00:00,0.0,340.6,0.0,0.0
1497,2019-09-01 09:00:00,0.0,0.0,0.0,0.0
1498,2019-09-01 10:00:00,0.0,0.0,0.0,0.0
1499,2019-09-01 11:00:00,0.0,0.0,0.0,0.0
1500,2019-09-01 12:00:00,0.0,0.0,0.0,0.0
1501,2019-09-01 13:00:00,0.0,0.0,0.0,0.0
1502,2019-09-01 14:00:00,0.0,0.0,0.0,0.0
1503,2019-09-01 15:00:00,0.0,0.0,0.0,0.0
1504,2019-09-01 16:00:00,0.0,0.0,0.0,0.0
1505,2019-09-01 17:00:00,0.0,0.0,0.0,0.0
1506,2019-09-01 18:00:00,0.0,0.0,0.0,0.0
1507,2019-09-01 19:00:00,0.0,310.4666666666667,0.0,0.0
1508,2019-09-01 20:00:00,0.0,300.33333333333337,302.7,303.25
1509,2019-09-01 21:00:00,0.0,0.0,0.0,0.0
1510,2019-09-01 22:00:00,0.0,0.0,0.0,0.0
1511,2019-09-01 23:00:00,0.0,0.0,0.0,0.0
1512,2019-09-02 00:00:00,0.0,0.0,0.0,0.0
1513,2019-09-02 01:00:00,0.0,0.0,0.0,0.0
1514,2019-09-02 02:00:00,0.0,0.0,0.0,0.0
1515,2019-09-02 03:00:00,0.0,0.0,0.0,0.0
1516,2019-09-02 04:00:00,0.0,0.0,0.0,0.0
1517,2019-09-02 05:00:00,0.0,0.0,0.0,0.0
1518,2019-09-02 06:00:00,0.0,331.5,0.0,0.0
1519,2019-09-02 07:00:00,0.0,0.0,0.0,0.0
1520,2019-09-02 08:00:00,0.0,332.5,0.0,346.7
1521,2019-09-02 09:00:00,0.0,0.0,0.0,0.0
1522,2019-09-02 10:00:00,0.0,0.0,0.0,0.0
1523,2019-09-02 11:00:00,0.0,0.0,0.0,0.0
1524,2019-09-02 12:00:00,0.0,0.0,0.0,0.0
1525,2019-09-02 13:00:00,0.0,0.0,0.0,0.0
1526,2019-09-02 14:00:00,0.0,0.0,0.0,0.0
1527,2019-09-02 15:00:00,0.0,0.0,0.0,0.0
1528,2019-09-02 16:00:00,0.0,0.0,0.0,0.0
1529,2019-09-02 17:00:00,0.0,0.0,0.0,0.0
1530,2019-09-02 18:00:00,0.0,300.1,0.0,0.0
1531,2019-09-02 19:00:00,0.0,0.0,0.0,0.0
1532,2019-09-02 20:00:00,309.3,308.3,310.51000000000005,317.8500000000001
1533,2019-09-02 21:00:00,0.0,0.0,0.0,0.0
1534,2019-09-02 22:00:00,0.0,0.0,0.0,0.0
1535,2019-09-02 23:00:00,0.0,0.0,0.0,0.0
1536,2019-09-03 00:00:00,0.0,0.0,0.0,0.0
1537,2019-09-03 01:00:00,0.0,0.0,0.0,0.0
1538,2019-09-03 02:00:00,0.0,0.0,0.0,0.0
1539,2019-09-03 03:00:00,0.0,0.0,0.0,0.0
1540,2019-09-03 04:00:00,0.0,0.0,0.0,0.0
1541,2019-09-03 05:00:00,0.0,0.0,0.0,0.0
1542,2019-09-03 06:00:00,0.0,325.9,0.0,0.0
1543,2019-09-03 07:00:00,330.4,330.70000000000005,336.8,333.8
1544,2019-09-03 08:00:00,0.0,0.0,0.0,0.0
1545,2019-09-03 09:00:00,0.0,0.0,0.0,0.0
1546,2019-09-03 10:00:00,0.0,0.0,0.0,0.0
1547,2019-09-03 11:00:00,0.0,0.0,0.0,0.0
1548,2019-09-03 12:00:00,0.0,0.0,0.0,0.0
1549,2019-09-03 13:00:00,0.0,0.0,0.0,0.0
1550,2019-09-03 14:00:00,0.0,0.0,0.0,0.0
1551,2019-09-03 15:00:00,0.0,0.0,0.0,0.0
1552,2019-09-03 16:00:00,0.0,0.0,0.0,0.0
1553,2019-09-03 17:00:00,0.0,0.0,0.0,0.0
1554,2019-09-03 18:00:00,0.0,304.56666666666666,0.0,0.0
1555,2019-09-03 19:00:00,0.0,0.0,0.0,0.0
1556,2019-09-03 20:00:00,0.0,304.75957446808513,0.0,325.3
1557,2019-09-03 21:00:00,0.0,0.0,0.0,0.0
1558,2019-09-03 22:00:00,0.0,0.0,0.0,0.0
1559,2019-09-03 23:00:00,0.0,0.0,0.0,0.0
1560,2019-09-04 00:00:00,0.0,0.0,0.0,0.0
1561,2019-09-04 01:00:00,0.0,0.0,0.0,0.0
1562,2019-09-04 02:00:00,0.0,0.0,0.0,0.0
1563,2019-09-04 03:00:00,0.0,0.0,0.0,0.0
1564,2019-09-04 04:00:00,0.0,0.0,0.0,0.0
1565,2019-09-04 05:00:00,0.0,0.0,0.0,0.0
1566,2019-09-04 06:00:00,0.0,0.0,0.0,0.0
1567,2019-09-04 07:00:00,0.0,333.46000000000004,0.0,0.0
1568,2019-09-04 08:00:00,0.0,0.0,0.0,0.0
1569,2019-09-04 09:00:00,0.0,0.0,0.0,0.0
1570,2019-09-04 10:00:00,0.0,0.0,0.0,0.0
1571,2019-09-04 11:00:00,0.0,0.0,0.0,0.0
1572,2019-09-04 12:00:00,0.0,0.0,0.0,0.0
1573,2019-09-04 13:00:00,0.0,0.0,0.0,0.0
1574,2019-09-04 14:00:00,0.0,0.0,0.0,0.0
1575,2019-09-04 15:00:00,0.0,0.0,0.0,0.0
1576,2019-09-04 16:00:00,0.0,0.0,0.0,0.0
1577,2019-09-04 17:00:00,0.0,0.0,0.0,0.0
1578,2019-09-04 18:00:00,0.0,0.0,0.0,0.0
1579,2019-09-04 19:00:00,0.0,309.7066666666666,0.0,0.0
1580,2019-09-04 20:00:00,0.0,314.0,0.0,0.0
1581,2019-09-04 21:00:00,0.0,0.0,0.0,0.0
1582,2019-09-04 22:00:00,0.0,0.0,0.0,0.0
1583,2019-09-04 23:00:00,0.0,0.0,0.0,0.0
1584,2019-09-05 00:00:00,0.0,0.0,0.0,0.0
1585,2019-09-05 01:00:00,0.0,0.0,0.0,0.0
1586,2019-09-05 02:00:00,0.0,0.0,0.0,0.0
1587,2019-09-05 03:00:00,0.0,0.0,0.0,0.0
1588,2019-09-05 04:00:00,0.0,0.0,0.0,0.0
1589,2019-09-05 05:00:00,0.0,0.0,0.0,0.0
1590,2019-09-05 06:00:00,0.0,0.0,0.0,0.0
1591,2019-09-05 07:00:00,0.0,336.75,0.0,0.0
1592,2019-09-05 08:00:00,0.0,330.4,0.0,0.0
1593,2019-09-05 09:00:00,0.0,0.0,0.0,0.0
1594,2019-09-05 10:00:00,0.0,0.0,0.0,0.0
1595,2019-09-05 11:00:00,0.0,0.0,0.0,0.0
1596,2019-09-05 12:00:00,0.0,0.0,0.0,0.0
1597,2019-09-05 13:00:00,0.0,0.0,0.0,0.0
1598,2019-09-05 14:00:00,0.0,0.0,0.0,0.0
1599,2019-09-05 15:00:00,0.0,0.0,0.0,0.0
1600,2019-09-05 16:00:00,0.0,0.0,0.0,0.0
1601,2019-09-05 17:00:00,0.0,0.0,0.0,0.0
1602,2019-09-05 18:00:00,0.0,0.0,0.0,0.0
1603,2019-09-05 19:00:00,0.0,309.9755102040816,0.0,0.0
1604,2019-09-05 20:00:00,0.0,0.0,0.0,0.0
1605,2019-09-05 21:00:00,0.0,0.0,304.3,310.7
1606,2019-09-05 22:00:00,0.0,0.0,0.0,0.0
1607,2019-09-05 23:00:00,0.0,0.0,0.0,0.0
1608,2019-09-06 00:00:00,0.0,0.0,0.0,0.0
1609,2019-09-06 01:00:00,0.0,0.0,0.0,0.0
1610,2019-09-06 02:00:00,0.0,0.0,0.0,0.0
1611,2019-09-06 03:00:00,0.0,0.0,0.0,0.0
1612,2019-09-06 04:00:00,0.0,0.0,0.0,0.0
1613,2019-09-06 05:00:00,0.0,0.0,0.0,0.0
1614,2019-09-06 06:00:00,0.0,335.46000000000004,0.0,0.0
1615,2019-09-06 07:00:00,0.0,0.0,0.0,0.0
1616,2019-09-06 08:00:00,0.0,335.825,338.05,0.0
1617,2019-09-06 09:00:00,0.0,0.0,0.0,0.0
1618,2019-09-06 10:00:00,0.0,0.0,0.0,0.0
1619,2019-09-06 11:00:00,0.0,0.0,0.0,0.0
1620,2019-09-06 12:00:00,0.0,0.0,0.0,0.0
1621,2019-09-06 13:00:00,0.0,0.0,0.0,0.0
1622,2019-09-06 14:00:00,0.0,0.0,0.0,0.0
1623,2019-09-06 15:00:00,0.0,0.0,0.0,0.0
1624,2019-09-06 16:00:00,0.0,0.0,0.0,0.0
1625,2019-09-06 17:00:00,0.0,0.0,0.0,0.0
1626,2019-09-06 18:00:00,0.0,0.0,0.0,0.0
1627,2019-09-06 19:00:00,0.0,306.0384615384616,0.0,0.0
1628,2019-09-06 20:00:00,0.0,303.02727272727276,303.5,306.2
1629,2019-09-06 21:00:00,0.0,307.3,304.8666666666666,0.0
1630,2019-09-06 22:00:00,0.0,0.0,0.0,0.0
1631,2019-09-06 23:00:00,0.0,0.0,0.0,0.0
1632,2019-09-07 00:00:00,0.0,0.0,0.0,0.0
1633,2019-09-07 01:00:00,0.0,0.0,0.0,0.0
1634,2019-09-07 02:00:00,0.0,0.0,0.0,0.0
1635,2019-09-07 03:00:00,0.0,0.0,0.0,0.0
1636,2019-09-07 04:00:00,0.0,0.0,0.0,0.0
1637,2019-09-07 05:00:00,0.0,0.0,0.0,0.0
1638,2019-09-07 06:00:00,0.0,328.37142857142857,0.0,0.0
1639,2019-09-07 07:00:00,0.0,0.0,0.0,0.0
1640,2019-09-07 08:00:00,0.0,336.6,0.0,0.0
1641,2019-09-07 09:00:00,0.0,0.0,0.0,0.0
1642,2019-09-07 10:00:00,0.0,0.0,0.0,0.0
1643,2019-09-07 11:00:00,0.0,0.0,0.0,0.0
1644,2019-09-07 12:00:00,0.0,0.0,0.0,0.0
1645,2019-09-07 13:00:00,0.0,0.0,0.0,0.0
1646,2019-09-07 14:00:00,0.0,0.0,0.0,0.0
1647,2019-09-07 15:00:00,0.0,0.0,0.0,0.0
1648,2019-09-07 16:00:00,0.0,0.0,0.0,0.0
1649,2019-09-07 17:00:00,0.0,0.0,0.0,0.0
1650,2019-09-07 18:00:00,0.0,304.26666666666665,0.0,0.0
1651,2019-09-07 19:00:00,0.0,0.0,0.0,0.0
1652,2019-09-07 20:00:00,0.0,303.1,309.96,300.23333333333335
1653,2019-09-07 21:00:00,0.0,0.0,0.0,0.0
1654,2019-09-07 22:00:00,0.0,0.0,0.0,0.0
1655,2019-09-07 23:00:00,0.0,0.0,0.0,0.0
1656,2019-09-08 00:00:00,0.0,0.0,0.0,0.0
1657,2019-09-08 01:00:00,0.0,0.0,0.0,0.0
1658,2019-09-08 02:00:00,0.0,0.0,0.0,0.0
1659,2019-09-08 03:00:00,0.0,0.0,0.0,0.0
1660,2019-09-08 04:00:00,0.0,0.0,0.0,0.0
1661,2019-09-08 05:00:00,0.0,0.0,0.0,0.0
1662,2019-09-08 06:00:00,0.0,0.0,0.0,0.0
1663,2019-09-08 07:00:00,0.0,338.10714285714283,0.0,331.7
1664,2019-09-08 08:00:00,0.0,0.0,0.0,0.0
1665,2019-09-08 09:00:00,0.0,0.0,0.0,0.0
1666,2019-09-08 10:00:00,0.0,0.0,0.0,0.0
1667,2019-09-08 11:00:00,0.0,0.0,0.0,0.0
1668,2019-09-08 12:00:00,0.0,0.0,0.0,0.0
1669,2019-09-08 13:00:00,0.0,0.0,0.0,0.0
1670,2019-09-08 14:00:00,0.0,0.0,0.0,0.0
1671,2019-09-08 15:00:00,0.0,0.0,0.0,0.0
1672,2019-09-08 16:00:00,0.0,0.0,0.0,0.0
1673,2019-09-08 17:00:00,0.0,0.0,0.0,0.0
1674,2019-09-08 18:00:00,0.0,0.0,0.0,0.0
1675,2019-09-08 19:00:00,0.0,0.0,0.0,0.0
1676,2019-09-08 20:00:00,0.0,304.25,301.21666666666664,313.75
1677,2019-09-08 21:00:00,0.0,0.0,0.0,0.0
1678,2019-09-08 22:00:00,0.0,0.0,0.0,0.0
1679,2019-09-08 23:00:00,0.0,0.0,0.0,0.0
1680,2019-09-09 00:00:00,0.0,0.0,0.0,0.0
1681,2019-09-09 01:00:00,0.0,0.0,0.0,0.0
1682,2019-09-09 02:00:00,0.0,0.0,0.0,0.0
1683,2019-09-09 03:00:00,0.0,0.0,0.0,0.0
1684,2019-09-09 04:00:00,0.0,0.0,0.0,0.0
1685,2019-09-09 05:00:00,0.0,0.0,0.0,0.0
1686,2019-09-09 06:00:00,0.0,0.0,0.0,0.0
1687,2019-09-09 07:00:00,0.0,337.5083333333333,0.0,331.1
1688,2019-09-09 08:00:00,0.0,0.0,0.0,0.0
1689,2019-09-09 09:00:00,0.0,0.0,0.0,0.0
1690,2019-09-09 10:00:00,0.0,0.0,0.0,0.0
1691,2019-09-09 11:00:00,0.0,0.0,0.0,0.0
1692,2019-09-09 12:00:00,0.0,0.0,0.0,0.0
1693,2019-09-09 13:00:00,0.0,0.0,0.0,0.0
1694,2019-09-09 14:00:00,0.0,0.0,0.0,0.0
1695,2019-09-09 15:00:00,0.0,0.0,0.0,0.0
1696,2019-09-09 16:00:00,0.0,0.0,0.0,0.0
1697,2019-09-09 17:00:00,0.0,0.0,0.0,0.0
1698,2019-09-09 18:00:00,0.0,0.0,0.0,0.0
1699,2019-09-09 19:00:00,0.0,0.0,0.0,0.0
1700,2019-09-09 20:00:00,0.0,304.5614035087719,302.9,303.93333333333334
1701,2019-09-09 21:00:00,0.0,0.0,0.0,310.8
1702,2019-09-09 22:00:00,0.0,0.0,0.0,0.0
1703,2019-09-09 23:00:00,0.0,0.0,0.0,0.0
1704,2019-09-10 00:00:00,0.0,0.0,0.0,0.0
1705,2019-09-10 01:00:00,0.0,0.0,0.0,0.0
1706,2019-09-10 02:00:00,0.0,0.0,0.0,0.0
1707,2019-09-10 03:00:00,0.0,0.0,0.0,0.0
1708,2019-09-10 04:00:00,0.0,0.0,0.0,0.0
1709,2019-09-10 05:00:00,0.0,0.0,0.0,0.0
1710,2019-09-10 06:00:00,0.0,0.0,0.0,0.0
1711,2019-09-10 07:00:00,0.0,335.5285714285714,0.0,354.0
1712,2019-09-10 08:00:00,0.0,338.05,0.0,333.4
1713,2019-09-10 09:00:00,0.0,0.0,0.0,0.0
1714,2019-09-10 10:00:00,0.0,0.0,0.0,0.0
1715,2019-09-10 11:00:00,0.0,0.0,0.0,0.0
1716,2019-09-10 12:00:00,0.0,0.0,0.0,0.0
1717,2019-09-10 13:00:00,0.0,0.0,0.0,0.0
1718,2019-09-10 14:00:00,0.0,0.0,0.0,0.0
1719,2019-09-10 15:00:00,0.0,0.0,0.0,0.0
1720,2019-09-10 16:00:00,0.0,0.0,0.0,0.0
1721,2019-09-10 17:00:00,0.0,0.0,0.0,0.0
1722,2019-09-10 18:00:00,0.0,0.0,0.0,0.0
1723,2019-09-10 19:00:00,0.0,310.0698412698413,297.75714285714287,0.0
1724,2019-09-10 20:00:00,0.0,0.0,0.0,0.0
1725,2019-09-10 21:00:00,0.0,0.0,301.5,307.4666666666667
1726,2019-09-10 22:00:00,0.0,0.0,0.0,0.0
1727,2019-09-10 23:00:00,0.0,0.0,0.0,0.0
1728,2019-09-11 00:00:00,0.0,0.0,0.0,0.0
1729,2019-09-11 01:00:00,0.0,0.0,0.0,0.0
1730,2019-09-11 02:00:00,0.0,0.0,0.0,0.0
1731,2019-09-11 03:00:00,0.0,0.0,0.0,0.0
1732,2019-09-11 04:00:00,0.0,0.0,0.0,0.0
1733,2019-09-11 05:00:00,0.0,0.0,0.0,0.0
1734,2019-09-11 06:00:00,0.0,338.65,0.0,0.0
1735,2019-09-11 07:00:00,0.0,0.0,0.0,0.0
1736,2019-09-11 08:00:00,338.3,0.0,0.0,333.15
1737,2019-09-11 09:00:00,0.0,0.0,0.0,0.0
1738,2019-09-11 10:00:00,0.0,0.0,0.0,0.0
1739,2019-09-11 11:00:00,0.0,0.0,0.0,0.0
1740,2019-09-11 12:00:00,0.0,0.0,0.0,0.0
1741,2019-09-11 13:00:00,0.0,0.0,0.0,0.0
1742,2019-09-11 14:00:00,0.0,0.0,0.0,0.0
1743,2019-09-11 15:00:00,0.0,0.0,0.0,0.0
1744,2019-09-11 16:00:00,0.0,0.0,0.0,0.0
1745,2019-09-11 17:00:00,0.0,0.0,0.0,0.0
1746,2019-09-11 18:00:00,0.0,0.0,0.0,0.0
1747,2019-09-11 19:00:00,0.0,306.80909090909086,0.0,0.0
1748,2019-09-11 20:00:00,0.0,0.0,0.0,0.0
1749,2019-09-11 21:00:00,0.0,0.0,302.9,303.2666666666667
1750,2019-09-11 22:00:00,0.0,0.0,0.0,0.0
1751,2019-09-11 23:00:00,0.0,0.0,0.0,0.0
1752,2019-09-12 00:00:00,0.0,0.0,0.0,0.0
1753,2019-09-12 01:00:00,0.0,0.0,0.0,0.0
1754,2019-09-12 02:00:00,0.0,0.0,0.0,0.0
1755,2019-09-12 03:00:00,0.0,0.0,0.0,0.0
1756,2019-09-12 04:00:00,0.0,0.0,0.0,0.0
1757,2019-09-12 05:00:00,0.0,0.0,0.0,0.0
1758,2019-09-12 06:00:00,0.0,0.0,0.0,0.0
1759,2019-09-12 07:00:00,0.0,0.0,0.0,0.0
1760,2019-09-12 08:00:00,0.0,336.1,334.16666666666663,334.7
1761,2019-09-12 09:00:00,0.0,0.0,0.0,0.0
1762,2019-09-12 10:00:00,0.0,0.0,0.0,0.0
1763,2019-09-12 11:00:00,0.0,0.0,0.0,0.0
1764,2019-09-12 12:00:00,0.0,0.0,0.0,0.0
1765,2019-09-12 13:00:00,0.0,0.0,0.0,0.0
1766,2019-09-12 14:00:00,0.0,0.0,0.0,0.0
1767,2019-09-12 15:00:00,0.0,0.0,0.0,0.0
1768,2019-09-12 16:00:00,0.0,0.0,0.0,0.0
1769,2019-09-12 17:00:00,0.0,0.0,0.0,0.0
1770,2019-09-12 18:00:00,0.0,0.0,0.0,0.0
1771,2019-09-12 19:00:00,0.0,0.0,0.0,0.0
1772,2019-09-12 20:00:00,0.0,0.0,303.2,306.6
1773,2019-09-12 21:00:00,0.0,0.0,0.0,0.0
1774,2019-09-12 22:00:00,0.0,0.0,0.0,0.0
1775,2019-09-12 23:00:00,0.0,0.0,0.0,0.0
1776,2019-09-13 00:00:00,0.0,0.0,0.0,0.0
1777,2019-09-13 01:00:00,0.0,0.0,0.0,0.0
1778,2019-09-13 02:00:00,0.0,0.0,0.0,0.0
1779,2019-09-13 03:00:00,0.0,0.0,0.0,0.0
1780,2019-09-13 04:00:00,0.0,0.0,0.0,0.0
1781,2019-09-13 05:00:00,0.0,0.0,0.0,0.0
1782,2019-09-13 06:00:00,0.0,0.0,0.0,0.0
1783,2019-09-13 07:00:00,0.0,337.46,0.0,0.0
1784,2019-09-13 08:00:00,0.0,336.32500000000005,0.0,335.22727272727275
1785,2019-09-13 09:00:00,0.0,0.0,0.0,0.0
1786,2019-09-13 10:00:00,0.0,0.0,0.0,0.0
1787,2019-09-13 11:00:00,0.0,0.0,0.0,0.0
1788,2019-09-13 12:00:00,0.0,0.0,0.0,0.0
1789,2019-09-13 13:00:00,0.0,0.0,0.0,0.0
1790,2019-09-13 14:00:00,0.0,0.0,0.0,0.0
1791,2019-09-13 15:00:00,0.0,0.0,0.0,0.0
1792,2019-09-13 16:00:00,0.0,0.0,0.0,0.0
1793,2019-09-13 17:00:00,0.0,0.0,0.0,0.0
1794,2019-09-13 18:00:00,0.0,0.0,0.0,0.0
1795,2019-09-13 19:00:00,0.0,0.0,0.0,0.0
1796,2019-09-13 20:00:00,0.0,309.0037735849056,303.9,310.3833333333333
1797,2019-09-13 21:00:00,0.0,0.0,0.0,0.0
1798,2019-09-13 22:00:00,0.0,0.0,0.0,0.0
1799,2019-09-13 23:00:00,0.0,0.0,0.0,0.0
1800,2019-09-14 00:00:00,0.0,0.0,0.0,0.0
1801,2019-09-14 01:00:00,0.0,0.0,0.0,0.0
1802,2019-09-14 02:00:00,0.0,0.0,0.0,0.0
1803,2019-09-14 03:00:00,0.0,0.0,0.0,0.0
1804,2019-09-14 04:00:00,0.0,0.0,0.0,0.0
1805,2019-09-14 05:00:00,0.0,0.0,0.0,0.0
1806,2019-09-14 06:00:00,0.0,0.0,0.0,0.0
1807,2019-09-14 07:00:00,0.0,335.3684210526316,339.7,335.725
1808,2019-09-14 08:00:00,0.0,0.0,0.0,0.0
1809,2019-09-14 09:00:00,0.0,0.0,0.0,0.0
1810,2019-09-14 10:00:00,0.0,0.0,0.0,0.0
1811,2019-09-14 11:00:00,0.0,0.0,0.0,0.0
1812,2019-09-14 12:00:00,0.0,0.0,0.0,0.0
1813,2019-09-14 13:00:00,0.0,0.0,0.0,0.0
1814,2019-09-14 14:00:00,0.0,0.0,0.0,0.0
1815,2019-09-14 15:00:00,0.0,0.0,0.0,0.0
1816,2019-09-14 16:00:00,0.0,0.0,0.0,0.0
1817,2019-09-14 17:00:00,0.0,0.0,0.0,0.0
1818,2019-09-14 18:00:00,0.0,0.0,0.0,0.0
1819,2019-09-14 19:00:00,0.0,0.0,0.0,0.0
1820,2019-09-14 20:00:00,0.0,311.0121951219513,313.20000000000005,313.9
1821,2019-09-14 21:00:00,0.0,0.0,297.75,0.0
1822,2019-09-14 22:00:00,0.0,0.0,0.0,0.0
1823,2019-09-14 23:00:00,0.0,0.0,0.0,0.0
1824,2019-09-15 00:00:00,0.0,0.0,0.0,0.0
1825,2019-09-15 01:00:00,0.0,0.0,0.0,0.0
1826,2019-09-15 02:00:00,0.0,0.0,0.0,0.0
1827,2019-09-15 03:00:00,0.0,0.0,0.0,0.0
1828,2019-09-15 04:00:00,0.0,0.0,0.0,0.0
1829,2019-09-15 05:00:00,0.0,0.0,0.0,0.0
1830,2019-09-15 06:00:00,0.0,0.0,0.0,0.0
1831,2019-09-15 07:00:00,0.0,335.7428571428571,0.0,341.9333333333334
1832,2019-09-15 08:00:00,0.0,0.0,0.0,0.0
1833,2019-09-15 09:00:00,0.0,0.0,342.6,335.6
1834,2019-09-15 10:00:00,0.0,0.0,0.0,0.0
1835,2019-09-15 11:00:00,0.0,0.0,0.0,0.0
1836,2019-09-15 12:00:00,0.0,0.0,0.0,0.0
1837,2019-09-15 13:00:00,0.0,0.0,0.0,0.0
1838,2019-09-15 14:00:00,0.0,0.0,0.0,0.0
1839,2019-09-15 15:00:00,0.0,0.0,0.0,0.0
1840,2019-09-15 16:00:00,0.0,0.0,0.0,0.0
1841,2019-09-15 17:00:00,0.0,0.0,0.0,0.0
1842,2019-09-15 18:00:00,0.0,0.0,0.0,0.0
1843,2019-09-15 19:00:00,300.2,310.5753623188405,302.15,336.0
1844,2019-09-15 20:00:00,0.0,0.0,0.0,0.0
1845,2019-09-15 21:00:00,0.0,0.0,311.45000000000005,301.4
1846,2019-09-15 22:00:00,0.0,0.0,0.0,0.0
1847,2019-09-15 23:00:00,0.0,0.0,0.0,0.0
1848,2019-09-16 00:00:00,0.0,0.0,0.0,0.0
1849,2019-09-16 01:00:00,0.0,0.0,0.0,0.0
1850,2019-09-16 02:00:00,0.0,0.0,0.0,0.0
1851,2019-09-16 03:00:00,0.0,0.0,0.0,0.0
1852,2019-09-16 04:00:00,0.0,0.0,0.0,0.0
1853,2019-09-16 05:00:00,0.0,0.0,0.0,0.0
1854,2019-09-16 06:00:00,0.0,0.0,0.0,0.0
1855,2019-09-16 07:00:00,0.0,333.7714285714286,0.0,328.2
1856,2019-09-16 08:00:00,0.0,338.2,334.1,330.32
1857,2019-09-16 09:00:00,0.0,0.0,0.0,0.0
1858,2019-09-16 10:00:00,0.0,0.0,0.0,0.0
1859,2019-09-16 11:00:00,0.0,0.0,0.0,0.0
1860,2019-09-16 12:00:00,0.0,0.0,0.0,0.0
1861,2019-09-16 13:00:00,0.0,0.0,0.0,0.0
1862,2019-09-16 14:00:00,0.0,0.0,0.0,0.0
1863,2019-09-16 15:00:00,0.0,0.0,0.0,0.0
1864,2019-09-16 16:00:00,0.0,0.0,0.0,0.0
1865,2019-09-16 17:00:00,0.0,0.0,0.0,0.0
1866,2019-09-16 18:00:00,0.0,0.0,0.0,0.0
1867,2019-09-16 19:00:00,0.0,311.34634146341466,0.0,0.0
1868,2019-09-16 20:00:00,0.0,0.0,0.0,0.0
1869,2019-09-16 21:00:00,0.0,0.0,307.55,315.3
1870,2019-09-16 22:00:00,0.0,0.0,0.0,0.0
1871,2019-09-16 23:00:00,0.0,0.0,0.0,0.0
1872,2019-09-17 00:00:00,0.0,0.0,0.0,0.0
1873,2019-09-17 01:00:00,0.0,0.0,0.0,0.0
1874,2019-09-17 02:00:00,0.0,0.0,0.0,0.0
1875,2019-09-17 03:00:00,0.0,0.0,0.0,0.0
1876,2019-09-17 04:00:00,0.0,0.0,0.0,0.0
1877,2019-09-17 05:00:00,0.0,0.0,0.0,0.0
1878,2019-09-17 06:00:00,0.0,334.34000000000003,0.0,0.0
1879,2019-09-17 07:00:00,0.0,0.0,0.0,0.0
1880,2019-09-17 08:00:00,0.0,339.8666666666666,334.6833333333334,340.31794871794864
1881,2019-09-17 09:00:00,0.0,0.0,0.0,0.0
1882,2019-09-17 10:00:00,0.0,0.0,0.0,0.0
1883,2019-09-17 11:00:00,0.0,0.0,0.0,0.0
1884,2019-09-17 12:00:00,0.0,0.0,0.0,0.0
1885,2019-09-17 13:00:00,0.0,0.0,0.0,0.0
1886,2019-09-17 14:00:00,0.0,0.0,0.0,0.0
1887,2019-09-17 15:00:00,0.0,0.0,0.0,0.0
1888,2019-09-17 16:00:00,0.0,0.0,0.0,0.0
1889,2019-09-17 17:00:00,0.0,0.0,0.0,0.0
1890,2019-09-17 18:00:00,0.0,0.0,0.0,0.0
1891,2019-09-17 19:00:00,0.0,308.9864864864865,0.0,0.0
1892,2019-09-17 20:00:00,0.0,305.04999999999995,309.78000000000003,311.23333333333335
1893,2019-09-17 21:00:00,0.0,0.0,0.0,0.0
1894,2019-09-17 22:00:00,0.0,0.0,0.0,0.0
1895,2019-09-17 23:00:00,0.0,0.0,0.0,0.0
1896,2019-09-18 00:00:00,0.0,0.0,0.0,0.0
1897,2019-09-18 01:00:00,0.0,0.0,0.0,0.0
1898,2019-09-18 02:00:00,0.0,0.0,0.0,0.0
1899,2019-09-18 03:00:00,0.0,0.0,0.0,0.0
1900,2019-09-18 04:00:00,0.0,0.0,0.0,0.0
1901,2019-09-18 05:00:00,0.0,0.0,0.0,0.0
1902,2019-09-18 06:00:00,0.0,333.9666666666667,0.0,0.0
1903,2019-09-18 07:00:00,0.0,0.0,0.0,0.0
1904,2019-09-18 08:00:00,0.0,336.5,336.0,336.4878787878788
1905,2019-09-18 09:00:00,0.0,0.0,0.0,0.0
1906,2019-09-18 10:00:00,0.0,0.0,0.0,0.0
1907,2019-09-18 11:00:00,0.0,0.0,0.0,0.0
1908,2019-09-18 12:00:00,0.0,0.0,0.0,0.0
1909,2019-09-18 13:00:00,0.0,0.0,0.0,0.0
1910,2019-09-18 14:00:00,0.0,0.0,0.0,0.0
1911,2019-09-18 15:00:00,0.0,0.0,0.0,0.0
1912,2019-09-18 16:00:00,0.0,0.0,0.0,0.0
1913,2019-09-18 17:00:00,0.0,0.0,0.0,0.0
1914,2019-09-18 18:00:00,0.0,309.125,0.0,0.0
1915,2019-09-18 19:00:00,0.0,0.0,0.0,0.0
1916,2019-09-18 20:00:00,305.5,308.00659340659354,306.7,310.3625
1917,2019-09-18 21:00:00,0.0,0.0,0.0,0.0
1918,2019-09-18 22:00:00,0.0,0.0,0.0,0.0
1919,2019-09-18 23:00:00,0.0,0.0,0.0,0.0
1920,2019-09-19 00:00:00,0.0,0.0,0.0,0.0
1921,2019-09-19 01:00:00,0.0,0.0,0.0,0.0
1922,2019-09-19 02:00:00,0.0,0.0,0.0,0.0
1923,2019-09-19 03:00:00,0.0,0.0,0.0,0.0
1924,2019-09-19 04:00:00,0.0,0.0,0.0,0.0
1925,2019-09-19 05:00:00,0.0,0.0,0.0,0.0
1926,2019-09-19 06:00:00,0.0,328.65,0.0,0.0
1927,2019-09-19 07:00:00,0.0,335.01578947368415,338.76666666666665,342.36
1928,2019-09-19 08:00:00,0.0,0.0,0.0,0.0
1929,2019-09-19 09:00:00,0.0,0.0,0.0,0.0
1930,2019-09-19 10:00:00,0.0,0.0,0.0,0.0
1931,2019-09-19 11:00:00,0.0,0.0,0.0,0.0
1932,2019-09-19 12:00:00,0.0,0.0,0.0,0.0
1933,2019-09-19 13:00:00,0.0,0.0,0.0,0.0
1934,2019-09-19 14:00:00,0.0,0.0,0.0,0.0
1935,2019-09-19 15:00:00,0.0,0.0,0.0,0.0
1936,2019-09-19 16:00:00,0.0,0.0,0.0,0.0
1937,2019-09-19 17:00:00,0.0,0.0,0.0,0.0
1938,2019-09-19 18:00:00,0.0,309.3,0.0,0.0
1939,2019-09-19 19:00:00,0.0,0.0,0.0,0.0
1940,2019-09-19 20:00:00,308.9,312.1982142857142,304.325,305.8
1941,2019-09-19 21:00:00,0.0,0.0,302.8,0.0
1942,2019-09-19 22:00:00,0.0,0.0,0.0,0.0
1943,2019-09-19 23:00:00,0.0,0.0,0.0,0.0
1944,2019-09-20 00:00:00,0.0,0.0,0.0,0.0
1945,2019-09-20 01:00:00,0.0,0.0,0.0,0.0
1946,2019-09-20 02:00:00,0.0,0.0,0.0,0.0
1947,2019-09-20 03:00:00,0.0,0.0,0.0,0.0
1948,2019-09-20 04:00:00,0.0,0.0,0.0,0.0
1949,2019-09-20 05:00:00,0.0,0.0,0.0,0.0
1950,2019-09-20 06:00:00,0.0,0.0,0.0,0.0
1951,2019-09-20 07:00:00,329.8,335.65238095238095,326.3,334.68333333333334
1952,2019-09-20 08:00:00,0.0,0.0,0.0,0.0
1953,2019-09-20 09:00:00,0.0,0.0,0.0,0.0
1954,2019-09-20 10:00:00,0.0,0.0,0.0,0.0
1955,2019-09-20 11:00:00,0.0,0.0,0.0,0.0
1956,2019-09-20 12:00:00,0.0,0.0,0.0,0.0
1957,2019-09-20 13:00:00,0.0,0.0,0.0,0.0
1958,2019-09-20 14:00:00,0.0,0.0,0.0,0.0
1959,2019-09-20 15:00:00,0.0,0.0,0.0,0.0
1960,2019-09-20 16:00:00,0.0,0.0,0.0,0.0
1961,2019-09-20 17:00:00,0.0,0.0,0.0,0.0
1962,2019-09-20 18:00:00,0.0,0.0,0.0,0.0
1963,2019-09-20 19:00:00,0.0,313.03595041322296,307.08000000000004,0.0
1964,2019-09-20 20:00:00,0.0,303.5,0.0,0.0
1965,2019-09-20 21:00:00,0.0,0.0,313.1125,0.0
1966,2019-09-20 22:00:00,0.0,0.0,0.0,0.0
1967,2019-09-20 23:00:00,0.0,0.0,0.0,0.0
1968,2019-09-21 00:00:00,0.0,0.0,0.0,0.0
1969,2019-09-21 01:00:00,0.0,0.0,0.0,0.0
1970,2019-09-21 02:00:00,0.0,0.0,0.0,0.0
1971,2019-09-21 03:00:00,0.0,0.0,0.0,0.0
1972,2019-09-21 04:00:00,0.0,0.0,0.0,0.0
1973,2019-09-21 05:00:00,0.0,0.0,0.0,0.0
1974,2019-09-21 06:00:00,0.0,0.0,0.0,0.0
1975,2019-09-21 07:00:00,0.0,335.11111111111126,0.0,335.3875
1976,2019-09-21 08:00:00,0.0,342.70000000000005,332.5,336.97777777777776
1977,2019-09-21 09:00:00,0.0,0.0,0.0,0.0
1978,2019-09-21 10:00:00,0.0,0.0,0.0,0.0
1979,2019-09-21 11:00:00,0.0,0.0,0.0,0.0
1980,2019-09-21 12:00:00,0.0,0.0,0.0,0.0
1981,2019-09-21 13:00:00,0.0,0.0,0.0,0.0
1982,2019-09-21 14:00:00,0.0,0.0,0.0,0.0
1983,2019-09-21 15:00:00,0.0,0.0,0.0,0.0
1984,2019-09-21 16:00:00,0.0,0.0,0.0,0.0
1985,2019-09-21 17:00:00,0.0,0.0,0.0,0.0
1986,2019-09-21 18:00:00,0.0,0.0,0.0,0.0
1987,2019-09-21 19:00:00,0.0,312.1603053435113,0.0,0.0
1988,2019-09-21 20:00:00,0.0,0.0,0.0,0.0
1989,2019-09-21 21:00:00,0.0,0.0,304.1,317.25
1990,2019-09-21 22:00:00,0.0,0.0,0.0,0.0
1991,2019-09-21 23:00:00,0.0,0.0,0.0,0.0
1992,2019-09-22 00:00:00,0.0,0.0,0.0,0.0
1993,2019-09-22 01:00:00,0.0,0.0,0.0,0.0
1994,2019-09-22 02:00:00,0.0,0.0,0.0,0.0
1995,2019-09-22 03:00:00,0.0,0.0,0.0,0.0
1996,2019-09-22 04:00:00,0.0,0.0,0.0,0.0
1997,2019-09-22 05:00:00,0.0,0.0,0.0,0.0
1998,2019-09-22 06:00:00,0.0,332.90000000000003,0.0,0.0
1999,2019-09-22 07:00:00,0.0,0.0,0.0,0.0
2000,2019-09-22 08:00:00,0.0,333.9,336.45000000000005,336.901754385965
2001,2019-09-22 09:00:00,0.0,0.0,0.0,0.0
2002,2019-09-22 10:00:00,0.0,0.0,0.0,0.0
2003,2019-09-22 11:00:00,0.0,0.0,0.0,0.0
2004,2019-09-22 12:00:00,0.0,0.0,0.0,0.0
2005,2019-09-22 13:00:00,0.0,0.0,0.0,0.0
2006,2019-09-22 14:00:00,0.0,0.0,0.0,0.0
2007,2019-09-22 15:00:00,0.0,0.0,0.0,0.0
2008,2019-09-22 16:00:00,0.0,0.0,0.0,0.0
2009,2019-09-22 17:00:00,0.0,0.0,0.0,0.0
2010,2019-09-22 18:00:00,0.0,0.0,0.0,0.0
2011,2019-09-22 19:00:00,0.0,308.50958904109604,0.0,0.0
2012,2019-09-22 20:00:00,0.0,304.0333333333333,307.35,305.35
2013,2019-09-22 21:00:00,0.0,304.2125,320.16153846153844,0.0
2014,2019-09-22 22:00:00,0.0,0.0,0.0,0.0
2015,2019-09-22 23:00:00,0.0,0.0,0.0,0.0
2016,2019-09-23 00:00:00,0.0,0.0,0.0,0.0
2017,2019-09-23 01:00:00,0.0,0.0,0.0,0.0
2018,2019-09-23 02:00:00,0.0,0.0,0.0,0.0
2019,2019-09-23 03:00:00,0.0,0.0,0.0,0.0
2020,2019-09-23 04:00:00,0.0,0.0,0.0,0.0
2021,2019-09-23 05:00:00,0.0,0.0,0.0,0.0
2022,2019-09-23 06:00:00,0.0,327.2,0.0,0.0
2023,2019-09-23 07:00:00,0.0,0.0,0.0,0.0
2024,2019-09-23 08:00:00,0.0,335.13,332.62,336.0161764705881
2025,2019-09-23 09:00:00,0.0,0.0,0.0,0.0
2026,2019-09-23 10:00:00,0.0,0.0,0.0,0.0
2027,2019-09-23 11:00:00,0.0,0.0,0.0,0.0
2028,2019-09-23 12:00:00,0.0,0.0,0.0,0.0
2029,2019-09-23 13:00:00,0.0,0.0,0.0,0.0
2030,2019-09-23 14:00:00,0.0,0.0,0.0,0.0
2031,2019-09-23 15:00:00,0.0,0.0,0.0,0.0
2032,2019-09-23 16:00:00,0.0,0.0,0.0,0.0
2033,2019-09-23 17:00:00,0.0,0.0,0.0,0.0
2034,2019-09-23 18:00:00,0.0,0.0,0.0,0.0
2035,2019-09-23 19:00:00,0.0,301.0,0.0,0.0
2036,2019-09-23 20:00:00,306.3,300.51666666666665,311.66470588235296,311.0454545454545
2037,2019-09-23 21:00:00,0.0,0.0,0.0,0.0
2038,2019-09-23 22:00:00,0.0,0.0,0.0,0.0
2039,2019-09-23 23:00:00,0.0,0.0,0.0,0.0
2040,2019-09-24 00:00:00,0.0,0.0,0.0,0.0
2041,2019-09-24 01:00:00,0.0,0.0,0.0,0.0
2042,2019-09-24 02:00:00,0.0,0.0,0.0,0.0
2043,2019-09-24 03:00:00,0.0,0.0,0.0,0.0
2044,2019-09-24 04:00:00,0.0,0.0,0.0,0.0
2045,2019-09-24 05:00:00,0.0,0.0,0.0,0.0
2046,2019-09-24 06:00:00,0.0,0.0,0.0,0.0
2047,2019-09-24 07:00:00,0.0,331.3,336.04999999999995,336.68144329896916
2048,2019-09-24 08:00:00,0.0,0.0,0.0,0.0
2049,2019-09-24 09:00:00,0.0,0.0,0.0,0.0
2050,2019-09-24 10:00:00,0.0,0.0,0.0,0.0
2051,2019-09-24 11:00:00,0.0,0.0,0.0,0.0
2052,2019-09-24 12:00:00,0.0,0.0,0.0,0.0
2053,2019-09-24 13:00:00,0.0,0.0,0.0,0.0
2054,2019-09-24 14:00:00,0.0,0.0,0.0,0.0
2055,2019-09-24 15:00:00,0.0,0.0,0.0,0.0
2056,2019-09-24 16:00:00,0.0,0.0,0.0,0.0
2057,2019-09-24 17:00:00,0.0,0.0,0.0,0.0
2058,2019-09-24 18:00:00,0.0,0.0,0.0,0.0
2059,2019-09-24 19:00:00,0.0,0.0,0.0,0.0
2060,2019-09-24 20:00:00,308.7,308.2,302.7,305.35
2061,2019-09-24 21:00:00,0.0,0.0,0.0,0.0
2062,2019-09-24 22:00:00,0.0,0.0,0.0,0.0
2063,2019-09-24 23:00:00,0.0,0.0,0.0,0.0
2064,2019-09-25 00:00:00,0.0,0.0,0.0,0.0
2065,2019-09-25 01:00:00,0.0,0.0,0.0,0.0
2066,2019-09-25 02:00:00,0.0,0.0,0.0,0.0
2067,2019-09-25 03:00:00,0.0,0.0,0.0,0.0
2068,2019-09-25 04:00:00,0.0,0.0,0.0,0.0
2069,2019-09-25 05:00:00,0.0,0.0,0.0,0.0
2070,2019-09-25 06:00:00,0.0,0.0,0.0,0.0
2071,2019-09-25 07:00:00,0.0,0.0,0.0,335.3860465116279
2072,2019-09-25 08:00:00,0.0,0.0,0.0,0.0
2073,2019-09-25 09:00:00,0.0,0.0,0.0,0.0
2074,2019-09-25 10:00:00,0.0,0.0,0.0,0.0
2075,2019-09-25 11:00:00,0.0,0.0,0.0,0.0
2076,2019-09-25 12:00:00,0.0,0.0,0.0,0.0
2077,2019-09-25 13:00:00,0.0,0.0,0.0,0.0
2078,2019-09-25 14:00:00,0.0,0.0,0.0,0.0
2079,2019-09-25 15:00:00,0.0,0.0,0.0,0.0
2080,2019-09-25 16:00:00,0.0,0.0,0.0,0.0
2081,2019-09-25 17:00:00,0.0,0.0,0.0,0.0
2082,2019-09-25 18:00:00,0.0,0.0,0.0,0.0
2083,2019-09-25 19:00:00,0.0,0.0,0.0,0.0
2084,2019-09-25 20:00:00,307.6,301.02000000000004,0.0,326.32500000000005
2085,2019-09-25 21:00:00,0.0,0.0,0.0,0.0
2086,2019-09-25 22:00:00,0.0,0.0,0.0,0.0
2087,2019-09-25 23:00:00,0.0,0.0,0.0,0.0
2088,2019-09-26 00:00:00,0.0,0.0,0.0,0.0
2089,2019-09-26 01:00:00,0.0,0.0,0.0,0.0
2090,2019-09-26 02:00:00,0.0,0.0,0.0,0.0
2091,2019-09-26 03:00:00,0.0,0.0,0.0,0.0
2092,2019-09-26 04:00:00,0.0,0.0,0.0,0.0
2093,2019-09-26 05:00:00,0.0,0.0,0.0,0.0
2094,2019-09-26 06:00:00,0.0,0.0,0.0,0.0
2095,2019-09-26 07:00:00,0.0,326.2,0.0,330.925
2096,2019-09-26 08:00:00,0.0,0.0,0.0,334.04999999999995
2097,2019-09-26 09:00:00,0.0,0.0,0.0,0.0
2098,2019-09-26 10:00:00,0.0,0.0,0.0,0.0
2099,2019-09-26 11:00:00,0.0,0.0,0.0,0.0
2100,2019-09-26 12:00:00,0.0,0.0,0.0,0.0
2101,2019-09-26 13:00:00,0.0,0.0,0.0,0.0
2102,2019-09-26 14:00:00,0.0,0.0,0.0,0.0
2103,2019-09-26 15:00:00,0.0,0.0,0.0,0.0
2104,2019-09-26 16:00:00,0.0,0.0,0.0,0.0
2105,2019-09-26 17:00:00,0.0,0.0,0.0,0.0
2106,2019-09-26 18:00:00,0.0,0.0,0.0,0.0
2107,2019-09-26 19:00:00,0.0,302.1,0.0,328.6666666666667
2108,2019-09-26 20:00:00,0.0,0.0,0.0,0.0
2109,2019-09-26 21:00:00,0.0,0.0,0.0,311.9142857142857
2110,2019-09-26 22:00:00,0.0,0.0,0.0,0.0
2111,2019-09-26 23:00:00,0.0,0.0,0.0,0.0
2112,2019-09-27 00:00:00,0.0,0.0,0.0,0.0
2113,2019-09-27 01:00:00,0.0,0.0,0.0,0.0
2114,2019-09-27 02:00:00,0.0,0.0,0.0,0.0
2115,2019-09-27 03:00:00,0.0,0.0,0.0,0.0
2116,2019-09-27 04:00:00,0.0,0.0,0.0,0.0
2117,2019-09-27 05:00:00,0.0,0.0,0.0,0.0
2118,2019-09-27 06:00:00,326.9,331.0,0.0,350.75
2119,2019-09-27 07:00:00,0.0,0.0,0.0,0.0
2120,2019-09-27 08:00:00,0.0,336.65999999999997,0.0,335.6666666666667
2121,2019-09-27 09:00:00,0.0,0.0,0.0,0.0
2122,2019-09-27 10:00:00,0.0,0.0,0.0,0.0
2123,2019-09-27 11:00:00,0.0,0.0,0.0,0.0
2124,2019-09-27 12:00:00,0.0,0.0,0.0,0.0
2125,2019-09-27 13:00:00,0.0,0.0,0.0,0.0
2126,2019-09-27 14:00:00,0.0,0.0,0.0,0.0
2127,2019-09-27 15:00:00,0.0,0.0,0.0,0.0
2128,2019-09-27 16:00:00,0.0,0.0,0.0,0.0
2129,2019-09-27 17:00:00,0.0,0.0,0.0,0.0
2130,2019-09-27 18:00:00,0.0,0.0,0.0,0.0
2131,2019-09-27 19:00:00,0.0,308.3,0.0,0.0
2132,2019-09-27 20:00:00,0.0,0.0,0.0,0.0
2133,2019-09-27 21:00:00,0.0,297.5,301.9,308.9
2134,2019-09-27 22:00:00,0.0,0.0,0.0,0.0
2135,2019-09-27 23:00:00,0.0,0.0,0.0,0.0
2136,2019-09-28 00:00:00,0.0,0.0,0.0,0.0
2137,2019-09-28 01:00:00,0.0,0.0,0.0,0.0
2138,2019-09-28 02:00:00,0.0,0.0,0.0,0.0
2139,2019-09-28 03:00:00,0.0,0.0,0.0,0.0
2140,2019-09-28 04:00:00,0.0,0.0,0.0,0.0
2141,2019-09-28 05:00:00,0.0,0.0,0.0,0.0
2142,2019-09-28 06:00:00,0.0,0.0,0.0,0.0
2143,2019-09-28 07:00:00,0.0,0.0,0.0,0.0
2144,2019-09-28 08:00:00,0.0,336.2857142857143,336.3,336.25624999999997
2145,2019-09-28 09:00:00,0.0,0.0,0.0,0.0
2146,2019-09-28 10:00:00,0.0,0.0,0.0,0.0
2147,2019-09-28 11:00:00,0.0,0.0,0.0,0.0
2148,2019-09-28 12:00:00,0.0,0.0,0.0,0.0
2149,2019-09-28 13:00:00,0.0,0.0,0.0,0.0
2150,2019-09-28 14:00:00,0.0,0.0,0.0,0.0
2151,2019-09-28 15:00:00,0.0,0.0,0.0,0.0
2152,2019-09-28 16:00:00,0.0,0.0,0.0,0.0
2153,2019-09-28 17:00:00,0.0,0.0,0.0,0.0
2154,2019-09-28 18:00:00,0.0,0.0,0.0,0.0
2155,2019-09-28 19:00:00,0.0,0.0,0.0,0.0
2156,2019-09-28 20:00:00,0.0,303.8333333333333,305.95,305.0
2157,2019-09-28 21:00:00,0.0,0.0,0.0,0.0
2158,2019-09-28 22:00:00,0.0,0.0,0.0,0.0
2159,2019-09-28 23:00:00,0.0,0.0,0.0,0.0
2160,2019-09-29 00:00:00,0.0,0.0,0.0,0.0
2161,2019-09-29 01:00:00,0.0,0.0,0.0,0.0
2162,2019-09-29 02:00:00,0.0,0.0,0.0,0.0
2163,2019-09-29 03:00:00,0.0,0.0,0.0,0.0
2164,2019-09-29 04:00:00,0.0,0.0,0.0,0.0
2165,2019-09-29 05:00:00,0.0,0.0,0.0,0.0
2166,2019-09-29 06:00:00,0.0,0.0,0.0,0.0
2167,2019-09-29 07:00:00,0.0,337.95000000000005,342.8,0.0
2168,2019-09-29 08:00:00,0.0,0.0,332.6,335.6
2169,2019-09-29 09:00:00,0.0,0.0,0.0,0.0
2170,2019-09-29 10:00:00,0.0,0.0,0.0,0.0
2171,2019-09-29 11:00:00,0.0,0.0,0.0,0.0
2172,2019-09-29 12:00:00,0.0,0.0,0.0,0.0
2173,2019-09-29 13:00:00,0.0,0.0,0.0,0.0
2174,2019-09-29 14:00:00,0.0,0.0,0.0,0.0
2175,2019-09-29 15:00:00,0.0,0.0,0.0,0.0
2176,2019-09-29 16:00:00,0.0,0.0,0.0,0.0
2177,2019-09-29 17:00:00,0.0,0.0,0.0,0.0
2178,2019-09-29 18:00:00,0.0,303.04999999999995,0.0,0.0
2179,2019-09-29 19:00:00,0.0,0.0,0.0,0.0
2180,2019-09-29 20:00:00,0.0,302.4,304.2,303.7
2181,2019-09-29 21:00:00,0.0,0.0,0.0,0.0
2182,2019-09-29 22:00:00,0.0,0.0,0.0,0.0
2183,2019-09-29 23:00:00,0.0,0.0,0.0,0.0
2184,2019-09-30 00:00:00,0.0,0.0,0.0,0.0
2185,2019-09-30 01:00:00,0.0,0.0,0.0,0.0
2186,2019-09-30 02:00:00,0.0,0.0,0.0,0.0
2187,2019-09-30 03:00:00,0.0,0.0,0.0,0.0
2188,2019-09-30 04:00:00,0.0,0.0,0.0,0.0
2189,2019-09-30 05:00:00,0.0,0.0,0.0,0.0
2190,2019-09-30 06:00:00,0.0,0.0,0.0,0.0
2191,2019-09-30 07:00:00,0.0,342.1,0.0,333.64
2192,2019-09-30 08:00:00,0.0,0.0,0.0,0.0
2193,2019-09-30 09:00:00,0.0,0.0,0.0,0.0
2194,2019-09-30 10:00:00,0.0,0.0,0.0,0.0
2195,2019-09-30 11:00:00,0.0,0.0,0.0,0.0
2196,2019-09-30 12:00:00,0.0,0.0,0.0,0.0
2197,2019-09-30 13:00:00,0.0,0.0,0.0,0.0
2198,2019-09-30 14:00:00,0.0,0.0,0.0,0.0
2199,2019-09-30 15:00:00,0.0,0.0,0.0,0.0
2200,2019-09-30 16:00:00,0.0,0.0,0.0,0.0
2201,2019-09-30 17:00:00,0.0,0.0,0.0,0.0
2202,2019-09-30 18:00:00,0.0,0.0,0.0,0.0
2203,2019-09-30 19:00:00,0.0,0.0,0.0,0.0
2204,2019-09-30 20:00:00,303.45000000000005,310.04249999999985,308.2,302.6
2205,2019-09-30 21:00:00,0.0,0.0,0.0,0.0
2206,2019-09-30 22:00:00,0.0,0.0,0.0,0.0
2207,2019-09-30 23:00:00,0.0,0.0,0.0,0.0
